{"names":["v_CuyMHCcxqNc.mp4","v_D7aa0iuPlKc.mp4","v_D_XMD02v690.mp4","v_dAa10hlgxCY.mp4","v_dHBhJ7MRxPQ.mp4"],"durations":[159.614,125.342,194.514,228.392,33.925],"timestamps":[[[3.19,46.29],[21.55,35.91],[28.73,46.29],[36.71,56.66],[62.25,118.11],[135.67,155.62]],[[22.56,35.1],[9.4,35.1],[41.99,119.7],[77.71,119.7]],[[11.67,25.29],[11.67,189.65],[6.81,189.65],[35.01,150.75]],[[0,19.41],[19.41,51.39],[19.41,130.18],[45.68,63.95],[70.8,101.63],[170.15,228.39],[170.15,215.83]],[[0,7.12],[7.97,15.27],[17.13,25.27],[25.27,33.92]]],"paragraph":["A person begins mixing various ingredients into a bowl together. The person then grades lemon into the bowl and mixes them all together. Then the person adds flour and various spices to give the mixture flavor. Then the person blends the mixture together with a mixture. Then the entire components are put together in one bowl and cooked in the oven. 2 Hours later the mixture becomes a delicious cake to eat.","A group of marching band players begin playing in the shit. A large crowd gathers around them to watch the people play. The drummers begin playing together in unison. Their tempo picks up a bit and the crowd cheers on.","The video starts with two men wrestling and performing a large drop. The video then continues showing various two men performing the same wrestling move. The commentators continue to commentate on the move and be amazed. The crowd cheers in excitement.","A girl is standing on stage with a baton and waits for the music. She then begins twirling her baton around the stage. She dances with the stick and twirls with it in a routine. She kicks her leg up and spins her arms around the baton. She glides across the stage with the baton. She then brings out a ribbon to dance with. She twirls with the ribbon and spins it around the stage while she dances.","A person is filming the back of a toilet. The person then flushes the toilet and walks over to the sink. The person turns on the faucet and pumps some soap in her hands. She holds the soap with hand in front of her with the water still running."],"descriptions":[["A person begins mixing various ingredients into a bowl together."," The person then grades lemon into the bowl and mixes them all together."," Then the person adds flour and various spices to give the mixture flavor."," Then the person blends the mixture together with a mixture."," Then the entire components are put together in one bowl and cooked in the oven."," 2 Hours later the mixture becomes a delicious cake to eat."],["A group of marching band players begin playing in the shit."," A large crowd gathers around them to watch the people play."," The drummers begin playing together in unison."," Their tempo picks up a bit and the crowd cheers on."],["The video starts with two men wrestling and performing a large drop."," The video then continues showing various two men performing the same wrestling move."," The commentators continue to commentate on the move and be amazed."," The crowd cheers in excitement."],["A girl is standing on stage with a baton and waits for the music."," She then begins twirling her baton around the stage."," She dances with the stick and twirls with it in a routine."," She kicks her leg up and spins her arms around the baton."," She glides across the stage with the baton."," She then brings out a ribbon to dance with."," She twirls with the ribbon and spins it around the stage while she dances."],["A person is filming the back of a toilet."," The person then flushes the toilet and walks over to the sink."," The person turns on the faucet and pumps some soap in her hands."," She holds the soap with hand in front of her with the water still running."]],"rates":[1,1,1,1,1],"timestaken":[179.127,158.131,87.342,195.266,103.227],"pausetime":[8,8,0,5,1]}