{"names":["v_C5KcdwGSvbw.mp4","v_c_NlYvL96y0.mp4","v_CHkT4As5jZI.mp4","v_Ci9WKE6wkOQ.mp4","v_CrCtYGvG9Uw.mp4"],"durations":[109.158,125.272,66.595,155.156,99.498],"timestamps":[[[0,8.19],[7.1,14.19],[15.83,36.57],[31.66,41.48],[44.75,62.22],[70.41,81.32],[83.51,93.33],[96.06,109.16]],[[0,5.64],[5.01,8.77],[8.77,15.66],[20.67,25.68],[26.93,125.27]],[[5.66,18.65],[17.98,27.64],[27.64,45.62],[45.95,56.27]],[[10.86,33.36],[34.91,81.46],[82.23,142.74]],[[0,6.96],[6.47,22.39],[22.39,54.72],[54.23,78.11],[78.6,99.5]]],"paragraph":["A person is pressing buttons on an oven. A girl pours ingredients into a bowl together. She mixes the ingredients using a mixer then puts more ingredients in the bowl.The mixes again and finally puts another small amount of ingredients in the bowl. She mixes a third time and adds chocolate chips, finally mixing one more time. The oven peeps and she prepares a pan with cookie dough. She puts the dough into the oven and presses bake options. After several minutes she takes out the pan and spread the cookies out.","A girl is stretching her body on a ballet bar. An instructor stands with a woman and talks about ballet. The girl dances and pans back to the instructor. The instructor talks about the tools you will need for ballet. She talks about various ballet moves to do at the barre while the dancer demonstrates.","A bartender talks about how to make a proper cocktail. He grabs a glass and puts ice in the glass. He then mixes vodka and soda together in the glass. He grabs a lemon and puts it in the glass to finish.","A man and woman are talking to a camera on exercises. The girl talks about equipment and how to use it. She prepares the equipment and helps the man perform the exercise.","A man is talking to a camera about his hair. Another man comes in and begins cutting the first boy's fair. He brushes his hair and cuts through it with a fine comb. The stylist performs various styles and techniques on the hair. The stylist puts gel in the hair and the boy is finished with his cut."],"descriptions":[["A person is pressing buttons on an oven."," A girl pours ingredients into a bowl together."," She mixes the ingredients using a mixer then puts more ingredients in the bowl.","The mixes again and finally puts another small amount of ingredients in the bowl."," She mixes a third time and adds chocolate chips, finally mixing one more time."," The oven peeps and she prepares a pan with cookie dough."," She puts the dough into the oven and presses bake options."," After several minutes she takes out the pan and spread the cookies out."],["A girl is stretching her body on a ballet bar."," An instructor stands with a woman and talks about ballet."," The girl dances and pans back to the instructor."," The instructor talks about the tools you will need for ballet."," She talks about various ballet moves to do at the barre while the dancer demonstrates."],["A bartender talks about how to make a proper cocktail."," He grabs a glass and puts ice in the glass."," He then mixes vodka and soda together in the glass."," He grabs a lemon and puts it in the glass to finish."],["A man and woman are talking to a camera on exercises."," The girl talks about equipment and how to use it."," She prepares the equipment and helps the man perform the exercise."],["A man is talking to a camera about his hair."," Another man comes in and begins cutting the first boy's fair."," He brushes his hair and cuts through it with a fine comb."," The stylist performs various styles and techniques on the hair."," The stylist puts gel in the hair and the boy is finished with his cut."]],"rates":[1,1,1,1,1],"timestaken":[305.365,127.162,127.432,141.243,144.436],"pausetime":[3,4,1,11,5]}