{"names":["v_LG7p5JrgMfE.mp4","v_lGwUq5vZGEk.mp4","v_Lh50gF5l0dw.mp4","v_LMxfRVcBrD8.mp4","v_lpeyMIH1YqA.mp4"],"durations":[161.333,236.449,15.024,187.13,24.776],"timestamps":[[[10.49,161.33],[37.11,161.33],[49.21,161.33],[66.95,161.33],[82.28,161.33],[114.55,161.33],[155.69,161.33],[159.72,161.33]],[[16.55,236.45],[30.74,236.45],[78.03,236.45],[99.31,236.45],[128.86,236.45],[167.88,236.45],[191.52,236.45],[230.54,236.45]],[[1.65,15.02],[6.84,15.02],[7.81,15.02],[13.37,15.02]],[[10.29,187.13],[28.07,187.13],[43.98,187.13],[77.66,187.13],[90.76,187.13],[100.11,187.13],[127.25,187.13],[145.03,187.13],[174.97,187.13]],[[8.55,24.78],[15.49,24.78],[22.92,24.78]]],"paragraph":["A man dressed in a black suit and woman dressed in a black dress are dancing together to Latino music. They are doing a combination of ball room dancing and waltz. They are dancing on the sidewalk of a city where there are several bystanders observing and watching them dance. They continue dancing hand in hand to the music. A group of people standing on the right begin to applaud them. The couple continues to swirl and twirl as the music plays and more people in the crowd applaud. The lady finally jumps into the man's arms as the music comes to an end. The crowd cheers and applaud's loudly at the couple.","A young girl is demonstrating how to do a braid in layered hair. She begins by brushing her hair down. Then she brings all of her hair to her right side and starts braiding the hair on a single braid. She then takes a hair tie and ties it around the bottom of her braid. She takes some hair gel out of an orange container and uses it on the tips of her braid to smoothen the hair. She further braids the bottom part of her braid till the end and ties another hair tie around it. Then she takes a bobby pin and pins the short hair in the front to back of her head. She secures the pin into her hair and waves good bye.","A man wearing a blue shirt is throwing the shot put. He is going in a circular motion on a red circle painted on the ground. He throws the shot put into the air. Another man is swinging in circular motion, ready to throw the shot put.","A woman chef is demonstrating how to make restaurant style pasta. She begins with adding spaghetti in a large pot of boiling water. She sautes chopped onions and some Italian dressing along with garlic on a saucepan. She then adds a cup of grape tomatoes. She checks the pasta for it's softness. She removes the cooked pasta off of the gas and pours it into a plate. Then she adds the cooked sauce right over the pasta. She chops fresh basil with a pair of scissors and garnishes it over the pasta along with some cheese Then she shows an Alfredo sauce recipe. She sprinkles grated Parmesan cheese over the Alfredo pasta to finish off.","A man is sitting on a revolving chair with his one leg folded over the other. Another man takes a cloth and begins cleaning his black leather shoes with a cloth to make it shiny. He cleans the shoe with a back and forth motion."],"descriptions":[["A man dressed in a black suit and woman dressed in a black dress are dancing together to Latino music."," They are doing a combination of ball room dancing and waltz."," They are dancing on the sidewalk of a city where there are several bystanders observing and watching them dance."," They continue dancing hand in hand to the music."," A group of people standing on the right begin to applaud them."," The couple continues to swirl and twirl as the music plays and more people in the crowd applaud."," The lady finally jumps into the man's arms as the music comes to an end."," The crowd cheers and applaud's loudly at the couple."],["A young girl is demonstrating how to do a braid in layered hair."," She begins by brushing her hair down."," Then she brings all of her hair to her right side and starts braiding the hair on a single braid."," She then takes a hair tie and ties it around the bottom of her braid."," She takes some hair gel out of an orange container and uses it on the tips of her braid to smoothen the hair."," She further braids the bottom part of her braid till the end and ties another hair tie around it."," Then she takes a bobby pin and pins the short hair in the front to back of her head."," She secures the pin into her hair and waves good bye."],["A man wearing a blue shirt is throwing the shot put."," He is going in a circular motion on a red circle painted on the ground."," He throws the shot put into the air."," Another man is swinging in circular motion, ready to throw the shot put."],["A woman chef is demonstrating how to make restaurant style pasta."," She begins with adding spaghetti in a large pot of boiling water."," She sautes chopped onions and some Italian dressing along with garlic on a saucepan."," She then adds a cup of grape tomatoes."," She checks the pasta for it's softness."," She removes the cooked pasta off of the gas and pours it into a plate."," Then she adds the cooked sauce right over the pasta."," She chops fresh basil with a pair of scissors and garnishes it over the pasta along with some cheese Then she shows an Alfredo sauce recipe."," She sprinkles grated Parmesan cheese over the Alfredo pasta to finish off."],["A man is sitting on a revolving chair with his one leg folded over the other."," Another man takes a cloth and begins cleaning his black leather shoes with a cloth to make it shiny."," He cleans the shoe with a back and forth motion."]],"rates":[1,1,1,1,1],"timestaken":[466.92,847.65,364.92,445.752,173.153],"pausetime":[5,3,7,7,5]}