{"names":["v_zEdAxKm9SLA.mp4","v_ZGSi-QAkf5A.mp4","v_ZlHaPkhGr_g.mp4","v_zlXs92vjuSU.mp4","v_ZpuZEui-Bu0.mp4"],"durations":[122.55492,123.344399,231.084988,219.84653,151.161904],"timestamps":[[[11.64,121.33],[31.25,121.33],[59.44,121.33],[86.4,121.33],[112.14,121.33]],[[3.7,122.11],[13.57,122.11],[34.54,122.11],[62.91,122.11],[111.63,122.11]],[[16.18,228.77],[36.97,228.77],[45.06,228.77],[51.99,228.77],[82.04,228.77],[105.14,228.77],[130.56,228.77],[166.38,228.77],[188.33,228.77],[217.22,228.77]],[[17.59,217.65],[42.87,217.65],[78.05,217.65],[90.14,217.65],[107.72,217.65],[140.7,217.65],[163.79,217.65],[196.76,217.65]],[[13.6,149.65],[50.64,149.65],[80.12,149.65],[108.84,149.65],[139.82,149.65]]],"paragraph":["There's a person named Michael from the Wild flower Tool company who is doing a tutorial on telescopic head shears for gardening. He demonstrates the several features of the shears such as extendable handles. He is standing near a big hedge in a garden. He shows how to use the shears by cutting off some of the branches of the hedge. He then extends the handles of the shears to show how far he can reach hard to reach places on top of the hedge.","There some geese flying in the sky above a park. A man is talking in his microphone as some men are playing cricket behind him in the park. It is a sunny day with geese walking around the park and people enjoying a casual game of cricket. There's a man hitting the ball with his cricket bat and another person trying to catch his ball. A squirrel is sitting on the park bench and enjoying the sunshine as well.","There's a girl with long brown hair playing the harmonica in a hospital elevator. The elevator door opens and several people enter the elevator. She continues playing her harmonica. There's a young boy and his mother who smile at the lady as she plays. Then they get off the elevator when they reach their level. The lady continues playing the harmonica as the elevator moves further and stops at other levels and more people walk in. People continue to get on and off the elevator but she continues to play her harmonica. A person enters the elevator with a man on a stretcher along with some other people. They smile at her and compliment her. They get off the elevator when they reach their desired level in the hospital.","A young man named Sean wearing a beanie hat and black earring studs. He is demonstrating how to pierce his ear with stud earrings. He expresses severe pain as he tries to pierce his ear lobe. He takes an ice cube to soothe his ear lobe. Then he uses a cigarette lighter to heat the earring to sanitize it. He tries using a thumbtack to help the piercing but ends up causing severe bleeding in his ear. He then tries a rubber mallet to force the earring in. He cries and sobs in pain at his unsuccessful attempt of piercing his own ear lobe.","There are two little girls standing in an indoor court learning to play squash. They are standing with their racquets and trying to hit the ball against the wall. They attempt to hit the ball but end up brushing it on the floor. They run around the court trying to catch the ball with their racquets. they run around smiling with their oversized racquets and run to follow the ball around the court."],"descriptions":[["There's a person named Michael from the Wild flower Tool company who is doing a tutorial on telescopic head shears for gardening."," He demonstrates the several features of the shears such as extendable handles."," He is standing near a big hedge in a garden."," He shows how to use the shears by cutting off some of the branches of the hedge."," He then extends the handles of the shears to show how far he can reach hard to reach places on top of the hedge."],["There some geese flying in the sky above a park."," A man is talking in his microphone as some men are playing cricket behind him in the park."," It is a sunny day with geese walking around the park and people enjoying a casual game of cricket."," There's a man hitting the ball with his cricket bat and another person trying to catch his ball."," A squirrel is sitting on the park bench and enjoying the sunshine as well."],["There's a girl with long brown hair playing the harmonica in a hospital elevator."," The elevator door opens and several people enter the elevator."," She continues playing her harmonica."," There's a young boy and his mother who smile at the lady as she plays."," Then they get off the elevator when they reach their level."," The lady continues playing the harmonica as the elevator moves further and stops at other levels and more people walk in."," People continue to get on and off the elevator but she continues to play her harmonica."," A person enters the elevator with a man on a stretcher along with some other people."," They smile at her and compliment her."," They get off the elevator when they reach their desired level in the hospital."],["A young man named Sean wearing a beanie hat and black earring studs."," He is demonstrating how to pierce his ear with stud earrings."," He expresses severe pain as he tries to pierce his ear lobe."," He takes an ice cube to soothe his ear lobe."," Then he uses a cigarette lighter to heat the earring to sanitize it."," He tries using a thumbtack to help the piercing but ends up causing severe bleeding in his ear."," He then tries a rubber mallet to force the earring in."," He cries and sobs in pain at his unsuccessful attempt of piercing his own ear lobe."],["There are two little girls standing in an indoor court learning to play squash."," They are standing with their racquets and trying to hit the ball against the wall."," They attempt to hit the ball but end up brushing it on the floor."," They run around the court trying to catch the ball with their racquets."," they run around smiling with their oversized racquets and run to follow the ball around the court."]],"rates":[1,1,1,1,1],"timestaken":[198.582,379.57,448.667,331.852,255.516],"pausetime":[3,3,2,1,2]}