{"names":["v_1uC0xzyx4Bc.mp4","v_2DTwoKZsLMo.mp4","v_2Mj26IwwEiY.mp4","v_48xSiJdaH2g.mp4","v_4j7_nh61bvo.mp4"],"durations":[211.974965,163.63102,211.069387,173.290521,111.223582],"timestamps":[[[18.02,189.72],[48.75,189.72],[76.31,189.72],[101.75,189.72],[125.07,189.72],[142.02,189.72],[163.22,189.72],[186.54,195.02]],[[16.36,150.54],[38.45,150.54],[45.82,150.54],[70.36,150.54],[89.18,150.54],[110.45,150.54],[139.9,150.54]],[[11.61,194.18],[16.89,194.18],[26.38,194.18],[37.99,194.18],[45.38,194.18],[55.93,194.18],[63.32,194.18],[83.37,194.18],[109.76,194.18],[132.97,194.18],[155.14,194.18],[169.91,194.18],[186.8,194.18]],[[7.8,159.43],[16.46,159.43],[40.72,159.43],[66.72,159.43],[80.58,159.43],[100.51,159.43],[122.17,159.43],[147.3,159.43]],[[10.01,102.33],[15.02,102.33],[29.47,102.33],[32.81,102.33],[58.95,102.33],[87.31,102.33]]],"paragraph":["A person is showing how to install rubber tiles in a gym. The video shows several people working out in a gym on the flooring. The person shows how to prep the floor surface before installing the tiles. He demonstrates how to lay the tiles on the floor in a criss-cross manner. The video shows a simulation how the tiles can measured up and laid down one by one in order to get a perfect wall to to wall fit. A person also shows how to trim tiles to fit flush edge to edge without leaving a gap between tiles. Finally he shows how to use a vinegar solution to clean the tiles in order to maintain the quality of the tiles. The video ends with the information of the tile company.","A man wearing black socks is shown putting his black leather shoes on and tying his laces. There's another person wearing brown leather shoes on black socks. He ties the laces tightly to secure them. Then another scene shows a person wearing leather slip on shoes over black socks. Followed by several scenes showing the person wearing brown leather shoes with laces. He wears the shoes over black socks and ties the shoe laces securely. He then stands up after he's done wearing the brown leather shoes.","There's a home improvement specialist demonstrating how to remove wallpaper from walls. He starts of by preparing the space by moving furniture away from the walls and covering the furniture with plastic sheets for protection. He also removes the window treatments from windows. He shows how to take precautionary measures with respect to electrical wiring and switches and circuits. Then he shows how to use fans to ventilate the room. He takes a scour and begins to scour the wall paper. He uses a paint roller to soak the wall paper for easy removal. He then demonstrates how steam can be used too to loosen the wall paper. Then he begins to slowly peel off the paper from the wall. He re-wets the surface and uses a flat tool to remove any stubborn wall paper. He finally uses a sponge and soap water to clean the wall to remove any residual wall paper. He shows how to apply primer to prep the wall for painting. Information on how to use these techniques is provided on the Lowe's company website.","The video is about Wallwik and wallpaper removal system. It shows a woman removing wallpaper off the wall in a convenient and easy manner. She is using a a scouring tool to scratch off the wallpaper from the wall. Then she uses a soap solution and dips the sheet in the solution. There's a man hanging the wet sheets on the wall. A woman uses a sprayer on the moist sheets and sprays it on. Then a man and woman begin peeling off the old wallpaper off of the wall. The video shows instructions on how to use the Wallwik products.","The video by TMZ is showing several overweight men as part of the sumo destruction event. It shows a picture of singer George Michael too. There's a panel of people sitting in a studio talking about the event. They are reading a script and laughing. There are pictures of sumo wrestlers shown too. It also shows sumo wrestlers wrestling as spectators watch the event."],"descriptions":[["A person is showing how to install rubber tiles in a gym."," The video shows several people working out in a gym on the flooring."," The person shows how to prep the floor surface before installing the tiles."," He demonstrates how to lay the tiles on the floor in a criss-cross manner."," The video shows a simulation how the tiles can measured up and laid down one by one in order to get a perfect wall to to wall fit."," A person also shows how to trim tiles to fit flush edge to edge without leaving a gap between tiles."," Finally he shows how to use a vinegar solution to clean the tiles in order to maintain the quality of the tiles."," The video ends with the information of the tile company."],["A man wearing black socks is shown putting his black leather shoes on and tying his laces."," There's another person wearing brown leather shoes on black socks."," He ties the laces tightly to secure them."," Then another scene shows a person wearing leather slip on shoes over black socks."," Followed by several scenes showing the person wearing brown leather shoes with laces."," He wears the shoes over black socks and ties the shoe laces securely."," He then stands up after he's done wearing the brown leather shoes."],["There's a home improvement specialist demonstrating how to remove wallpaper from walls."," He starts of by preparing the space by moving furniture away from the walls and covering the furniture with plastic sheets for protection."," He also removes the window treatments from windows."," He shows how to take precautionary measures with respect to electrical wiring and switches and circuits."," Then he shows how to use fans to ventilate the room."," He takes a scour and begins to scour the wall paper."," He uses a paint roller to soak the wall paper for easy removal."," He then demonstrates how steam can be used too to loosen the wall paper."," Then he begins to slowly peel off the paper from the wall."," He re-wets the surface and uses a flat tool to remove any stubborn wall paper."," He finally uses a sponge and soap water to clean the wall to remove any residual wall paper."," He shows how to apply primer to prep the wall for painting."," Information on how to use these techniques is provided on the Lowe's company website."],["The video is about Wallwik and wallpaper removal system."," It shows a woman removing wallpaper off the wall in a convenient and easy manner."," She is using a a scouring tool to scratch off the wallpaper from the wall."," Then she uses a soap solution and dips the sheet in the solution."," There's a man hanging the wet sheets on the wall."," A woman uses a sprayer on the moist sheets and sprays it on."," Then a man and woman begin peeling off the old wallpaper off of the wall."," The video shows instructions on how to use the Wallwik products."],["The video by TMZ is showing several overweight men as part of the sumo destruction event."," It shows a picture of singer George Michael too."," There's a panel of people sitting in a studio talking about the event."," They are reading a script and laughing."," There are pictures of sumo wrestlers shown too."," It also shows sumo wrestlers wrestling as spectators watch the event."]],"rates":[1,1,1,1,1],"timestaken":[1485516724.358,609.849,1482.139,2744.57,279.361],"pausetime":[1,2,6,3,2]}