{"names":["v_5Ra6milBrOM.mp4","v_61iCOJ3Meus.mp4","v_6EKVtCJ2nrs.mp4","v_6uNhwOSZXco.mp4","v_79gvzh0wn0Q.mp4"],"durations":[234.963,7.152,62.091,161.495,90.767],"timestamps":[[[0,12.92],[12.92,101.03],[55.22,125.71],[105.73,125.71],[117.48,124.53],[128.05,148.03],[148.03,219.69],[184.45,193.84],[224.39,234.96]],[[0,4.83],[4.97,7.15]],[[0,7.14],[1.86,7.14],[7.14,27.01],[27.01,34.46],[34.15,53.71]],[[0,8.88],[10.5,29.88],[28.26,32.3],[32.3,46.03],[45.22,55.72],[56.52,81.55],[85.59,100.93],[100.93,120.31],[121.93,129.2],[130,144.54],[144.54,151]],[[0,58.54],[58.54,62.63],[63.08,75.79],[76.24,90.77]]],"paragraph":["An introduction animation is shown with the title of video. A female coach in sweats gives instructions to a group of students in a gym for a physical activity by acting out the routine. The students mimic the instructors motions. The coach points to different areas of the gym and individual groups of students. A student in black shorts runs across the gym. A group of students plays rock paper sissor. Students run around the perimeter of the gym to different stations. A student wearing a hat sits on the bench and looks sick. A animated page shows credits for the video.","A boy in a white tshirt picks up his brother over head and body slams him onto the bed. The brother in army colored shirt gets up from bed.","A man in black jacket holds a friend in both arms. The friend wearing a rope puts out her arms in preparation. The friend is thrown from the building wearing a bungee cord and swings in a wide arc over the ground below then back and forth. A woman in black jacket sits on a ramp and is pushed down by friends. The woman falls off the building and swings from a rope above the ground below.","A man in a snow jacket is seated in a ski lift. A man in yellow jacket holds a rubber inter tube with a rope and a child in ski clothes sits down inside. The man pushes the child down a ski slope. The child goes down a set of hills on the intertube. A woman attempts to stop the child then retrieves his intertube. A group of young girls and boy pull intertubes up a hill. A child in green jacket gets into an intertube. The child is pushed down the ski slope and sleds to the bottom. A woman in grey sweatshirt retrieves the intertube at the bottom of the slope. A boy in green jacket is pushed down the ski slope. A woman an grey sweatshirt retrieves the intertube at the bottom of the slope.","A woman in white karate uniform does a demonstration of a routine on the mat for judges during event. The woman bows and walks off the mat. A woman in black uniform shakes hands with judges. A woman in white uniform walks up and greets judges shaking their hands."],"descriptions":[["An introduction animation is shown with the title of video."," A female coach in sweats gives instructions to a group of students in a gym for a physical activity by acting out the routine."," The students mimic the instructors motions."," The coach points to different areas of the gym and individual groups of students."," A student in black shorts runs across the gym."," A group of students plays rock paper sissor."," Students run around the perimeter of the gym to different stations."," A student wearing a hat sits on the bench and looks sick."," A animated page shows credits for the video."],["A boy in a white tshirt picks up his brother over head and body slams him onto the bed."," The brother in army colored shirt gets up from bed."],["A man in black jacket holds a friend in both arms."," The friend wearing a rope puts out her arms in preparation."," The friend is thrown from the building wearing a bungee cord and swings in a wide arc over the ground below then back and forth."," A woman in black jacket sits on a ramp and is pushed down by friends."," The woman falls off the building and swings from a rope above the ground below."],["A man in a snow jacket is seated in a ski lift."," A man in yellow jacket holds a rubber inter tube with a rope and a child in ski clothes sits down inside."," The man pushes the child down a ski slope."," The child goes down a set of hills on the intertube."," A woman attempts to stop the child then retrieves his intertube."," A group of young girls and boy pull intertubes up a hill."," A child in green jacket gets into an intertube."," The child is pushed down the ski slope and sleds to the bottom."," A woman in grey sweatshirt retrieves the intertube at the bottom of the slope."," A boy in green jacket is pushed down the ski slope."," A woman an grey sweatshirt retrieves the intertube at the bottom of the slope."],["A woman in white karate uniform does a demonstration of a routine on the mat for judges during event."," The woman bows and walks off the mat."," A woman in black uniform shakes hands with judges."," A woman in white uniform walks up and greets judges shaking their hands."]],"rates":[2,1,1,1,1],"timestaken":[1468.103,99.76,326.862,650.438,221.507],"pausetime":[5,1,3,2,2]}