{"names":["v_9AqHhUuE9bE.mp4","v_9ddD5Ob93J0.mp4","v_9fnmcyUz5jg.mp4","v_9mL3eC5iizc.mp4","v_9ntzCNcFTKM.mp4"],"durations":[33.669,112.455,75.233,65.759,92.555],"timestamps":[[[0,5.89],[0,33.67],[4.38,6.9],[5.89,33.67]],[[0,112.46],[12.93,82.09],[82.09,104.58],[104.58,112.46]],[[0,3.01],[3.01,57.18],[57.55,75.23]],[[0,2.96],[2.63,16.44],[16.44,19.73],[19.4,22.36],[22.36,49.65],[49.65,55.9],[55.9,65.76]],[[0,92.56],[0,16.2],[16.2,20.36],[20.36,32.86],[33.32,51.37],[51.37,68.49],[68.49,87],[87,92.56]]],"paragraph":["A man is sitting along side a road polishing a shoe. Some other people are seated nearby, and many individuals walk past him. A motorcycle drives by on the road. The man puts the shoe down and picks up another one to polish.","Steven Richardson, a store manager, discusses the topic of tire care for vehicles with 4 wheel drive. He explains that mismatched tires on 4 wheel drive vehicles cause wear and tear. He recommend that all 4 tires should be replaced at the same time. He advertises the website belletire dot com and says to use it to find a location near you.","A logo shows that this video is presented by Expert Village. A man in a small blue boat discusses the topic of hand surfing in a hole and gives hints on how to perform this activity. The man demonstrates tricks that can be done while performing this activity.","Two trains drive along an elevated rail in a city. The camera pans to show a man playing a harmonica while sitting on a log beside a river. A woman walks near the train tracks while a train drives by. The woman sees the harmonica playing man in the distance. She watches him and listens to him playing. She walks away leaving the man. The man finishes playing and remains seated.","Six children wearing white clothing and orange belts are in a room with others watching. A man yells an order and the children demonstrate their Taekwondo. The man yells again and the children line up and bow. The children demonstrate poses as the man orders them. They then perform more martial arts moves. They return to the line they were standing in previously. They demonstrate additional moves including kicks and punches. They line up again and bow for a second time."],"descriptions":[["A man is sitting along side a road polishing a shoe."," Some other people are seated nearby, and many individuals walk past him."," A motorcycle drives by on the road."," The man puts the shoe down and picks up another one to polish."],["Steven Richardson, a store manager, discusses the topic of tire care for vehicles with 4 wheel drive."," He explains that mismatched tires on 4 wheel drive vehicles cause wear and tear."," He recommend that all 4 tires should be replaced at the same time."," He advertises the website belletire dot com and says to use it to find a location near you."],["A logo shows that this video is presented by Expert Village."," A man in a small blue boat discusses the topic of hand surfing in a hole and gives hints on how to perform this activity."," The man demonstrates tricks that can be done while performing this activity."],["Two trains drive along an elevated rail in a city."," The camera pans to show a man playing a harmonica while sitting on a log beside a river."," A woman walks near the train tracks while a train drives by."," The woman sees the harmonica playing man in the distance."," She watches him and listens to him playing."," She walks away leaving the man."," The man finishes playing and remains seated."],["Six children wearing white clothing and orange belts are in a room with others watching."," A man yells an order and the children demonstrate their Taekwondo."," The man yells again and the children line up and bow."," The children demonstrate poses as the man orders them."," They then perform more martial arts moves."," They return to the line they were standing in previously."," They demonstrate additional moves including kicks and punches."," They line up again and bow for a second time."]],"rates":[1,1,1,1,1],"timestaken":[410.551,657.753,277.455,456.377,642.123],"pausetime":[2,41,4,7,9]}