{"names":["v_BB2vrBWgXkU.mp4","v_bH7ORYDcI7A.mp4","v_BhxKjirVF4Y.mp4","v_bRVazNYfpGE.mp4","v_c-aDlEaZmFk.mp4"],"durations":[196.719455,190.380408,106.324172,94.667755,58.909024],"timestamps":[[[26.56,196.72],[52.13,196.72],[75.74,196.72],[99.34,196.72],[121.97,196.72],[147.54,196.72],[176.06,196.72]],[[17.13,190.38],[21.89,190.38],[51.4,190.38],[87.57,190.38],[114.23,190.38],[172.29,190.38]],[[8.51,106.32],[17.01,106.32],[27.11,106.32],[44.12,106.32],[91.97,106.32]],[[8.52,94.67],[22.25,94.67],[43.07,94.67],[81.89,94.67]],[[8.54,58.91],[20.91,58.91],[41.53,58.91],[49.78,58.91]]],"paragraph":["A woman wearing a leopard print shirt and a denim jacket is doing a tutorial on fake nails and how to use them. She is holding a packet of the fake nails in her hand as she explains the process. Then she demonstrates how to place the fake nails on top of her nails. Then she takes a nail file and files the ends of the nails to smooth it. She then uses some glue to glue the nails over her nails. Then she clips off the excess to shorten the nails, followed by filing the nails. She also uses some lime green nail polish and paints the nails to finish off the process and make them shiny.","A black and white dog is standing near the main door of a house as he listens to the sound of helicopter. Then main door then opens and the dog steps back. There are two dog trainers in an enclosed room training a dog to jump and catch several Frisbee. the male trainer throws the Frisbee at the dog and the dog jumps and fetches it for him. The trainer continuously throws the Frisbee and dog jumps high up and grabs the Frisbee every time. There are several different trainers shown training and teaching their dogs tricks.","A woman dressed in gym clothes is doing a tutorial on spinning in a gym. She is demonstrating the dumbbells that she will be using. She then demonstrates the exercise bike and continues to bike along with some other women at the gym. She explains how to do some rigorous exercise on the bike. there are several other women who are also biking on the exercise bike with her.","There's a girl gymnast dressed in purple leotards doing flips on a horse bar in a large indoor stadium filled with spectators. She continues doing front flips and twisting her body around on the horse bar. She walks the entire horse bar and then finally jumps off the horse bar to successfully end her round. As she jumps down and walks away, the crowd cheer and applaud loudly.","A lady gymnast dressed in black leotards is performing gymnastics on bars. She flawlessly jumps on the bar and swings back and forth from one bar to another without falling off. She successfully completes her round and jumps off of the bars. The crowd cheers loudly as they applaud for the gymnast."],"descriptions":[["A woman wearing a leopard print shirt and a denim jacket is doing a tutorial on fake nails and how to use them."," She is holding a packet of the fake nails in her hand as she explains the process."," Then she demonstrates how to place the fake nails on top of her nails."," Then she takes a nail file and files the ends of the nails to smooth it."," She then uses some glue to glue the nails over her nails."," Then she clips off the excess to shorten the nails, followed by filing the nails."," She also uses some lime green nail polish and paints the nails to finish off the process and make them shiny."],["A black and white dog is standing near the main door of a house as he listens to the sound of helicopter."," Then main door then opens and the dog steps back."," There are two dog trainers in an enclosed room training a dog to jump and catch several Frisbee."," the male trainer throws the Frisbee at the dog and the dog jumps and fetches it for him."," The trainer continuously throws the Frisbee and dog jumps high up and grabs the Frisbee every time."," There are several different trainers shown training and teaching their dogs tricks."],["A woman dressed in gym clothes is doing a tutorial on spinning in a gym."," She is demonstrating the dumbbells that she will be using."," She then demonstrates the exercise bike and continues to bike along with some other women at the gym."," She explains how to do some rigorous exercise on the bike."," there are several other women who are also biking on the exercise bike with her."],["There's a girl gymnast dressed in purple leotards doing flips on a horse bar in a large indoor stadium filled with spectators."," She continues doing front flips and twisting her body around on the horse bar."," She walks the entire horse bar and then finally jumps off the horse bar to successfully end her round."," As she jumps down and walks away, the crowd cheer and applaud loudly."],["A lady gymnast dressed in black leotards is performing gymnastics on bars."," She flawlessly jumps on the bar and swings back and forth from one bar to another without falling off."," She successfully completes her round and jumps off of the bars."," The crowd cheers loudly as they applaud for the gymnast."]],"rates":[1,1,1,1,1],"timestaken":[273.24,323.107,163.579,206.652,212.797],"pausetime":[2,1,1,1,3]}