{"names":["v_cC1nvRqyXWs.mp4","v_cJYtpnf5aOM.mp4","v_Ck0IhZZI5CA.mp4","v_CoHVA7nr82A.mp4","v_CQweu0ZYNHU.mp4"],"durations":[6.432,90.349,80.667,205.776,96.456],"timestamps":[[[0,4.41],[4.44,6.11],[6.11,6.43]],[[0,85.83],[62.34,71.83]],[[0,3.23],[4.03,56.47],[56.47,61.31],[62.52,80.67]],[[4.12,33.95],[36.01,83.34],[84.37,120.38],[123.47,134.78],[137.87,143.01],[144.04,170.79],[174.91,195.49],[195.49,202.69]],[[0,3.38],[3.38,6.75],[6.75,9.16],[9.65,13.5],[13.5,20.26],[21.22,34.24],[34.72,62.21],[63.66,73.79],[78.13,88.74],[88.26,93.56]]],"paragraph":["A man in blue gym shorts iron his clothes on an ironing board at home. The man sits down on the floor and folds his clothes and stacks them up.The man leaves the room and the room goes dark.","A boy in young boy drives a small tractor lawn mower around the yard of a house maneuvering around obstacles. The boy mows over some small flowers in the grass.","A man in jeans and tshirt rolls a paint roller in the tray. The man applies more paint to the fence with a roller and getting more paint until he lifts the roller and is pleased. The man gets more paint on his brush from the tray. The man finishes painting the section of fence and then sets down his roller.","A man holds a welding device and adjusts it while showing his work area. The welder is held over a steel plate and moved slowly. The man pulls the welder over a copper colored piece of metal. The man puts down his face guard and welds a spot on a piece of metal. The man stops for a break. The man welds a line into a piece of material. The man holds up a hammer chisel over the bar of metal and chips off some pieces. the man uses a wire brush to clean the metal.","Three men stand together wearing heavily padded clothing with suspenders. The two men on the end strike the one in the middle below the belt and he falls to the ground in pain. One of the men is seen from behind walking in a hallway. The man sits on a bmx bike on the top of a ramp getting ready. the man drops into the ramp and falls hard slamming on the bottom. The man does tricks and jumps on the ramp riding a bike. One of the men in purple rides through a skate board park wearing the padded suit. Another man in grey shirt rides a skateboard on the half pipe ramp and does tricks. The three men ride together on the large ramp in formation. The man in purple falls and is struck in the face with his skateboard."],"descriptions":[["A man in blue gym shorts iron his clothes on an ironing board at home."," The man sits down on the floor and folds his clothes and stacks them up.","The man leaves the room and the room goes dark."],["A boy in young boy drives a small tractor lawn mower around the yard of a house maneuvering around obstacles."," The boy mows over some small flowers in the grass."],["A man in jeans and tshirt rolls a paint roller in the tray."," The man applies more paint to the fence with a roller and getting more paint until he lifts the roller and is pleased."," The man gets more paint on his brush from the tray."," The man finishes painting the section of fence and then sets down his roller."],["A man holds a welding device and adjusts it while showing his work area."," The welder is held over a steel plate and moved slowly."," The man pulls the welder over a copper colored piece of metal."," The man puts down his face guard and welds a spot on a piece of metal."," The man stops for a break."," The man welds a line into a piece of material."," The man holds up a hammer chisel over the bar of metal and chips off some pieces."," the man uses a wire brush to clean the metal."],["Three men stand together wearing heavily padded clothing with suspenders."," The two men on the end strike the one in the middle below the belt and he falls to the ground in pain."," One of the men is seen from behind walking in a hallway."," The man sits on a bmx bike on the top of a ramp getting ready."," the man drops into the ramp and falls hard slamming on the bottom."," The man does tricks and jumps on the ramp riding a bike."," One of the men in purple rides through a skate board park wearing the padded suit."," Another man in grey shirt rides a skateboard on the half pipe ramp and does tricks."," The three men ride together on the large ramp in formation."," The man in purple falls and is struck in the face with his skateboard."]],"rates":[1,1,2,1,1],"timestaken":[221.395,174.224,837.722,589.691,773.928],"pausetime":[4,1,9,5,13]}