{"names":["v_cYLIJC6QjQA.mp4","v_d3Rx-nw5Zlw.mp4","v_D_GSISuQw3Y.mp4","v_DAd-joUpMIk.mp4","v_DbF6oI705UA.mp4"],"durations":[236.727437,200.643628,201.897505,100.449523,90.279183],"timestamps":[[[39.06,236.73],[71.02,236.73],[112.45,236.73],[133.75,236.73],[164.53,236.73],[181.1,236.73],[224.89,236.73]],[[54.17,200.64],[106.34,200.64],[143.46,200.64],[186.6,200.64]],[[25.24,201.9],[60.57,201.9],[95.9,201.9],[127.2,201.9],[175.65,201.9]],[[17.08,100.45],[35.66,100.45],[51.73,100.45],[60.27,100.45],[65.79,100.45],[77.85,100.45],[90.91,100.45]],[[15.35,90.28],[44.69,90.28],[80.35,90.28]]],"paragraph":["There are several people in a park participating in outdoor activities. There is a person biking on a tight rope, trying to balance as he falls off towards the end of the rope. There are children running around on the ground. There's another man walking on the tight rope. There are also many people sitting on the ground as they watch the activities. One man continues to walk and jump and bounce on the tight rope, doing stunts as the people watch him. There is a bicycle fallen on the ground with its wheels turning fast.","There's a young man wearing a blue jacket and a white shirt standing near a wall with white bathroom tiles. He is smoking a cigarette. He continues taking a several puffs of the cigarette as he empties the ashes of the burned cigarette on the side. He looks a bit confused as he continues smoking the cigarette.","There's a girl wearing a brown Cheers shirt doing a demonstration on how to paint her nails. She shows a bottle of magenta nail polish that she has already used on her nails. Then she takes a strip of rhinestones that she meticulously places and glues on her painted fingernails. Then she coats her nails and the rhinestones with a layer of neutral polish to secure the rhinestones. She talks in the camera as two boys stand behind her trying to participating in the video tutorial.","A woman is getting ready too bungee jump from a cable car. She is surrounded by two men in yellow shirts. One of the men is holding a phone camera in his hand to video tape her as she jumps. The men begin singing to cheer and encourage her to jump. After much hesitation, the woman finally jumps and hangs from the rope. There is another woman in the cable car getting ready to jump down. There is a huge crowd standing on the bridge, looking up at the cable car.","A lady wearing a UCA jersey is giving a tutorial on the different moves of cheer leading. As she talks, several cheerleaders show the different poses and stretches that are often done by cheerleaders to improve flexibility. The lady continues to explain how certain poses help in improving general flexibility in cheerleaders."],"descriptions":[["There are several people in a park participating in outdoor activities."," There is a person biking on a tight rope, trying to balance as he falls off towards the end of the rope."," There are children running around on the ground."," There's another man walking on the tight rope."," There are also many people sitting on the ground as they watch the activities."," One man continues to walk and jump and bounce on the tight rope, doing stunts as the people watch him."," There is a bicycle fallen on the ground with its wheels turning fast."],["There's a young man wearing a blue jacket and a white shirt standing near a wall with white bathroom tiles."," He is smoking a cigarette."," He continues taking a several puffs of the cigarette as he empties the ashes of the burned cigarette on the side."," He looks a bit confused as he continues smoking the cigarette."],["There's a girl wearing a brown Cheers shirt doing a demonstration on how to paint her nails."," She shows a bottle of magenta nail polish that she has already used on her nails."," Then she takes a strip of rhinestones that she meticulously places and glues on her painted fingernails."," Then she coats her nails and the rhinestones with a layer of neutral polish to secure the rhinestones."," She talks in the camera as two boys stand behind her trying to participating in the video tutorial."],["A woman is getting ready too bungee jump from a cable car."," She is surrounded by two men in yellow shirts."," One of the men is holding a phone camera in his hand to video tape her as she jumps."," The men begin singing to cheer and encourage her to jump."," After much hesitation, the woman finally jumps and hangs from the rope."," There is another woman in the cable car getting ready to jump down."," There is a huge crowd standing on the bridge, looking up at the cable car."],["A lady wearing a UCA jersey is giving a tutorial on the different moves of cheer leading."," As she talks, several cheerleaders show the different poses and stretches that are often done by cheerleaders to improve flexibility."," The lady continues to explain how certain poses help in improving general flexibility in cheerleaders."]],"rates":[1,1,1,1,1],"timestaken":[314.83,263.128,285.363,324.165,278.508],"pausetime":[1,1,1,2,1]}