{"names":["v_j15g2ZTig1k.mp4","v_jmPV_y8YntQ.mp4","v_jwOZsKS25oc.mp4","v_kC8DS6b76yI.mp4","v_KHOTebb8UC8.mp4"],"durations":[170.225487,160.983945,56.19229,65.851791,148.14331],"timestamps":[[[30.64,170.23],[73.2,170.23],[120.01,170.23],[158.31,170.23]],[[24.15,160.98],[49.91,160.98],[87.74,160.98],[103.03,160.98],[127.18,160.98],[134.42,160.98],[152.93,160.98]],[[9.55,56.19],[25.85,56.19],[34.28,56.19],[49.73,56.19]],[[8.89,65.85],[19.43,65.85],[39.18,65.85],[56.3,65.85]],[[10.37,148.14],[30.37,148.14],[58.52,148.14],[82.22,148.14],[121.48,148.14]]],"paragraph":["A man wearing a black shirt and blue jeans is playing an acoustic guitar. He plays a riff as he moves his legs rhythmically. He continues playing the guitar as the camera focuses on his hands and the guitar only.He plays several different tunes one after the other as he strums the guitar with his pick.","There are several girls standing ready with their jump ropes in an indoor gym. They are ready to compete in competition. There are several people seated and standing that are watching the girls as they jump rope. The girls take turns and jump rope in a relay manner. They switch between the contestants and move from fast skipping to slower and steadier skipping.They take turns as they skip. After they stop, the crowd claps and cheers.","A woman dressed in a pink tank top and gray tights is demonstrating spinning in a fitness gym. She shows the various exercises using the bicycle. She also shows stomach crunches and stretches while laying down on the floor. She motivates her team to continue biking as she encourages them to go faster.","There's a man wearing a black shirt and a green bandana demonstrating how to spray paint a microfiber sofa. He is using a red can of spray paint to demonstrate how to paints a cream colored sofa with red paint. He continues to spray paint the back and the arm rests of the sofa. He then places one unpainted of the seat cushions back on the sofa.","A woman is talking about an elliptical exercise machine specially designed for women. Alongside her is the pro fitness expert who is demonstrating how the machine works. He shows the buttons that need to be pressed in order to start the elliptical. After he gets the machine started, the lady hops onto the machine and begins using the elliptical. She continues to exercise on the machine as the fitness trainer gives her tips on how the machine will benefit her."],"descriptions":[["A man wearing a black shirt and blue jeans is playing an acoustic guitar."," He plays a riff as he moves his legs rhythmically."," He continues playing the guitar as the camera focuses on his hands and the guitar only.","He plays several different tunes one after the other as he strums the guitar with his pick."],["There are several girls standing ready with their jump ropes in an indoor gym."," They are ready to compete in competition."," There are several people seated and standing that are watching the girls as they jump rope."," The girls take turns and jump rope in a relay manner."," They switch between the contestants and move from fast skipping to slower and steadier skipping.","They take turns as they skip."," After they stop, the crowd claps and cheers."],["A woman dressed in a pink tank top and gray tights is demonstrating spinning in a fitness gym."," She shows the various exercises using the bicycle."," She also shows stomach crunches and stretches while laying down on the floor."," She motivates her team to continue biking as she encourages them to go faster."],["There's a man wearing a black shirt and a green bandana demonstrating how to spray paint a microfiber sofa."," He is using a red can of spray paint to demonstrate how to paints a cream colored sofa with red paint."," He continues to spray paint the back and the arm rests of the sofa."," He then places one unpainted of the seat cushions back on the sofa."],["A woman is talking about an elliptical exercise machine specially designed for women."," Alongside her is the pro fitness expert who is demonstrating how the machine works."," He shows the buttons that need to be pressed in order to start the elliptical."," After he gets the machine started, the lady hops onto the machine and begins using the elliptical."," She continues to exercise on the machine as the fitness trainer gives her tips on how the machine will benefit her."]],"rates":[1,1,1,1,1],"timestaken":[173.101,223.978,187.331,172.499,241.869],"pausetime":[2,1,1,2,1]}