{"names":["v_KPv8ZGrb78Y.mp4","v_krUhklOpyQU.mp4","v_kTStFRAp99E.mp4","v_Lbdp-HCjWw8.mp4","v_lIXHKxbq59c.mp4"],"durations":[200.83,74.072,10.751,73.167,71.634],"timestamps":[[[0,51.21],[51.21,54.22],[55.23,61.25],[61.25,94.39],[94.39,104.43],[104.43,200.83]],[[0,74.07],[9.63,18.52],[33.7,65.55],[65.55,70],[70,74.07]],[[0,10.75]],[[0,5.12],[0,73.17],[10.61,16.1],[20.49,38.41],[40.97,59.27],[66.95,73.17]],[[0,46.92],[46.92,63.75],[63.75,71.63]]],"paragraph":["Three women show up on the screen doing a tribal dance in a workout studio. One of the women does a solo performance while the music plays in the background. The three women are shown again doing the dance on the stage while other people do the same dance in front of the stage. The trio of women come back onto the screen and continue the dance in the studio. They show up back on the stage doing the dance as the camera films them. The camera goes back and forth between them doing the dance on the stage and off the stage showing different angles.","A man is filming inside of am apartment looking around at several different things. A little boy comes into the scene and quickly exits out of the view of the camera. The boy comes onto the camera again doing karate moves with a stick. The man gets a close up of the boy while he talks to the boy in another language. the boy does a bow and the video ends.","A woman is shown being videotaped while giving another woman a tattoo on her ankle.","An introduction comes onto the screen for a video about how to play squash. Two men are shown on a squash court playing a game of squash. Text shows up on the screen showing the things you will need for the game. An indication shows on the screen letting you know the different lines. Tips for the game also show up on the screen. At the end of the video a text box shows up with a fun fact about squash.","Some people are shown as they prepare to tube down a long snow slope. They begin to head down the slope until they reach the end and are able to stop themselves. After that, they get out of their tubes and begin to exit."],"descriptions":[["Three women show up on the screen doing a tribal dance in a workout studio."," One of the women does a solo performance while the music plays in the background."," The three women are shown again doing the dance on the stage while other people do the same dance in front of the stage."," The trio of women come back onto the screen and continue the dance in the studio."," They show up back on the stage doing the dance as the camera films them."," The camera goes back and forth between them doing the dance on the stage and off the stage showing different angles."],["A man is filming inside of am apartment looking around at several different things."," A little boy comes into the scene and quickly exits out of the view of the camera."," The boy comes onto the camera again doing karate moves with a stick."," The man gets a close up of the boy while he talks to the boy in another language."," the boy does a bow and the video ends."],["A woman is shown being videotaped while giving another woman a tattoo on her ankle."],["An introduction comes onto the screen for a video about how to play squash."," Two men are shown on a squash court playing a game of squash."," Text shows up on the screen showing the things you will need for the game."," An indication shows on the screen letting you know the different lines."," Tips for the game also show up on the screen."," At the end of the video a text box shows up with a fun fact about squash."],["Some people are shown as they prepare to tube down a long snow slope."," They begin to head down the slope until they reach the end and are able to stop themselves."," After that, they get out of their tubes and begin to exit."]],"rates":[4,2,1,2,2],"timestaken":[527.311,327.553,53.912,406.434,237.903],"pausetime":[6,5,3,3,4]}