{"names":["v_LoA7h0bZmDI.mp4","v_M1hPI8WvySo.mp4","v_M_OPqcaCDYI.mp4","v_MBouLt-hXDU.mp4","v_mi_zRluISrE.mp4"],"durations":[188.5,223.33,190.451,234.174,164.932],"timestamps":[[[0,32.05],[32.05,51.84],[51.84,121.58],[121.58,188.5]],[[0,29.03],[29.03,99.38],[99.38,148.51],[150.75,223.33]],[[0,56.18],[56.18,91.42],[91.42,139.03],[139.03,190.45]],[[0,52.69],[52.69,100.69],[52.69,94.84],[94.84,234.17]],[[0,22.27],[22.27,55.25],[55.25,100.61],[100.61,164.93]]],"paragraph":["A chef is giving detailed instructions on how to make a dish to another man in the kitchen. The man walks around him casually and picks up a piece of one of the ingredients and eats it. Meanwhile, the chef is putting ingredients and explaining the process of what he is doing and why into the pan. Once the sauce he is creating starts to come together he mixes in spaghetti and blends it all together.","A tutorial on how to wrap a gift, first you put doe enough wrapping paper and place the gift on top of it to make sure it is a decent size. Then, You fold one of the corners of the wrapping paper into triangles and press it out repeatedly. You would then cut the edges and tape doen the outside of the wrapping so it sticks down. Finally, You put the gift inside of the paper and fold the paper around it nicely and tape it down and you have a pretty wrapped present.","A group of six are on a little boat sitting waiting for the whistle to blow. Once it is blown they begin to paddle as quickly as they possibly can, working very well together. They almost hit a wall of rocks but are able to turn in time not to and are able to continue in route. Waves, pick up and then they do hit a different wall of rock, where they turn around at to go back.","Cake chemistry explaining how to do a at home experiment, They give all the ingredients needed and begin to explain what they will be doing. The start to give step by step instructions on how to mix the ingredients together. They give very detailed information about what to do before putting them in the oven. Once, they come out of the oven they explain the difference between all of the cakes and the different ingredients they did not put in each to see why the results were different.","A construction worker named Dave begins to show you how to grout. He starts on the wall and begins to explain what he is doing and why he is doing. Once the grout begins to dry he informs you that you should wipe it down with a sponge various times. With a finer sponge you go over it again and get it out while wet so it doesn't ruin the tile and all the work you have done."],"descriptions":[["A chef is giving detailed instructions on how to make a dish to another man in the kitchen."," The man walks around him casually and picks up a piece of one of the ingredients and eats it."," Meanwhile, the chef is putting ingredients and explaining the process of what he is doing and why into the pan."," Once the sauce he is creating starts to come together he mixes in spaghetti and blends it all together."],["A tutorial on how to wrap a gift, first you put doe enough wrapping paper and place the gift on top of it to make sure it is a decent size."," Then, You fold one of the corners of the wrapping paper into triangles and press it out repeatedly."," You would then cut the edges and tape doen the outside of the wrapping so it sticks down."," Finally, You put the gift inside of the paper and fold the paper around it nicely and tape it down and you have a pretty wrapped present."],["A group of six are on a little boat sitting waiting for the whistle to blow."," Once it is blown they begin to paddle as quickly as they possibly can, working very well together."," They almost hit a wall of rocks but are able to turn in time not to and are able to continue in route."," Waves, pick up and then they do hit a different wall of rock, where they turn around at to go back."],["Cake chemistry explaining how to do a at home experiment, They give all the ingredients needed and begin to explain what they will be doing."," The start to give step by step instructions on how to mix the ingredients together."," They give very detailed information about what to do before putting them in the oven."," Once, they come out of the oven they explain the difference between all of the cakes and the different ingredients they did not put in each to see why the results were different."],["A construction worker named Dave begins to show you how to grout."," He starts on the wall and begins to explain what he is doing and why he is doing."," Once the grout begins to dry he informs you that you should wipe it down with a sponge various times."," With a finer sponge you go over it again and get it out while wet so it doesn't ruin the tile and all the work you have done."]],"rates":[1,1,1,1,1],"timestaken":[530.132,540.167,450.597,670.801,468.268],"pausetime":[9,5,2,6,6]}