{"names":["v_K8G5CBJtluY.mp4","v_KaGGtAhiH64.mp4","v_kcB7HQPxzDM.mp4","v_KRfdZgxLZPY.mp4","v_KvscV2XxyTE.mp4"],"durations":[69.684,213.113,77.184,143.918,103.19],"timestamps":[[[0,62.02],[1.74,8.36],[10.8,17.77],[22.65,28.22],[31.71,69.68]],[[3.2,213.11],[3.2,45.82],[47.95,88.44],[58.61,82.05],[89.51,127.87],[128.93,209.92]],[[1.93,19.68],[21.61,39.75],[41.29,68.69]],[[2.16,138.88],[7.2,11.51],[12.23,19.43],[30.22,35.98],[68.36,77],[130.25,136.72]],[[0,16.51],[16.51,29.93],[32.5,46.44],[58.3,63.98],[64.49,90.29],[91.32,103.19]]],"paragraph":["A young man lying prone on a tiled floor with this hands behind his head and his knees bent attempts to perform a sit-up in front of a few friends. As he brings his elbows towards his knees, a loud crack can be heard as the man laughs, \"That hurt my ass.\" He attempts a second sit-up and with another cracking sound, exclaims and grabs his buttocks. The man says, \"one more\" and attempts another time, after which he says, \"that felt horrible.\" The man struggles through nine more attempts before giving up to the amusement of his friends.","A group of young men are seated at tables at a rubiks cube competition. An official removes a slip of paper from a rubiks cube sitting in front of a young man at the end of a table after which the competitor solves the cube and celebrates by banging his hands on the table. An official lifts a cup to reveal a rubiks cube that the same man then solves. A young man wearing a beige shirt solves a cube and presses his hands to his face before standing up. An official removes a piece of paper from on top of a cube as the young man in the black sweatshirt solves another cube. The young man solves two more cubes in front of an official before moving to get up.","Lithuanian Zinaida Sendriute throws the discus 64 meters to lead out for her third throw, waving to the camera as she walks off. Cuban Yarelis Barrios is next and unleashes a mighty 67 meter toss with a thunderous scream. Croatian Sandra Perkovic out distances both of the previous throwers with a 69 meter toss to claim the lead.","In the snow, various young men perform snowboard tricks before the camera. A man in a blue sweatshirt jumps down a staircase. A young man in a black outfit performs a double trick by grinding down one railing and jumping down a staircase. A man in a purple sweatshirt grinds down a staircase railing. A man in a purple and black striped sweatshirt jumps down a staircase. The man in the blue sweatshirt grinds down a railing and lands stylishly on the floor.","Gymnast Micah Ross mounts the balance beam before a celebrated audience as the crowd cheers and shouts her name. Her routine begins with a flip, split, and summersault. She then performs two backwards flips and a pirouette. A forward flip and jump follows along with a sideways flip. After briefly wobbling on the bar, Micah regains her composure and performs a forward summersault. Ross successfully dismounts with a double flip to the applause of the audience."],"descriptions":[["A young man lying prone on a tiled floor with this hands behind his head and his knees bent attempts to perform a sit-up in front of a few friends."," As he brings his elbows towards his knees, a loud crack can be heard as the man laughs, \"That hurt my ass.","\" He attempts a second sit-up and with another cracking sound, exclaims and grabs his buttocks."," The man says, \"one more\" and attempts another time, after which he says, \"that felt horrible.","\" The man struggles through nine more attempts before giving up to the amusement of his friends."],["A group of young men are seated at tables at a rubiks cube competition."," An official removes a slip of paper from a rubiks cube sitting in front of a young man at the end of a table after which the competitor solves the cube and celebrates by banging his hands on the table."," An official lifts a cup to reveal a rubiks cube that the same man then solves."," A young man wearing a beige shirt solves a cube and presses his hands to his face before standing up."," An official removes a piece of paper from on top of a cube as the young man in the black sweatshirt solves another cube."," The young man solves two more cubes in front of an official before moving to get up."],["Lithuanian Zinaida Sendriute throws the discus 64 meters to lead out for her third throw, waving to the camera as she walks off."," Cuban Yarelis Barrios is next and unleashes a mighty 67 meter toss with a thunderous scream."," Croatian Sandra Perkovic out distances both of the previous throwers with a 69 meter toss to claim the lead."],["In the snow, various young men perform snowboard tricks before the camera."," A man in a blue sweatshirt jumps down a staircase."," A young man in a black outfit performs a double trick by grinding down one railing and jumping down a staircase."," A man in a purple sweatshirt grinds down a staircase railing."," A man in a purple and black striped sweatshirt jumps down a staircase."," The man in the blue sweatshirt grinds down a railing and lands stylishly on the floor."],["Gymnast Micah Ross mounts the balance beam before a celebrated audience as the crowd cheers and shouts her name."," Her routine begins with a flip, split, and summersault."," She then performs two backwards flips and a pirouette."," A forward flip and jump follows along with a sideways flip."," After briefly wobbling on the bar, Micah regains her composure and performs a forward summersault."," Ross successfully dismounts with a double flip to the applause of the audience."]],"rates":[1,1,1,1,1],"timestaken":[1001.6,1262.159,524.213,1641.573,1041.451],"pausetime":[33,25,17,43,18]}