{"names":["v_Mkljhl3D9-Q.mp4","v_MyMYuXh8E0Y.mp4","v_n9xULD7oYXc.mp4","v_NbdAUGbrWrE.mp4","v_nGOEmEDesPI.mp4"],"durations":[148.09687,226.348117,52.360997,130.821224,208.631292],"timestamps":[[[2.96,80.71],[2.96,18.51],[19.25,25.18],[28.14,33.32],[34.8,45.17],[45.17,49.61],[49.61,62.2],[64.42,70.35],[72.57,79.23],[80.71,88.86],[88.12,93.3],[99.97,101.45],[101.45,147.36],[105.15,146.62],[112.55,142.91],[144.39,148.1]],[[1.13,3.4],[2.26,28.29],[4.53,29.43],[4.53,30.56],[29.43,70.17],[74.69,82.62],[86.01,218.43],[107.52,115.44],[117.7,212.77],[211.64,216.16],[218.43,226.35]],[[0,51.31],[0,52.36],[41.37,43.46]],[[0,128.2],[82.42,98.77],[128.86,130.82]],[[5.22,11.47],[12.52,18.78],[19.82,29.21],[21.91,82.41],[39.64,82.41],[65.72,67.81],[83.45,124.14],[125.18,167.95],[170.03,181.51],[180.47,200.29]]],"paragraph":["The man instructs four women on cooking. The man adds oil, onions, garlic, and peppers to a pot. The man adds clams to the pot. The man adds broth to the pot. The man boils pasta in a separate pot. The women gather around a pot to see the pasta. The man finishes the sauce and pours it in a pot. The man adds the pasta. The man adds the pasta to the plate. The women try the pasta dish. Everyone laughs and seems happy. The man starts calling out tickets. The women cook the dish that the man had just taught them to make. The man helps them and gives them pointers. The women look anxious as they try to cook. The waiters start serving the plates.","A man in a black hoodie talks to the camera. A second man in a blue hoodie walks in and talks to the camera. The man in the black hoodie shows off a bottle of mouth wash. The two men talk to each other. The man in the blue hoodie pours the mouthwash in two glasses. The two men take classes and \"cheers\" each other. The two men keep the mouthwash in their mouths. The man in the black hoodie shows off his t-shirt. The two men show off signs that insult each other and try to make each other laugh. The man in the blue hoodie laughs first. The men both spit the mouthwash in the sink.","Two man sit at a table. The man closest to camera crochets. The man closest to camera scratches his ear.","A teenage girl brushes her hair. The girl looks down as if she is confused. The girl talks to the camera.","There are snowflakes falling over a forest. A man in an orange jacket snowmobiles across a snowy field. The man snowboards down the mountain. Two men snowmobile through the forest. A man in a dark jacket snowboards through a route filled with trees. The man in the orange jacket looks at the camera. The man in the orange jacket snowmobiles down a very steep mountain. The man in the orange jacket snowmobiles off a jump and does tricks. The man in the orange jacket starts a fire. The man in the dark jacket continues to ski through treacherous areas filled with trees."],"descriptions":[["The man instructs four women on cooking."," The man adds oil, onions, garlic, and peppers to a pot."," The man adds clams to the pot."," The man adds broth to the pot."," The man boils pasta in a separate pot."," The women gather around a pot to see the pasta."," The man finishes the sauce and pours it in a pot."," The man adds the pasta."," The man adds the pasta to the plate."," The women try the pasta dish."," Everyone laughs and seems happy."," The man starts calling out tickets."," The women cook the dish that the man had just taught them to make."," The man helps them and gives them pointers."," The women look anxious as they try to cook."," The waiters start serving the plates."],["A man in a black hoodie talks to the camera."," A second man in a blue hoodie walks in and talks to the camera."," The man in the black hoodie shows off a bottle of mouth wash."," The two men talk to each other."," The man in the blue hoodie pours the mouthwash in two glasses."," The two men take classes and \"cheers\" each other."," The two men keep the mouthwash in their mouths."," The man in the black hoodie shows off his t-shirt."," The two men show off signs that insult each other and try to make each other laugh."," The man in the blue hoodie laughs first."," The men both spit the mouthwash in the sink."],["Two man sit at a table."," The man closest to camera crochets."," The man closest to camera scratches his ear."],["A teenage girl brushes her hair."," The girl looks down as if she is confused."," The girl talks to the camera."],["There are snowflakes falling over a forest."," A man in an orange jacket snowmobiles across a snowy field."," The man snowboards down the mountain."," Two men snowmobile through the forest."," A man in a dark jacket snowboards through a route filled with trees."," The man in the orange jacket looks at the camera."," The man in the orange jacket snowmobiles down a very steep mountain."," The man in the orange jacket snowmobiles off a jump and does tricks."," The man in the orange jacket starts a fire."," The man in the dark jacket continues to ski through treacherous areas filled with trees."]],"rates":[0.5,1,1,1,1],"timestaken":[877.118,496.836,226.95,259.758,451.005],"pausetime":[6,2,3,4,2]}