{"names":["v_q53Ajkll_kw.mp4","v_QBy64z68s0w.mp4","v_qfb0Qe7s9oo.mp4","v_qfCqVXhNPE8.mp4","v_QFxe74w7aNc.mp4"],"durations":[208.098,97.095,155.11,218.384,118.771],"timestamps":[[[0,203.94],[18.73,21.85],[124.86,137.34],[169.6,173.76],[173.76,181.05],[186.25,199.77],[202.9,208.1]],[[0,97.1],[6.31,97.1],[31.07,33.5],[32.53,97.1]],[[0,155.11],[7.76,12.41],[19.39,22.49],[40.33,60.49],[70.58,75.23],[88.41,100.82],[107.03,114.01],[121.76,125.64],[136.5,155.11]],[[0,218.38],[12.01,22.93],[30.57,33.85],[32.76,124.48],[124.48,146.32],[156.14,183.44]],[[0,118.77],[6.53,75.42],[4.16,96.2],[90.27,96.2]]],"paragraph":["A woman in a black dress is playing a bag pipe on stage. The word \"Ilbo\" is in a red font and scrolls down on the left hand side of the screen. The camera zooms into the woman's fingers. The camera shifts to somebody playing a piano. A band is also playing musical instruments in the background. The camera zooms into the face of the woman playing the bag pipe. The woman finishes playing and the audience applause.","A young girl performs her gymnastics routine on the balance beam. The young girl gets on the beam and continues her routine. The young girl falls off the beam. The young girl gets back on the beam and finishes her routine.","A woman with blonde hair is explaining how to make rosemary vodka lemonade. Two jars of liquid appear. The woman takes a sip of the liquid. The woman prepares the liquid with herbs and sugar in a bowl. The woman pours the liquid in a glass. The woman pours the liquid into jars with ice. The woman mixes the concoction. The woman drinks the liquid in a jar. The video ends with a view of the jars with liquid.","A woman with black hair is explaining something. The woman pulls out a container with hair rolls. The woman pulls out a bottle of shampoo. The woman rolls her hair and pins it in place and leaves it for ten minutes. The women removes the rolls from her hair. The woman takes out hair spray and sprays it on her hair.","A group of martial artists and drummers perform in a street competition. The martial artists in red pants and black shirts do kicks and flips. Drummers wearing all black and red hats play the drums. The performers finish their piece and the crowd applauds."],"descriptions":[["A woman in a black dress is playing a bag pipe on stage."," The word \"Ilbo\" is in a red font and scrolls down on the left hand side of the screen."," The camera zooms into the woman's fingers."," The camera shifts to somebody playing a piano."," A band is also playing musical instruments in the background."," The camera zooms into the face of the woman playing the bag pipe."," The woman finishes playing and the audience applause."],["A young girl performs her gymnastics routine on the balance beam."," The young girl gets on the beam and continues her routine."," The young girl falls off the beam."," The young girl gets back on the beam and finishes her routine."],["A woman with blonde hair is explaining how to make rosemary vodka lemonade."," Two jars of liquid appear."," The woman takes a sip of the liquid."," The woman prepares the liquid with herbs and sugar in a bowl."," The woman pours the liquid in a glass."," The woman pours the liquid into jars with ice."," The woman mixes the concoction."," The woman drinks the liquid in a jar."," The video ends with a view of the jars with liquid."],["A woman with black hair is explaining something."," The woman pulls out a container with hair rolls."," The woman pulls out a bottle of shampoo."," The woman rolls her hair and pins it in place and leaves it for ten minutes."," The women removes the rolls from her hair."," The woman takes out hair spray and sprays it on her hair."],["A group of martial artists and drummers perform in a street competition."," The martial artists in red pants and black shirts do kicks and flips."," Drummers wearing all black and red hats play the drums."," The performers finish their piece and the crowd applauds."]],"rates":[1,1,1,1,1],"timestaken":[624.314,324.824,726.362,570.436,527.324],"pausetime":[39,5,25,16,13]}