{"names":["v_r3dM-5cZ7e8.mp4","v_R4ouBBtg-B4.mp4","v_r96PJ548pn8.mp4","v_R_HDifqMHSY.mp4","v_rhDxMg72ofo.mp4"],"durations":[67.269002,121.302,143.035011,161.751,214.785011],"timestamps":[[[0,9.75],[8.07,18.84],[19.17,67.27]],[[0,30.93],[31.54,121.3]],[[0,29.32],[29.32,75.81],[75.09,106.56],[106.56,143.04]],[[0,16.18],[16.98,54.19],[52.57,121.31],[124.55,161.75]],[[0,27.92],[25.77,110.61],[110.61,170.75],[178.27,214.79]]],"paragraph":["A group of swimmers stand ready on a platform and bend down to their feet. Several men stand behind them when they all jump in at the same time. The men race back and fourth doing a butterfly movement back and fourth until they all reach the end.","Various people are shown smiling into a camera and being interviewed about a question. Several other questions are asked to the same people as well as shots of people doing activities around the beach on a string.","A woman wearing exercise equipment is shown talking to the camera and pointing to several areas on her body. She continues talking to the camera while performing several ab crunches to work your core. She then grabs a weight in both hands as well as a cat to use as a weight for the exercise. She bends forward and continues talking to the camera.","A singer is shown standing on a piano on a large stage and talking into the mic while a drummer plays in the background. He continues singing to the audience followed by jumping off the piano and dancing around the stage. The drums continue to play and the lights flicker behind him while people shuffle other drums around the set. The two men then begin playing the drums back to back with each other while switching between drum kits and movements.","An intro begins then shows pictures of a girl standing in the bathroom with long, straight hair. She then begins talking to the camera while stroking her hair followed by blow drying and brushing her hair. She then puts lotion into her hair and breaking her hair into sections. She straightens each section of hair and smiles in the end."],"descriptions":[["A group of swimmers stand ready on a platform and bend down to their feet."," Several men stand behind them when they all jump in at the same time."," The men race back and fourth doing a butterfly movement back and fourth until they all reach the end."],["Various people are shown smiling into a camera and being interviewed about a question."," Several other questions are asked to the same people as well as shots of people doing activities around the beach on a string."],["A woman wearing exercise equipment is shown talking to the camera and pointing to several areas on her body."," She continues talking to the camera while performing several ab crunches to work your core."," She then grabs a weight in both hands as well as a cat to use as a weight for the exercise."," She bends forward and continues talking to the camera."],["A singer is shown standing on a piano on a large stage and talking into the mic while a drummer plays in the background."," He continues singing to the audience followed by jumping off the piano and dancing around the stage."," The drums continue to play and the lights flicker behind him while people shuffle other drums around the set."," The two men then begin playing the drums back to back with each other while switching between drum kits and movements."],["An intro begins then shows pictures of a girl standing in the bathroom with long, straight hair."," She then begins talking to the camera while stroking her hair followed by blow drying and brushing her hair."," She then puts lotion into her hair and breaking her hair into sections."," She straightens each section of hair and smiles in the end."]],"rates":[1,1,1,4,2],"timestaken":[71.008,114.071,140.654,139.036,131.82],"pausetime":[1,3,8,2,3]}