{"names":["v_RIaNmXzBQnE.mp4","v_RWjCwIOuzrc.mp4","v_RX8YG2zlyUo.mp4","v_rZmNsUX-7SU.mp4","v_SHfFrzy_fKM.mp4"],"durations":[168.624,207.424,85.473,16.417,78.321],"timestamps":[[[0,150.08],[44.69,60.7],[60.7,86],[129.84,167.78],[148.39,166.09]],[[0,13.48],[13.48,49.78],[53.93,97.49],[101.64,149.35],[145.2,188.76],[191.87,204.31]],[[0,25.64],[26.92,85.47]],[[0,16.42]],[[0,78.32]]],"paragraph":["There is a woman eating ice cream from a tub and talking to the camera man. And he tries to look into the tub, but she pulls it away. The camera person sits down to continue talking to the woman. She gets up and he follows her through the house as she walks into the kitchen. She puts the rest of the ice cream in the freezer and rinses the spoon.","There is a man nodding in the first frame. The video movies to the man putting up the wall paper by first measuring it out, lining up the pattern and putting it up on the wall. He then unscrews a light switch and pulls it out just a little, making some slits in the fabric or paper, then putting the light switch back over the new wall paper. The camera shows wall paper in a finished room, going over different rooms with different wall papers. The man is later seen measuring and marking the wall, rolling out more wall paper and putting it up on the wall. Then it shows two tables that look like they have also been wall papered.","There are horses, and they are getting off a trailer. They go to ride through the desert, through different portions of the desert.","There is a child and a puppy swinging in the baby swings at the park.","There is a child on a camel as a man assists with getting her situated and leading her around on a ride."],"descriptions":[["There is a woman eating ice cream from a tub and talking to the camera man."," And he tries to look into the tub, but she pulls it away."," The camera person sits down to continue talking to the woman."," She gets up and he follows her through the house as she walks into the kitchen."," She puts the rest of the ice cream in the freezer and rinses the spoon."],["There is a man nodding in the first frame."," The video movies to the man putting up the wall paper by first measuring it out, lining up the pattern and putting it up on the wall."," He then unscrews a light switch and pulls it out just a little, making some slits in the fabric or paper, then putting the light switch back over the new wall paper."," The camera shows wall paper in a finished room, going over different rooms with different wall papers."," The man is later seen measuring and marking the wall, rolling out more wall paper and putting it up on the wall."," Then it shows two tables that look like they have also been wall papered."],["There are horses, and they are getting off a trailer."," They go to ride through the desert, through different portions of the desert."],["There is a child and a puppy swinging in the baby swings at the park."],["There is a child on a camel as a man assists with getting her situated and leading her around on a ride."]],"rates":[2,1,2,1,1],"timestaken":[478.672,716.88,189.436,44.937,104.023],"pausetime":[1,2,1,1,1]}