{"names":["v_TxiLjdHoXU4.mp4","v_Tz5eN8gV6F4.mp4","v_U0p4tW1LoPg.mp4","v_U_qCCwgS0OM.mp4","v_UEtVbSLGhfY.mp4"],"durations":[127.13,163.19,60.071,160.427007,8.429002],"timestamps":[[[0,18.43],[19.71,50.85],[50.22,91.53],[90.26,118.23]],[[0,22.03],[22.03,93.02],[92.2,159.93]],[[0,10.81],[10.21,30.64],[33.34,39.65],[39.35,60.07]],[[0,34.49],[32.89,81.82],[83.42,132.35],[133.96,160.43]],[[0,1.52],[1.64,8.43]]],"paragraph":["A gymnast stands ready at the end then flips up onto a beam. She performs a gymnastic routine while several people on the sides watch her. She continues flipping around the beam and doing various acrobatic tricks. She jumps down and gives her coach a hug while the camera shows her movements in slow motion and she speaks to a woman.","An intro starts and leads to a woman standing next to a German Sheppard on a table. A fast motion watch around of the shop occurs then shows the woman brushing the dog with several instruments. She pets the dog a bit while continuing to brush him and talking to the camera.","A group of people wearing swim caps move around a pool and toss a ball around with a man on the sides waving a flag. They play a game of water polo and throw the ball around to each other. One throws the ball into the net and causes the people on the side to jump and cheer. A video of the event shows in slow motion followed by men on the sidelines watching.","Intro leads into A man mopping up dirt on a floor and showing the tools afterwards. Several shots of mops pushing around dirt is shown followed by the better mop being dipped into water and dripped on a table. A 3d mop shows how it works with a woman also moping up things on her floor. Several other shots of people mopping are shown as well as people shrugging and where to buy the mops.","A person leads a large dog on a leash back and fourth on a hard wood floor. The dog drags the woman person around behind him and looks out the door and smiles."],"descriptions":[["A gymnast stands ready at the end then flips up onto a beam."," She performs a gymnastic routine while several people on the sides watch her."," She continues flipping around the beam and doing various acrobatic tricks."," She jumps down and gives her coach a hug while the camera shows her movements in slow motion and she speaks to a woman."],["An intro starts and leads to a woman standing next to a German Sheppard on a table."," A fast motion watch around of the shop occurs then shows the woman brushing the dog with several instruments."," She pets the dog a bit while continuing to brush him and talking to the camera."],["A group of people wearing swim caps move around a pool and toss a ball around with a man on the sides waving a flag."," They play a game of water polo and throw the ball around to each other."," One throws the ball into the net and causes the people on the side to jump and cheer."," A video of the event shows in slow motion followed by men on the sidelines watching."],["Intro leads into A man mopping up dirt on a floor and showing the tools afterwards."," Several shots of mops pushing around dirt is shown followed by the better mop being dipped into water and dripped on a table."," A 3d mop shows how it works with a woman also moping up things on her floor."," Several other shots of people mopping are shown as well as people shrugging and where to buy the mops."],["A person leads a large dog on a leash back and fourth on a hard wood floor."," The dog drags the woman person around behind him and looks out the door and smiles."]],"rates":[1,1,1,1,1],"timestaken":[131.687,120.782,246.132,126.533,71.457],"pausetime":[10,7,3,8,1]}