{"names":["v_vlwOSDuiKQA.mp4","v_vPhAXENSjiw.mp4","v_vr0Wi359kWM.mp4","v_vr7iD3pjmSU.mp4","v_vZzl0RbIQPM.mp4"],"durations":[200.527528,207.284535,172.686802,79.365804,178.515011],"timestamps":[[[0,4.01],[5.01,6.02],[12.03,32.08],[29.08,61.16],[63.17,82.22],[86.23,97.26],[100.26,113.3],[115.3,130.34],[131.35,143.38],[152.4,178.47],[188.5,200.53]],[[0,14.51],[15.55,23.84],[24.87,44.57],[74.62,96.39],[116.08,134.73],[146.14,165.83],[166.86,185.52],[190.7,207.28]],[[0,6.91],[18.13,46.63],[56.12,112.25],[116.56,163.19],[166.64,172.69]],[[0,64.68],[65.87,75]],[[0,14.28],[16.96,39.27],[42.84,67.84],[71.41,82.12],[83.9,99.08],[101.75,132.99],[148.17,178.52]]],"paragraph":["Quick shots show off the city where the convention is held. We see the exterior of a Porsche building. Inside a large crowd celebrates as competitors enter. Men begin to chop wood competitively, wood chunks fly with each stroke of the ax. Next men compete in using a saw on a log. Another wood chopping competition begins. Women come out for a dance performance. Another sawing competition begins, men using manual saws. After that, men compete to take down a huge log with just an ax. A man wins a trophy for winning a motorized sawing competition. More medals are given out to various winners.","The cheerleading team comes out for a performance. A girl attempts multiple flips and sticks the landing. Another girls follows suit as the team works hard in the background. The team shows off some dance moves next and the crowd cheers. After some more team-flips the team poses and celebrates as the routine ends. Several members hug and talk. The judges submit their scores and the team anticipates the results. The team is crowned the winners of the competition.","An intro shows off the products of the video. The host shows off each product and how they help clean a shoe. First we see the sneaker get cleaned. A basketball shoe is cleaned next. Some ads play to close the video.","An archery competition montage video shows pitched battles taking place in fields, convention halls of hotels, indoor arenas, and warehouses. A logo for Archery Tag appears and an ad plays for another video and subscription.","The host greets the video and introduces her recipe. The ingredients list appears and the host talks about them. The host begins to make the drink by starting a syrup. Next lemons are sliced on a cutting board. The many lemons are juiced one by one. The host fills the container with ice and pours in the liquid ingredients, followed by basil and lemon slices. The host decorates some straws and finishes her drink."],"descriptions":[["Quick shots show off the city where the convention is held."," We see the exterior of a Porsche building."," Inside a large crowd celebrates as competitors enter."," Men begin to chop wood competitively, wood chunks fly with each stroke of the ax."," Next men compete in using a saw on a log."," Another wood chopping competition begins."," Women come out for a dance performance."," Another sawing competition begins, men using manual saws."," After that, men compete to take down a huge log with just an ax."," A man wins a trophy for winning a motorized sawing competition."," More medals are given out to various winners."],["The cheerleading team comes out for a performance."," A girl attempts multiple flips and sticks the landing."," Another girls follows suit as the team works hard in the background."," The team shows off some dance moves next and the crowd cheers."," After some more team-flips the team poses and celebrates as the routine ends."," Several members hug and talk."," The judges submit their scores and the team anticipates the results."," The team is crowned the winners of the competition."],["An intro shows off the products of the video."," The host shows off each product and how they help clean a shoe."," First we see the sneaker get cleaned."," A basketball shoe is cleaned next."," Some ads play to close the video."],["An archery competition montage video shows pitched battles taking place in fields, convention halls of hotels, indoor arenas, and warehouses."," A logo for Archery Tag appears and an ad plays for another video and subscription."],["The host greets the video and introduces her recipe."," The ingredients list appears and the host talks about them."," The host begins to make the drink by starting a syrup."," Next lemons are sliced on a cutting board."," The many lemons are juiced one by one."," The host fills the container with ice and pours in the liquid ingredients, followed by basil and lemon slices."," The host decorates some straws and finishes her drink."]],"rates":[1,1,1,1,1],"timestaken":[475.988,428.016,213.355,160.478,428.619],"pausetime":[3,6,12,6,8]}