{"names":["v_X74SOIQRD4M.mp4","v_XB139ATiXuk.mp4","v_Xbk1XePzTIA.mp4","v_XkOO6lc5vxw.mp4","v_XQ4owd3yQ_4.mp4"],"durations":[134.327414,207.330975,59.930702,70.426122,30.34848],"timestamps":[[[0,8.06],[8.73,16.79],[17.46,91.34],[92.01,92.69],[94.7,127.61],[130.97,134.33]],[[0,3.11],[4.15,15.55],[27.99,33.17],[58.05,65.31],[73.6,102.63],[103.67,117.14],[160.68,168.97],[189.71,198],[192.82,207.33]],[[0,9.59],[20.38,30.86],[34.76,51.24],[53.34,59.93]],[[0,5.28],[7.39,13.73],[14.79,29.58],[30.28,39.44],[39.44,47.19],[47.89,52.82],[53.17,70.43]],[[0,4.7],[5.46,14.11],[15.33,23.82],[25.34,30.35]]],"paragraph":["A girl is at the sink, applying a cleanser to her face. The camera person grabs the cleanser and holds it up to the camera.The girl continues to apply the cleanser while talking about the product with the person holding the camera. Once it is applied, the girl washes her hands. She then washes her face, rinsing off the cleanser. She looks at the camera and laughs.","A well attended classical concert is shown. The composer speaks to the audience about music. The crowd applauds and smiles. The composer talks about music and the orchestra behind him. One member comes out to play the saxophone for a solo as the crowd claps along. The orchestra gradually joins in for a full performance. The song slows and builds as the crowd joins back in with claps. The song ends and the crowd applauds thunderously. The saxophonist bows and returns to her seat.","A man introduces himself to the camera and says he will show how to build a fire. He begins to break his starting stick and put leaves at the bottom of his filled fire pit. He turns on the lighter and starts at the bottom with the leaves. We see the full fire at night.","An intro shows off a hedge trimmer. A woman beings to speak about the hedge trimmer. The product is shown in action, trimming a bush. The woman shows off the blade, and charger. We see the product in use again. The woman shows the comfort grip. The woman talks about how to order the product.","A man pushes a table into the sand. He is then shown surfing on the bottom of the table in the ocean, gliding across a wave. Another angle is shown with the surfer effortlessly riding a wave on a table. He crashes along with the wave."],"descriptions":[["A girl is at the sink, applying a cleanser to her face."," The camera person grabs the cleanser and holds it up to the camera.","The girl continues to apply the cleanser while talking about the product with the person holding the camera."," Once it is applied, the girl washes her hands."," She then washes her face, rinsing off the cleanser."," She looks at the camera and laughs."],["A well attended classical concert is shown."," The composer speaks to the audience about music."," The crowd applauds and smiles."," The composer talks about music and the orchestra behind him."," One member comes out to play the saxophone for a solo as the crowd claps along."," The orchestra gradually joins in for a full performance."," The song slows and builds as the crowd joins back in with claps."," The song ends and the crowd applauds thunderously."," The saxophonist bows and returns to her seat."],["A man introduces himself to the camera and says he will show how to build a fire."," He begins to break his starting stick and put leaves at the bottom of his filled fire pit."," He turns on the lighter and starts at the bottom with the leaves."," We see the full fire at night."],["An intro shows off a hedge trimmer."," A woman beings to speak about the hedge trimmer."," The product is shown in action, trimming a bush."," The woman shows off the blade, and charger."," We see the product in use again."," The woman shows the comfort grip."," The woman talks about how to order the product."],["A man pushes a table into the sand."," He is then shown surfing on the bottom of the table in the ocean, gliding across a wave."," Another angle is shown with the surfer effortlessly riding a wave on a table."," He crashes along with the wave."]],"rates":[1,1,1,1,1],"timestaken":[327.108,398.274,139.695,197.434,143.945],"pausetime":[4,1,2,2,1]}