{"names":["v_xZOzVaTezm8.mp4","v_y4Y8gD1mpTw.mp4","v_yEFS8M4pgMU.mp4","v_YMSMASHyl2Y.mp4","v_YZacstLO0XA.mp4"],"durations":[139.621587,156.943673,161.726984,154.389478,130.171065],"timestamps":[[[7.68,134.04],[16.06,134.04],[34.21,134.04],[52.36,134.04],[63.53,134.04],[76.09,134.04],[90.06,134.04],[103.32,134.04],[107.51,134.04],[120.07,134.04],[130.55,134.04]],[[19.62,150.67],[34.53,150.67],[63.56,150.67],[86.32,150.67],[102.8,150.67],[120.85,150.67],[142.03,150.67]],[[31.54,155.26],[77.63,155.26],[110.78,155.26],[148.79,155.26]],[[15.44,148.21],[47.86,148.21],[77.19,148.21],[110.39,148.21],[135.86,148.21]],[[11.72,124.96],[18.87,124.96],[31.24,124.96],[42.96,124.96],[57.28,124.96],[73.55,124.96],[89.17,124.96],[109.99,124.96]]],"paragraph":["A man dressed in a batman costume is running down a street. He then enters his home and goes to his kitchen. He shows the ingredients that are required to make a sandwich. He takes a piece of cheese and cuts it with a butter knife. He takes a piece of bread and puts the cut cheese and spring greens on it. He then puts slices of turkey meat over it and then puts mayonnaise on the bread. He takes a tomato and begins to slice it. Then he puts the tomato slices on the bread and tops it off with some salami. He pours some mustard over the sandwich. He takes the other bread slice and uses a butter knife to carve out of a figure of a bat. He then places that piece of bread over the meat to finish off the sandwich.","A woman is doing a tutorial on how to do water marble nails using water. She uses a nail polish brush and dips it in water. She gives the instructions on how to start with a base coat of nail polish. Then she puts drops of different colored nail polish on the water surface. Then she dips her nail into that paint. She cleans off any excess nail polish that has smeared on the side of the nails with a paint brush and Q-tip. She finally shares information about herself and her social media accounts.","There two teams of men playing the game of tug of war in a gym.There are several people seated in the gym watching them play the game. The referee is standing next to the contestants as they continue to pull the rope harder. The opposing team pulls harder and the team in the white ends up falling down and losing.","A woman dressed in a black top is talking about American Grooming services for pets. She demonstrates all the various grooming services that her company provides for pets. There are several groomers working on dogs as they trim and shear pet hair and clip their nails. The groomers talk about where they have graduated from and how they got hired for the job. The video shows how different dogs are groomed by professional groomers that provide quality services.","A man is demonstrating how to make a three egg omelette in his kitchen. He starts by cracking the eggs in a clear glass bowl. He then beats the eggs well and adds some butter into the saucepan. He pours the raw egg batter into the pan. He lifts the pan and moves it around to shuffle the eggs. He then tops is off with some grated cheese. He takes a fork and slides the omelette into a white plate. He then garnishes it with some greens on top for a healthy touch."],"descriptions":[["A man dressed in a batman costume is running down a street."," He then enters his home and goes to his kitchen."," He shows the ingredients that are required to make a sandwich."," He takes a piece of cheese and cuts it with a butter knife."," He takes a piece of bread and puts the cut cheese and spring greens on it."," He then puts slices of turkey meat over it and then puts mayonnaise on the bread."," He takes a tomato and begins to slice it."," Then he puts the tomato slices on the bread and tops it off with some salami."," He pours some mustard over the sandwich."," He takes the other bread slice and uses a butter knife to carve out of a figure of a bat."," He then places that piece of bread over the meat to finish off the sandwich."],["A woman is doing a tutorial on how to do water marble nails using water."," She uses a nail polish brush and dips it in water."," She gives the instructions on how to start with a base coat of nail polish."," Then she puts drops of different colored nail polish on the water surface."," Then she dips her nail into that paint."," She cleans off any excess nail polish that has smeared on the side of the nails with a paint brush and Q-tip."," She finally shares information about herself and her social media accounts."],["There two teams of men playing the game of tug of war in a gym.","There are several people seated in the gym watching them play the game."," The referee is standing next to the contestants as they continue to pull the rope harder."," The opposing team pulls harder and the team in the white ends up falling down and losing."],["A woman dressed in a black top is talking about American Grooming services for pets."," She demonstrates all the various grooming services that her company provides for pets."," There are several groomers working on dogs as they trim and shear pet hair and clip their nails."," The groomers talk about where they have graduated from and how they got hired for the job."," The video shows how different dogs are groomed by professional groomers that provide quality services."],["A man is demonstrating how to make a three egg omelette in his kitchen."," He starts by cracking the eggs in a clear glass bowl."," He then beats the eggs well and adds some butter into the saucepan."," He pours the raw egg batter into the pan."," He lifts the pan and moves it around to shuffle the eggs."," He then tops is off with some grated cheese."," He takes a fork and slides the omelette into a white plate."," He then garnishes it with some greens on top for a healthy touch."]],"rates":[1,1,1,1,1],"timestaken":[508.841,328.921,246.107,279.963,333.125],"pausetime":[3,2,2,3,3]}