{"names":["v_5ohc1_X2W80.mp4","v_5OhIRnEFMyw.mp4","v_5QBRDpzedoI.mp4","v_5qublDzEgsw.mp4","v_6Bm-_hI5A9A.mp4"],"durations":[60.488005,217.502,117.865011,130.845011,171.944],"timestamps":[[[0,58.37],[2.72,21.78],[36.9,60.49]],[[0,33.71],[31.54,85.91],[73.95,127.24],[123.98,217.5]],[[0,17.09],[19.45,117.87]],[[0,22.24],[20.94,102.71],[106.64,130.85]],[[2.58,171.94],[92.85,171.94]]],"paragraph":["Two people are shown pushing around a lawn mower and cutting the lawn. The bump into each other when one turns around the other follows close behind. The male walks up to the house and continues coming back around towards the woman.","A girl smiles at a camera holding a violin and pulls her hair behind her head. She continues talking to the camera followed by her playing the violin. She takes her hair down and continues talking to the camera and showing various violin moves while singing. She once again puts her hair up and continues with her playing.","A man is running down a track in slow motion doing several jumps and landing into a pit. The same man is shown several times through various clips in slow motion performing the long jump on a track field.","Two men are shown playing soccer in a gym followed by a pan out showing more players. The man is white leads the ball down the gym several times and performing various tricks and goals. The game continues on with the men doing back and fourth playing with the soccer ball.","A man is shown playing a violin in front of a video game being played on tv. The man continues playing the instrument while the tv in the background shows a game being played."],"descriptions":[["Two people are shown pushing around a lawn mower and cutting the lawn."," The bump into each other when one turns around the other follows close behind."," The male walks up to the house and continues coming back around towards the woman."],["A girl smiles at a camera holding a violin and pulls her hair behind her head."," She continues talking to the camera followed by her playing the violin."," She takes her hair down and continues talking to the camera and showing various violin moves while singing."," She once again puts her hair up and continues with her playing."],["A man is running down a track in slow motion doing several jumps and landing into a pit."," The same man is shown several times through various clips in slow motion performing the long jump on a track field."],["Two men are shown playing soccer in a gym followed by a pan out showing more players."," The man is white leads the ball down the gym several times and performing various tricks and goals."," The game continues on with the men doing back and fourth playing with the soccer ball."],["A man is shown playing a violin in front of a video game being played on tv."," The man continues playing the instrument while the tv in the background shows a game being played."]],"rates":[1,1,1,1,1],"timestaken":[92.164,96.985,61.988,85.941,57.067],"pausetime":[3,9,4,2,5]}