{"names":["v_96kej9yK8To.mp4","v_99Mk5a8Tvyk.mp4","v_9BR5LChbBLQ.mp4","v__8m1tlowwKM.mp4","v__dLbtK8_SHo.mp4"],"durations":[129.242267,143.476099,116.866031,130.147845,213.228843],"timestamps":[[[18.74,122.13],[32.96,122.13],[63.97,122.13],[91.76,122.13],[113.73,122.13]],[[14.35,135.58],[33.72,135.58],[60.98,135.58],[85.37,135.58],[104.74,135.58],[111.91,135.58],[128.41,135.58]],[[10.52,110.44],[25.13,110.44],[43.82,110.44],[85.9,110.44],[102.84,110.44]],[[18.87,122.99],[35.14,122.99],[87.2,122.99],[119.09,122.99]],[[21.32,201.5],[54.37,201.5],[109.81,201.5],[134.33,201.5],[157.79,201.5],[189.77,201.5]]],"paragraph":["There's man dressed in a black sweater playing the violin in a church. There's a woman standing next to him, also dressed on black holding a violin in her hands. There's a statue of Jesus Christ right behind them. After the man stops playing the violin, the woman joins in and begins playing her violin. there are a few people seated in the front row, watching the woman play.","There's a man wearing a red hat and a black shirt training and playing with his dog in a dog park. There are several other people in that park with their dogs, sitting under canopies. The man is throwing a Frisbee for the dog to fetch. The dog is running around and fetching the Frisbee for its owner. The dog jumps up high to catch the Frisbee. The man also throws a ball to the dog for him to fetch. The man lifts the dog up and walks away with it.","There's a black and red colored race car in a parking lot. A man wearing beige shorts begins cleaning the black race car with a cloth and a spray. He wipes the car down to make it shiny and clean. Both the cars are parked in the parking lot, looking clean and sparkly after a car wash. Information about Hand Job, mobile waterless car wash is shown on the screen.","A man with long sideburns wearing a red colored robe is playing the piano. there's another man in a blue shirt standing near him, busy engaged in packing some bags. The main in red continues playing the piano as the other man carries two bags and leaves. The man stops playing the piano and waves to the other person as he gets up and leaves.","The video is about a tennis tutorial and drill by Edgar Giffenig. There are two lady tennis players on a clay court who are demonstrating how to throw the ball up high to the partner. The player is shuffling behind the net and turning the racquet upside down in between the shots. Then the players demonstrate another drill as they shuffle on the tennis court in between shots and returning the balls. The player bounces the ball back with the tip of the racquet handle. They continue playing while demonstrating the tennis drill."],"descriptions":[["There's man dressed in a black sweater playing the violin in a church."," There's a woman standing next to him, also dressed on black holding a violin in her hands."," There's a statue of Jesus Christ right behind them."," After the man stops playing the violin, the woman joins in and begins playing her violin."," there are a few people seated in the front row, watching the woman play."],["There's a man wearing a red hat and a black shirt training and playing with his dog in a dog park."," There are several other people in that park with their dogs, sitting under canopies."," The man is throwing a Frisbee for the dog to fetch."," The dog is running around and fetching the Frisbee for its owner."," The dog jumps up high to catch the Frisbee."," The man also throws a ball to the dog for him to fetch."," The man lifts the dog up and walks away with it."],["There's a black and red colored race car in a parking lot."," A man wearing beige shorts begins cleaning the black race car with a cloth and a spray."," He wipes the car down to make it shiny and clean."," Both the cars are parked in the parking lot, looking clean and sparkly after a car wash."," Information about Hand Job, mobile waterless car wash is shown on the screen."],["A man with long sideburns wearing a red colored robe is playing the piano."," there's another man in a blue shirt standing near him, busy engaged in packing some bags."," The main in red continues playing the piano as the other man carries two bags and leaves."," The man stops playing the piano and waves to the other person as he gets up and leaves."],["The video is about a tennis tutorial and drill by Edgar Giffenig."," There are two lady tennis players on a clay court who are demonstrating how to throw the ball up high to the partner."," The player is shuffling behind the net and turning the racquet upside down in between the shots."," Then the players demonstrate another drill as they shuffle on the tennis court in between shots and returning the balls."," The player bounces the ball back with the tip of the racquet handle."," They continue playing while demonstrating the tennis drill."]],"rates":[1,1,1,1,1],"timestaken":[187.466,364.619,303.691,240.699,336.421],"pausetime":[1,1,2,1,1]}