{"names":["v_jgNeMnPVfkQ.mp4","v_Jifw8dC5yTM.mp4","v_jIQFVSymHQs.mp4","v_jmmOBfS3JIg.mp4","v_JnYteBN2LDI.mp4"],"durations":[70.612,150.094,11.727,105.071,61.092],"timestamps":[[[0,9.18],[5.3,16.95],[15.89,16.95],[16.95,23.3],[22.6,42.72],[43.07,43.78],[43.43,67.08]],[[0,9.76],[11.26,13.51],[13.51,27.77],[27.77,139.59],[139.59,150.09]],[[0,2.52],[2.46,11.73]],[[0,3.68],[3.15,13.66],[13.66,15.24],[15.24,77.23],[78.8,79.85],[80.38,105.07]],[[0,5.19],[5.8,10.39],[10.39,18.63],[18.33,24.74],[18.02,24.74],[24.44,35.43],[35.43,38.18],[37.88,40.93],[40.02,47.35],[48.26,61.09]]],"paragraph":["A player on the orange team skates with the puck until he is tripped up and falls. Player 18 on the grey team retrieves the puck and makes a break down the ice perused by defenders. Player 18 takes a shot on the goal. The goalie on the orange team blocks the shot and puts the puck back into play. Player 4 on the orange team takes the puck down the ice passing once to himself passed defenders. Player 4 takes a shot on the goal and scores. Player 4 and teammates celebrate and the win and skate off the ice.","A young man in blue t-shirt walks through small dance studio room. The young man sets his stereo down on a chair. The man young man warms up and does a one handed handstand. The man does a break dance routine doing hand stands and spins. End credits are shown with names written in cursive.","An inflatable ball bounces on the grass as kids watch playing a game. A young boy in blue shirt and jeans retrieves the ball and runs towards the group.","A man in dress shirt taps his cloth on the spout of a glass container to get it damp. The man uses his cloth wrapped around his index and middle finer to polish a shoe. The man rubs his cloth in a shoe polish tin for more of the substance. The man continues to polish the show around the toe of the shoe. The man again rubs his cloth in the tin for more polish. The man continues to polish the show around the toe of the shoe near the toe in a circular motion.","A male bartender stands behind a bar in front of drinks and mixing cups. The man picks up a steel sup and pours its contents of ice into a glass he holds in opposite hand. The man then picks up a small steel shot glass and fills it with liquir. The man then pours the liquir into from the shot glass into the glass cup with ice. The man picks up another glass with red juice inside and pours it into the glass with ice before setting back down. The man pours the cup with all the liquids into a mixing cup then uses it to cap and shake the mixer. The man stops shaking and sepperates the two cups, setting them back on the counter. The man grabs a third empty glass and moves it to the opposite side of the counter. The man picks up the mixer and pours its contents into the empty glass before setting it back down. The man then adds a staw and miniature umbrella into the drink for decoration before holding up the glass."],"descriptions":[["A player on the orange team skates with the puck until he is tripped up and falls."," Player 18 on the grey team retrieves the puck and makes a break down the ice perused by defenders."," Player 18 takes a shot on the goal."," The goalie on the orange team blocks the shot and puts the puck back into play."," Player 4 on the orange team takes the puck down the ice passing once to himself passed defenders."," Player 4 takes a shot on the goal and scores."," Player 4 and teammates celebrate and the win and skate off the ice."],["A young man in blue t-shirt walks through small dance studio room."," The young man sets his stereo down on a chair."," The man young man warms up and does a one handed handstand."," The man does a break dance routine doing hand stands and spins."," End credits are shown with names written in cursive."],["An inflatable ball bounces on the grass as kids watch playing a game."," A young boy in blue shirt and jeans retrieves the ball and runs towards the group."],["A man in dress shirt taps his cloth on the spout of a glass container to get it damp."," The man uses his cloth wrapped around his index and middle finer to polish a shoe."," The man rubs his cloth in a shoe polish tin for more of the substance."," The man continues to polish the show around the toe of the shoe."," The man again rubs his cloth in the tin for more polish."," The man continues to polish the show around the toe of the shoe near the toe in a circular motion."],["A male bartender stands behind a bar in front of drinks and mixing cups."," The man picks up a steel sup and pours its contents of ice into a glass he holds in opposite hand."," The man then picks up a small steel shot glass and fills it with liquir."," The man then pours the liquir into from the shot glass into the glass cup with ice."," The man picks up another glass with red juice inside and pours it into the glass with ice before setting back down."," The man pours the cup with all the liquids into a mixing cup then uses it to cap and shake the mixer."," The man stops shaking and sepperates the two cups, setting them back on the counter."," The man grabs a third empty glass and moves it to the opposite side of the counter."," The man picks up the mixer and pours its contents into the empty glass before setting it back down."," The man then adds a staw and miniature umbrella into the drink for decoration before holding up the glass."]],"rates":[1,1,1,2,1],"timestaken":[916.883,636.775,449,2006.296,1365.301],"pausetime":[26,8,11,5,3]}