{"names":["v_6jxqb8FyWnQ.mp4","v_7Iy7Cjv2SAE.mp4","v_7KYj4FQUESo.mp4","v_83a5nOzZU1g.mp4","v_8Zgys8Vn-4Y.mp4"],"durations":[40.125011,195.466009,29.49,92.23,178.167007],"timestamps":[[[0,7.42],[8.43,19.66],[20.46,40.13]],[[0,62.55],[58.64,187.65]],[[0.44,28.31],[11.21,28.02]],[[0.46,25.36],[25.36,92.23]],[[1.78,91.76],[93.54,171.93]]],"paragraph":["Two men are shown sitting at a table with their arms crossed one another. They grab each other's hand and begin an arm wrestling match with one yelling to the other. One almost wins but the other pulls back quickly and wins while screaming and pushing.","An intro leads into a woman using a brush to push hair off a large dog. She continues brushing on several other dogs and giving them pets before sitting down and petting them.","A person is shown vacuuming a large rug with a green vacuum cleaner. A caption comes up on the screen while the man continues to use the vacuum all over the rug.","A drink is being poured into a glass followed by a woman grabbing a glass and pouring mixtures into it. She creates an alcoholic drink by pouring several different mixes together and the camera zooming in on the drink.","A person is shown on skis riding behind a boat on water performing various tricks. The man continues doing several different tricks on the skis and the boat moving a lot faster."],"descriptions":[["Two men are shown sitting at a table with their arms crossed one another."," They grab each other's hand and begin an arm wrestling match with one yelling to the other."," One almost wins but the other pulls back quickly and wins while screaming and pushing."],["An intro leads into a woman using a brush to push hair off a large dog."," She continues brushing on several other dogs and giving them pets before sitting down and petting them."],["A person is shown vacuuming a large rug with a green vacuum cleaner."," A caption comes up on the screen while the man continues to use the vacuum all over the rug."],["A drink is being poured into a glass followed by a woman grabbing a glass and pouring mixtures into it."," She creates an alcoholic drink by pouring several different mixes together and the camera zooming in on the drink."],["A person is shown on skis riding behind a boat on water performing various tricks."," The man continues doing several different tricks on the skis and the boat moving a lot faster."]],"rates":[1,1,1,1,1],"timestaken":[73.392,71.945,73.745,62.43,109.676],"pausetime":[1,7,3,5,5]}