{"names":["v_BVzW_OoUmnU.mp4","v_bxRZ-Lvjgzk.mp4","v_BY5mz30u5_8.mp4","v_cGtK7bs-TE8.mp4","v_COeXmBZpLSE.mp4"],"durations":[84.266009,236.844,32.694,60.442,110.853],"timestamps":[[[0,12.64],[10.95,42.13],[41.29,65.73],[66.57,84.27]],[[0,39.08],[36.71,236.84]],[[0,6.54],[6.38,32.69]],[[0,11.48],[12.39,60.44]],[[0,12.19],[11.09,18.85],[18.29,64.29],[65.96,110.85]]],"paragraph":["A boy is standing out in the woods holding a piece of bark and talking to the camera. A woman is seen making a stack of logs while the boy walks into frame. She continues lighting the stick until a flame begins and puts it into the fire. The fire gradually gets bigger and the woman puts more and more bark into it.","An intro leads into A close up of a painting and a paintbrush swirling around and around. The hand holding the brush begins painting grass into the painting slowly down the picture.","A person is seen standing on a wake board point out and moving himself around. The camera follows him gliding out into the water gradually going further and further.","A fast motion video is shown of various people raking leaves around a yard. Two boys look around towards each other and continue raking the leaks until the yard is done.","An intro to Dancing with the Stars shows followed by a man playing piano and a couple looking off into the distance. The woman begins playing the piano when the man standing plays and grabs her. They twirl around a large stage surrounded by hundreds of people watching them dance. The man picks her up and twirls her around the music and ends with audience clapping."],"descriptions":[["A boy is standing out in the woods holding a piece of bark and talking to the camera."," A woman is seen making a stack of logs while the boy walks into frame."," She continues lighting the stick until a flame begins and puts it into the fire."," The fire gradually gets bigger and the woman puts more and more bark into it."],["An intro leads into A close up of a painting and a paintbrush swirling around and around."," The hand holding the brush begins painting grass into the painting slowly down the picture."],["A person is seen standing on a wake board point out and moving himself around."," The camera follows him gliding out into the water gradually going further and further."],["A fast motion video is shown of various people raking leaves around a yard."," Two boys look around towards each other and continue raking the leaks until the yard is done."],["An intro to Dancing with the Stars shows followed by a man playing piano and a couple looking off into the distance."," The woman begins playing the piano when the man standing plays and grabs her."," They twirl around a large stage surrounded by hundreds of people watching them dance."," The man picks her up and twirls her around the music and ends with audience clapping."]],"rates":[1,1,1,1,1],"timestaken":[83.085,68.308,73.158,45.242,104.825],"pausetime":[4,7,1,1,5]}