{"names":["v_hDV6wQKvKCg.mp4","v_hjDGz9OhwvM.mp4","v_I6riV09yqm8.mp4","v_igwT-3gprOI.mp4","v_iiY3TE2O1QE.mp4"],"durations":[44.42,129.452,60.071,114.173,38.801],"timestamps":[[[0,14.44],[14.44,44.42]],[[1.94,34.3],[27.18,106.15],[107.45,129.45]],[[0,9.31],[12.92,46.56]],[[0,15.41],[13.7,114.17]],[[0,3.49],[3.3,16.88],[16.1,38.8]]],"paragraph":["A young girl is shown swinging back and fourth on a swingset and smiling into the camera. She continues going back and fourth while the camera captures her yelling at the camera.","A young girl is showing sitting on a floor talking to the camera and pretending to iron. She prays the bottle of water onto the clothes and irons doing this several times. She flips over the shirt to continue ironing and looks off into the distance.","An intro leads into a woman preparing to jump and flips around and around on bars. She continues her gymnastic routine flipping through the bars with a bar spotting her and she finishes by putting her arms up.","A woman is shown talking to the camera with her hands and the camera pointing to a building. She stands in front of the building doing a several little dances and continues this in front of several buildings and locations.","A camera is held by someone under water and swimming in the ocean. It pans to several shots of men playing soccer on a beach and kick the ball around. The camera pans over the ball followed by several more shots of the man playing."],"descriptions":[["A young girl is shown swinging back and fourth on a swingset and smiling into the camera."," She continues going back and fourth while the camera captures her yelling at the camera."],["A young girl is showing sitting on a floor talking to the camera and pretending to iron."," She prays the bottle of water onto the clothes and irons doing this several times."," She flips over the shirt to continue ironing and looks off into the distance."],["An intro leads into a woman preparing to jump and flips around and around on bars."," She continues her gymnastic routine flipping through the bars with a bar spotting her and she finishes by putting her arms up."],["A woman is shown talking to the camera with her hands and the camera pointing to a building."," She stands in front of the building doing a several little dances and continues this in front of several buildings and locations."],["A camera is held by someone under water and swimming in the ocean."," It pans to several shots of men playing soccer on a beach and kick the ball around."," The camera pans over the ball followed by several more shots of the man playing."]],"rates":[1,1,1,4,1],"timestaken":[68.179,131.235,154.072,140.112,95.623],"pausetime":[2,6,5,5,1]}