{"names":["v_o9gsbkp135s.mp4","v_OhPSVjVQZ8o.mp4","v_OjQHQptSXk0.mp4","v_OO3NO29L50U.mp4","v_OqLrsVv44MY.mp4"],"durations":[27.377007,9.962,134.537007,204.592,38.267007],"timestamps":[[[0,26.97],[13.55,26.97]],[[0,9.81],[0.3,9.36]],[[2.69,119.74],[30.94,111.67]],[[0,83.88],[87.97,204.59]],[[0,38.27],[3.06,35.59]]],"paragraph":["A person is shown outside brushing snow off of a car with lights on. The man walks around the car pushing more of the snow off and shutting the door.","A young child wearing a helmet is climbing on monkey bars on a playground with a small boy underneath her. A person riding a bike goes around the young girl and she climbs until the last bar.","A large parade of people marching down a street is shown with several hundred people watching on the side. The people continue playing the instruments as the camera pans around the large group of people and following the parade.","A person's hand is shown sticking a pen into some water followed by a bit of nail polish. The water changes colors as the various paints are shown and the person creates a swirling pattern into the water.","A woman smiling at the camera is shown scraping off her car with a scraper. She talks to the camera man while smiling at the camera and continuing to scrape."],"descriptions":[["A person is shown outside brushing snow off of a car with lights on."," The man walks around the car pushing more of the snow off and shutting the door."],["A young child wearing a helmet is climbing on monkey bars on a playground with a small boy underneath her."," A person riding a bike goes around the young girl and she climbs until the last bar."],["A large parade of people marching down a street is shown with several hundred people watching on the side."," The people continue playing the instruments as the camera pans around the large group of people and following the parade."],["A person's hand is shown sticking a pen into some water followed by a bit of nail polish."," The water changes colors as the various paints are shown and the person creates a swirling pattern into the water."],["A woman smiling at the camera is shown scraping off her car with a scraper."," She talks to the camera man while smiling at the camera and continuing to scrape."]],"rates":[1,1,1,1,1],"timestaken":[43.124,106.992,68.144,103.177,69.251],"pausetime":[1,1,1,4,2]}