{"names":["v_KV0L45xelkE.mp4","v_kXCtmH4V0TI.mp4","v_l7nsRRyzD4k.mp4","v_M0cKfbLMlSA.mp4","v_m6T68amiXjs.mp4"],"durations":[68.848,12.586,32.555,209.77,234.963],"timestamps":[[[5.16,61.62],[22.03,32.36],[32.36,37.52],[37.87,62.31]],[[0,3.27],[3.21,7.93],[7.99,10.01],[10.07,12.59]],[[0,22.3],[2.93,4.72],[10.74,19.04],[22.46,28.32],[28.49,32.56]],[[0,4.2],[4.2,183.55],[33.56,138.45],[148.94,153.13],[183.55,209.77],[187.74,206.62]],[[0,24.67],[23.5,32.89],[30.55,50.52],[41.12,46.99],[48.17,56.39],[56.39,212.64],[220.87,225.56]]],"paragraph":["A female basketball coach is seen instructing a group of girl basketball players who are standing in line on a basketball court. The first girl passes to another coach and then runs to the net and takes a layup. The girls continue to do the drill on the right side. The girls move to the left side and perform the same drill on the left side of the court.","A man is shown entering a circular caged area with one side open. The man begins rotating a ball that is attached to a string around him. The man begins spinning his body quickly in circles. The man lets go of the string and the ball flies through the air.","A group of people is building sand castles on the beach. A girl waves to the camera. A man is seen digging in the sand. A girl is seen looking through a beach bag. The girl finds what she is looking for.","Two pairs of men are getting ready to box. Both pairs of men are seen boxing. Another pair of men are seen talking and gesturing about boxing in the distance. The main pair of boxers take a short break. All groups stop boxing and begin to talk. One of the men begins hanging on a rope and swinging forwards and backwards.","A boy with a hat is seen walking and talking behind some trees. The boy sneaks out onto a field where another boy is playing field hockey. The boy in the hat takes the ball. The boy playing field hockey is seen leaping around in the background. The boy in the hat kicks the ball back to the field hockey player and another player is seen. The two field hockey players are seen running around and hitting the field hockey ball with their sticks. One of the field hockey players is seen with his arms and legs wrapped around the leg of the boy with the hat."],"descriptions":[["A female basketball coach is seen instructing a group of girl basketball players who are standing in line on a basketball court."," The first girl passes to another coach and then runs to the net and takes a layup."," The girls continue to do the drill on the right side."," The girls move to the left side and perform the same drill on the left side of the court."],["A man is shown entering a circular caged area with one side open."," The man begins rotating a ball that is attached to a string around him."," The man begins spinning his body quickly in circles."," The man lets go of the string and the ball flies through the air."],["A group of people is building sand castles on the beach."," A girl waves to the camera."," A man is seen digging in the sand."," A girl is seen looking through a beach bag."," The girl finds what she is looking for."],["Two pairs of men are getting ready to box."," Both pairs of men are seen boxing."," Another pair of men are seen talking and gesturing about boxing in the distance."," The main pair of boxers take a short break."," All groups stop boxing and begin to talk."," One of the men begins hanging on a rope and swinging forwards and backwards."],["A boy with a hat is seen walking and talking behind some trees."," The boy sneaks out onto a field where another boy is playing field hockey."," The boy in the hat takes the ball."," The boy playing field hockey is seen leaping around in the background."," The boy in the hat kicks the ball back to the field hockey player and another player is seen."," The two field hockey players are seen running around and hitting the field hockey ball with their sticks."," One of the field hockey players is seen with his arms and legs wrapped around the leg of the boy with the hat."]],"rates":[1,1,1,0.5,4],"timestaken":[1293.864,405.516,2188.871,931.177,791.45],"pausetime":[24,5,9,7,4]}