{"names":["v_jLwUrFMRGzY.mp4","v_jmWtHelsblo.mp4","v_jXARa4T2G8o.mp4","v_K-r_Tj7uFGw.mp4","v_K5X_ytiMuqc.mp4"],"durations":[78.623,214.506009,166.65,60.117007,111.271],"timestamps":[[[0,10.61],[10.22,48.75],[47.57,78.62]],[[0,209.14],[95.46,209.14]],[[0,23.33],[25,84.16],[96.66,166.65]],[[0,22.24],[22.24,60.12]],[[0,13.35],[15.02,34.49],[33.94,111.27]]],"paragraph":["An intro is shown followed by two people and a man talking to the camera. The camera pans out to more people and shows them performing an exercise that swings their legs back and fourth. The people continue following the instructor through various movements while he leads them in the exercise.","A large group of people are shown performing a dance routine together with one woman leading in front. The people continue moving their arms and legs around together to move their bodies and obtain exercise.","An intro leads into a camera panning around various snow locations with people moving and plows moving. The camera shows several different people stretching and warming up followed by two people falling over and standing up. Several clips are shown of snow boarders doing tricks on a mountain as well as jumps and grinds.","A girl is sitting on a large chair with two girls beside her and a man tattooing her foot. Another man steps into frame and the girls continue talking to each other while the artist.","A girl talks to a camera shes holding on followed by shots of a store and her dog in a car. She records several items shown around the store and then herself in a bikini. She puts the lotion on herself standing in front of a lake and smiling into the camera."],"descriptions":[["An intro is shown followed by two people and a man talking to the camera."," The camera pans out to more people and shows them performing an exercise that swings their legs back and fourth."," The people continue following the instructor through various movements while he leads them in the exercise."],["A large group of people are shown performing a dance routine together with one woman leading in front."," The people continue moving their arms and legs around together to move their bodies and obtain exercise."],["An intro leads into a camera panning around various snow locations with people moving and plows moving."," The camera shows several different people stretching and warming up followed by two people falling over and standing up."," Several clips are shown of snow boarders doing tricks on a mountain as well as jumps and grinds."],["A girl is sitting on a large chair with two girls beside her and a man tattooing her foot."," Another man steps into frame and the girls continue talking to each other while the artist."],["A girl talks to a camera shes holding on followed by shots of a store and her dog in a car."," She records several items shown around the store and then herself in a bikini."," She puts the lotion on herself standing in front of a lake and smiling into the camera."]],"rates":[1,4,1,1,4],"timestaken":[91.772,94.025,109.286,177.113,160.709],"pausetime":[6,0,9,2,5]}