{"names":["v_sV4vBuWGJng.mp4","v_sYPd_0tC318.mp4","v_t1s7ST4FRJc.mp4","v_TBFAAb62ou4.mp4","v_tDG8VoRQTuM.mp4"],"durations":[73.212517,213.971882,192.098684,54.381133,174.196099],"timestamps":[[[15.74,66.62],[34.04,66.62],[50.52,66.62],[62.6,66.62]],[[46,194.71],[67.4,194.71],[108.06,194.71],[138.01,194.71],[156.2,194.71],[191.5,213.97],[205.41,213.97]],[[28.81,192.1],[65.31,192.1],[107.58,192.1],[172.89,192.1]],[[16.31,54.38],[37.25,54.38],[51.39,54.38]],[[27.87,174.2],[53.13,174.2],[74.9,174.2],[104.52,174.2],[128.91,174.2],[165.49,174.2]]],"paragraph":["The video shows a tutorial from Howcast on how to create volume in a haircut. A lady hair dresser wearing a green shirt and pants is demonstrating a haircut on a model wearing a black tank top. She shows how to section the lady's hair and cuts the hair in a slanting manner. She explains how this technique helps in creating extra volume in the crown of the head.","There's a woman skurfing where the woman is towed on a surf board behind a sailboat. The woman surfer jumps up high as the sailboat sails in the water. The woman twists and turns around while on the surf board. The sailboat continues to pull the woman and she balances perfectly on the surfs as she twists and turns and spins on the surfs. She goes in a zig zag pattern making foamy waves in the water as the boats speeds up. The same surfing is watched on television as a guy and a another woman put several medals around the surfer's neck. The surfer pretends to fall down with the sheer weight of the medals.","There are four women dancing to a choreographed dance to some Hip Hop music in a studio. They follow a synchronized and rhythmic beat to follow the same steps as the rest of the dancers. They continue following the steps one after the other in a structured manner where everybody is shaking their hands and legs rhythmically. Their dance moves change as the music changes and they slow down or move faster according to the beat of the song.","A man wearing a black baseball hat and a black shirt is playing an acoustic guitar. He is playing the Beatles song Yesterday on his guitar. He plays till the entire song is over and then stops and smiles at the camera.","There are two people talking about stilts used by stunt men. They are standing on a street near several clubs and restaurants. One of the men is demonstrating how the stilts are used in stunts. Henry, the guy dressed in the white shirt is showing how high he can jump with the stilts and perform stunts. He shows numerous tricks on how he jumps up high and over benches and tables. He shows how he uses the Power Riser jumping skills on the streets and in the park."],"descriptions":[["The video shows a tutorial from Howcast on how to create volume in a haircut."," A lady hair dresser wearing a green shirt and pants is demonstrating a haircut on a model wearing a black tank top."," She shows how to section the lady's hair and cuts the hair in a slanting manner."," She explains how this technique helps in creating extra volume in the crown of the head."],["There's a woman skurfing where the woman is towed on a surf board behind a sailboat."," The woman surfer jumps up high as the sailboat sails in the water."," The woman twists and turns around while on the surf board."," The sailboat continues to pull the woman and she balances perfectly on the surfs as she twists and turns and spins on the surfs."," She goes in a zig zag pattern making foamy waves in the water as the boats speeds up."," The same surfing is watched on television as a guy and a another woman put several medals around the surfer's neck."," The surfer pretends to fall down with the sheer weight of the medals."],["There are four women dancing to a choreographed dance to some Hip Hop music in a studio."," They follow a synchronized and rhythmic beat to follow the same steps as the rest of the dancers."," They continue following the steps one after the other in a structured manner where everybody is shaking their hands and legs rhythmically."," Their dance moves change as the music changes and they slow down or move faster according to the beat of the song."],["A man wearing a black baseball hat and a black shirt is playing an acoustic guitar."," He is playing the Beatles song Yesterday on his guitar."," He plays till the entire song is over and then stops and smiles at the camera."],["There are two people talking about stilts used by stunt men."," They are standing on a street near several clubs and restaurants."," One of the men is demonstrating how the stilts are used in stunts."," Henry, the guy dressed in the white shirt is showing how high he can jump with the stilts and perform stunts."," He shows numerous tricks on how he jumps up high and over benches and tables."," He shows how he uses the Power Riser jumping skills on the streets and in the park."]],"rates":[1,1,1,1,1],"timestaken":[268.075,539.644,348.844,94.449,284.148],"pausetime":[2,3,1,1,3]}