{"names":["v_So3EfVyUP64.mp4","v_soeRPsbkfas.mp4","v_sRMrtzg0nwU.mp4","v_SSLcbqaBiRM.mp4","v_SV-8M3HNk1s.mp4"],"durations":[63.879002,63.321,92.23,208.934,208.492],"timestamps":[[[0,23],[25.23,63.88]],[[0,63.32],[23.11,63.32]],[[0,28.13],[27.21,92.23]],[[0,17.76],[16.71,208.93]],[[0,38.57],[37.53,198.07]]],"paragraph":["A woman with short hair is seen talking to the camera then flipping a pair of paints inside out. She folds the pants neatly on an ironing board and begins ironing the paints thoroughly.","A man is shown doing several different long jumps back to back while the camera captures him. He swings his arms around to demonstrate a proper move followed by several more jumps.","Various shots of strings are shown followed by knitting supplies and people knitting in a library. The woman give a small child knit wear and demonstrate how they properly knit to the young girl.","A man starts out riding a dirt bike and immediately crashes into the ground behind him. The video follows several more people attempting to race a dirt bike and instantly crashing on the path in front of them.","A clip is shown of a person on a wake board riding on some waves and crashing into the water. Several more clips are shown of people riding on the wake boards on the ocean waves gliding along."],"descriptions":[["A woman with short hair is seen talking to the camera then flipping a pair of paints inside out."," She folds the pants neatly on an ironing board and begins ironing the paints thoroughly."],["A man is shown doing several different long jumps back to back while the camera captures him."," He swings his arms around to demonstrate a proper move followed by several more jumps."],["Various shots of strings are shown followed by knitting supplies and people knitting in a library."," The woman give a small child knit wear and demonstrate how they properly knit to the young girl."],["A man starts out riding a dirt bike and immediately crashes into the ground behind him."," The video follows several more people attempting to race a dirt bike and instantly crashing on the path in front of them."],["A clip is shown of a person on a wake board riding on some waves and crashing into the water."," Several more clips are shown of people riding on the wake boards on the ocean waves gliding along."]],"rates":[1,1,1,1,1],"timestaken":[55.219,66.521,70.024,72.983,98.051],"pausetime":[5,5,6,3,2]}