{"names":["v_qwJhmfZKdNQ.mp4","v_R0dqEWnDC7k.mp4","v_rBnygEUFOvE.mp4","v_rBsRSdPFOww.mp4","v_RGVDeXqN1ao.mp4"],"durations":[45.187,89.815,54.149,77.184,164.421],"timestamps":[[[5.42,41.8],[23.27,41.8],[38.41,41.8]],[[17.96,83.08],[48.5,83.08],[74.55,83.08]],[[7.58,50.09],[28.97,50.09],[41.42,50.09]],[[8.49,71.4],[26.24,71.4],[42.07,71.4],[62.52,71.4]],[[18.91,152.09],[48.5,152.09],[98.65,152.09],[137.29,152.09]]],"paragraph":["A man wearing a purple sweater is demonstrating how to use garden shears. He is trimming the hedges and bushes in the yard. He shows how the shears can be used effectively in hard to reach places.","The video shows two countries represented by blue and green uniforms playing the game of cricket professionally. The batsmen is batting while the bowler is doing an overhand throw. The next scene shows a team of cricketers wearing white uniforms getting ready to play as they gather in a circle with their captain.","A gymnast wearing red leotards is performing gymnastics on uneven bars in a large stadium with a several spectators. She is doing front flips and back flips with swift motion without falling down. After she's done, she gets off the uneven bars and walks off as she gives a high five to her coach.","A chef dressed in a white chef's outfit is demonstrating how to sharpen kitchen knives using a tool called Rada knife sharpener. He is standing in a kitchen in front of the counter that has a variety of raw vegetables displayed. He places a kitchen towel on the counter and then places the knife on top of it. He then demonstrates how to use the Rada sharpening tool to sharpen the kitchen knife by running iit back and forth in gentle and steady motion.","A woman dressed in a black shirt representing the company Bents is standing in a garden and demonstrating how to use Cellophane to wrap a plant for gift purposes. She cuts a rectangular piece of the Cellophane and place the pot over it in the center. Then she brings to together the edges of the Cellophane towards the top of the plant. She takes a decorate piece of ribbon to tie the scrunched up cellophane together to make it look like a bow on top."],"descriptions":[["A man wearing a purple sweater is demonstrating how to use garden shears."," He is trimming the hedges and bushes in the yard."," He shows how the shears can be used effectively in hard to reach places."],["The video shows two countries represented by blue and green uniforms playing the game of cricket professionally."," The batsmen is batting while the bowler is doing an overhand throw."," The next scene shows a team of cricketers wearing white uniforms getting ready to play as they gather in a circle with their captain."],["A gymnast wearing red leotards is performing gymnastics on uneven bars in a large stadium with a several spectators."," She is doing front flips and back flips with swift motion without falling down."," After she's done, she gets off the uneven bars and walks off as she gives a high five to her coach."],["A chef dressed in a white chef's outfit is demonstrating how to sharpen kitchen knives using a tool called Rada knife sharpener."," He is standing in a kitchen in front of the counter that has a variety of raw vegetables displayed."," He places a kitchen towel on the counter and then places the knife on top of it."," He then demonstrates how to use the Rada sharpening tool to sharpen the kitchen knife by running iit back and forth in gentle and steady motion."],["A woman dressed in a black shirt representing the company Bents is standing in a garden and demonstrating how to use Cellophane to wrap a plant for gift purposes."," She cuts a rectangular piece of the Cellophane and place the pot over it in the center."," Then she brings to together the edges of the Cellophane towards the top of the plant."," She takes a decorate piece of ribbon to tie the scrunched up cellophane together to make it look like a bow on top."]],"rates":[1,1,1,1,1],"timestaken":[92.151,180.534,377.829,849.842,267.506],"pausetime":[1,1,2,4,2]}