{"names":["v_kF-J9mKwA8A.mp4","v_kkEjwEXkz3w.mp4","v_kOIj7AgonHM.mp4","v_ksPQdczmNKs.mp4","v_KuAVv3uS4zc.mp4"],"durations":[140.388005,78.229002,177.471,225.373,172.548005],"timestamps":[[[0,140.39],[10.53,91.25],[120.73,140.39]],[[0.39,14.47],[16.43,78.23]],[[0,31.94],[28.4,82.52],[79.86,130.44],[132.22,177.47]],[[0,43.95],[48.46,225.37]],[[0,28.47],[28.47,104.39],[106.98,172.55]]],"paragraph":["A young boy playing a large drum game concentrates while the camera watches him play. Other people walk in and out of frame from the boy while he continuously plays the game on the drum. Another boy holding a drink walks into frame and watches the boy play the game.","A person's hands with nails are shown followed by two women talking to the camera. Several objects on paper are shown while the women continue to speak and one start making designs on the nails.","A person with crazy hair appears and leads into her on a space ship with gravity essentially turned off. She shows off the various items carried on a space craft and puts a lotion into her hair. She combs the lotion in thoroughly and dries off her head with a towel. She points to the camera and combs through her hair one last time.","A girl is seen crossing her arms and hula hooping over and over again. She continuously hula hoops while moving her legs all around and doing various jumps and tricks.","Several intros lead into a bike race between 3 men on bikes. One crashes hard while the others pass and continue the race. All men continue to ride through the track until one eventually wins while one chases him."],"descriptions":[["A young boy playing a large drum game concentrates while the camera watches him play."," Other people walk in and out of frame from the boy while he continuously plays the game on the drum."," Another boy holding a drink walks into frame and watches the boy play the game."],["A person's hands with nails are shown followed by two women talking to the camera."," Several objects on paper are shown while the women continue to speak and one start making designs on the nails."],["A person with crazy hair appears and leads into her on a space ship with gravity essentially turned off."," She shows off the various items carried on a space craft and puts a lotion into her hair."," She combs the lotion in thoroughly and dries off her head with a towel."," She points to the camera and combs through her hair one last time."],["A girl is seen crossing her arms and hula hooping over and over again."," She continuously hula hoops while moving her legs all around and doing various jumps and tricks."],["Several intros lead into a bike race between 3 men on bikes."," One crashes hard while the others pass and continue the race."," All men continue to ride through the track until one eventually wins while one chases him."]],"rates":[1,1,1,4,1],"timestaken":[74.982,66.646,108.884,61.118,76.234],"pausetime":[5,5,5,0,7]}