{"names":["v_Iuk7PNmG3tQ.mp4","v_J65l9OEP3pI.mp4","v_j_ImkPKoA-U.mp4","v_jafEh82XETQ.mp4","v_jCVi9xt3GUY.mp4"],"durations":[115.032,120.164,23.313,111.596,40.589],"timestamps":[[[6.33,86.27],[12.08,86.27],[18.98,86.27],[33.36,86.27],[44.86,86.27],[77.65,86.27],[81.1,86.27],[83.97,86.27],[85.7,86.27]],[[16.22,90.12],[21.03,90.12],[34.25,90.12],[57.08,90.12],[79.31,90.12],[106.95,112.35]],[[1.05,21.8],[12.12,21.8],[18.42,21.8],[21.33,21.8]],[[9.49,104.34],[16.74,104.34],[21.2,104.34],[26.23,104.34],[55.8,104.34],[66.4,104.34],[94.86,104.34]],[[10.55,37.95],[24.15,37.95],[35.72,37.95]]],"paragraph":["Several players from the black and white team are playing ice hockey in the arena. One of the players from the black team hits the puck away from his opponent. The players from the white team try to prevent him from hitting a goal. An animated version of the game is shown on screen. Then the focus is back on the real game where a black team player is highlighted as he takes a shot on the goal. Again, another animated example is shown to explain how the game works. The black team player hits the puck on the opposite corner of the ice. As the black moves fast and towards the goal, it cause the goalie to fall down. The black team wins the goal and gets the victory in the game.","A man is cleaning snow that has fallen on his car. He is standing on the road where his car is parked. He clears off snow from the top of his car by scraping it. He then cleans the sides of his car. He gives someone a thumbs up as he cleans the car. He then moves to the front of the car to clean the windshield.","A man is sitting on a rock by a fast flowing river. Another man sails past him in a raft trying to keep up with the strong current and waves. There are several other people sitting on the rocks watching the rafter go by. They are sitting on the rocks with their life vests besides them.","A man is demonstrating how to cook a friend bologna sandwich in his kitchen. He takes two slices of sandwich bread and puts them in the toaster. Then he takes a little butter and bologna in a frying pan and fries it. He flips the bologna to fry it on both sides. Then he takes two slices of American cheese. He takes the bologna out of the pan and places it on the toast along with the cheese slices. He shows the finished sandwich with the bologna and cheese.","A woman is washing dishes with soap and a scrub in her kitchen sink. She takes the scrub that is soaked in liquid soap and scrubs it on the bowl to thoroughly clean it. She places the plates and bowls on top of each other in the sink as she washes them."],"descriptions":[["Several players from the black and white team are playing ice hockey in the arena."," One of the players from the black team hits the puck away from his opponent."," The players from the white team try to prevent him from hitting a goal."," An animated version of the game is shown on screen."," Then the focus is back on the real game where a black team player is highlighted as he takes a shot on the goal."," Again, another animated example is shown to explain how the game works."," The black team player hits the puck on the opposite corner of the ice."," As the black moves fast and towards the goal, it cause the goalie to fall down."," The black team wins the goal and gets the victory in the game."],["A man is cleaning snow that has fallen on his car."," He is standing on the road where his car is parked."," He clears off snow from the top of his car by scraping it."," He then cleans the sides of his car."," He gives someone a thumbs up as he cleans the car."," He then moves to the front of the car to clean the windshield."],["A man is sitting on a rock by a fast flowing river."," Another man sails past him in a raft trying to keep up with the strong current and waves."," There are several other people sitting on the rocks watching the rafter go by."," They are sitting on the rocks with their life vests besides them."],["A man is demonstrating how to cook a friend bologna sandwich in his kitchen."," He takes two slices of sandwich bread and puts them in the toaster."," Then he takes a little butter and bologna in a frying pan and fries it."," He flips the bologna to fry it on both sides."," Then he takes two slices of American cheese."," He takes the bologna out of the pan and places it on the toast along with the cheese slices."," He shows the finished sandwich with the bologna and cheese."],["A woman is washing dishes with soap and a scrub in her kitchen sink."," She takes the scrub that is soaked in liquid soap and scrubs it on the bowl to thoroughly clean it."," She places the plates and bowls on top of each other in the sink as she washes them."]],"rates":[1,1,1,1,1],"timestaken":[625.46,235.811,203.722,528.795,128.965],"pausetime":[22,1,2,5,2]}