{"names":["v_dN9ZPc7NMVQ.mp4","v_DthkauVLag0.mp4","v_E-bv464MTsQ.mp4","v_e5VrEH2X8LI.mp4","v_EfQtRtIFGVo.mp4"],"durations":[31.487007,52.617007,27.377007,93.948005,163.515011],"timestamps":[[[0,13.22],[13.38,31.49]],[[0,8.68],[8.68,52.62]],[[0,5.2],[5.06,27.38]],[[0,46.5],[46.03,93.95]],[[0,62.95],[61.32,124.27],[127.54,163.52]]],"paragraph":["A woman and young boy are shown smiling and washing their hands in the sink when the woman begins washing his face. The boy smiles with the woman washing his face and the woman dries his face off with a paper towel.","A man is shown smiling and talking into the camera and holding a young boy up on a sink. The man holds the boys eyes open while he laughs and brushes his teeth.","A large group of people riding horses are walking around each other on a large field. One of them throws a ball onto the field and the people begin playing a game on their horses.","An intro leads into a bearded man talking to the camera and presenting an object to the screen. He uses the tool to push a carpet area over and continues talking to the camera.","A woman shows off her nails followed by several clips of nails being painted by a brush. The brush makes several lines on the nails and shows celebrities with fashionable nails. The video speeds up and shows off several different designs for nail polish and examples."],"descriptions":[["A woman and young boy are shown smiling and washing their hands in the sink when the woman begins washing his face."," The boy smiles with the woman washing his face and the woman dries his face off with a paper towel."],["A man is shown smiling and talking into the camera and holding a young boy up on a sink."," The man holds the boys eyes open while he laughs and brushes his teeth."],["A large group of people riding horses are walking around each other on a large field."," One of them throws a ball onto the field and the people begin playing a game on their horses."],["An intro leads into a bearded man talking to the camera and presenting an object to the screen."," He uses the tool to push a carpet area over and continues talking to the camera."],["A woman shows off her nails followed by several clips of nails being painted by a brush."," The brush makes several lines on the nails and shows celebrities with fashionable nails."," The video speeds up and shows off several different designs for nail polish and examples."]],"rates":[1,1,1,1,1],"timestaken":[48.263,78.565,78.112,90.537,106.682],"pausetime":[3,2,1,6,4]}