{"names":["v_BIL1t2eQrDU.mp4","v_bJkemB0CcKo.mp4","v_bKec2fA5RZ8.mp4","v_bqBJ1tcHCHk.mp4","v_BV4zqyN8hLs.mp4"],"durations":[151.348005,110.133,181.511,80.876009,161.519002],"timestamps":[[[0,24.22],[23.46,60.54],[61.3,151.35]],[[0,17.07],[17.07,62.23],[69.38,110.13]],[[0,66.25],[67.16,180.6]],[[0,18.2],[19.41,80.88]],[[0,37.15],[37.15,100.95],[107.41,161.52]]],"paragraph":["A man is shown talking to a camera followed by him and another woman standing near a volleyball net. The man throws the ball to the girl who bounces it back to him. He continues to speak and demonstrate various volleyball moves to do appropriately.","A man talks to the camera smiling and transitions to him holding a pan and spreading butter into it. He pours egg into the pan and pushes it around with several vegetables. He finishes by putting the omelet onto a plate and eating one big bite.","A woman is shown talking to the camera holding a vacuum and followed by her vacuuming up her floor at a fast pace. She vacuums all around the area while still talking to the camera and eventually transitioning to a close up of the vacuum.","An intro leads into various pictures of horse tools and a woman speaking to the camera holding a brush. She then brushes the horse's mane thoroughly while still looking to the camera and speaking.","Various clips are shown of a man wake boarding and doing flips followed by him sitting on a boat and speaking to the camera. Several more shots of him riding and speaking are shown as well as a blonde woman also wake boarding. The two ride along the water together while the man continues to speak to the camera."],"descriptions":[["A man is shown talking to a camera followed by him and another woman standing near a volleyball net."," The man throws the ball to the girl who bounces it back to him."," He continues to speak and demonstrate various volleyball moves to do appropriately."],["A man talks to the camera smiling and transitions to him holding a pan and spreading butter into it."," He pours egg into the pan and pushes it around with several vegetables."," He finishes by putting the omelet onto a plate and eating one big bite."],["A woman is shown talking to the camera holding a vacuum and followed by her vacuuming up her floor at a fast pace."," She vacuums all around the area while still talking to the camera and eventually transitioning to a close up of the vacuum."],["An intro leads into various pictures of horse tools and a woman speaking to the camera holding a brush."," She then brushes the horse's mane thoroughly while still looking to the camera and speaking."],["Various clips are shown of a man wake boarding and doing flips followed by him sitting on a boat and speaking to the camera."," Several more shots of him riding and speaking are shown as well as a blonde woman also wake boarding."," The two ride along the water together while the man continues to speak to the camera."]],"rates":[1,1,4,1,1],"timestaken":[71.288,86.639,114.7,67.842,92.423],"pausetime":[5,6,1,3,3]}