{"names":["v_aAZSPRL18Ss.mp4","v_ae-aDWHvAGc.mp4","v_AF8sbdPa4rE.mp4","v_AR-VPPtV7ag.mp4","v_AWXdK-ix3gQ.mp4"],"durations":[78.229002,127.501,23.035011,18.019002,47.16],"timestamps":[[[0,14.47],[14.08,49.68],[49.28,78.23]],[[0,31.24],[24.23,72.04],[76.5,127.5]],[[0,7.37],[8.06,23.04]],[[0,6.49],[6.22,16.67]],[[0,13.44],[12.26,38.2],[37.49,47.16]]],"paragraph":["An intro leads into a woman talking to a class sitting on bicycles and beginning to ride. She leads the class in a bicycle riding class and inspires her students to peddle hard like this. The people smile along with her as the camera pans over several shots of the people.","Two women are shown standing behind a shuffle board table when one pushes a puck across the board. The other woman prepares her push and send it to a man standing on the other side. They push the puck several more times while the camera follows their movements.","A man with no hands grabs a dart that is stuck to the board and walks backward. He then throws the dark up in the air to show it landed on the board.","A man is shown sitting down in front of a tree shuffling cards when someone hands him a drink. He then chugs the drink very quickly and points to the one who threw the drink.","A gymaist stands holding is arm up and jumping onto a beam. He moves his arms and spins himself round and round on a set of bars. He does handstands and flips and jumps off to finish his routine."],"descriptions":[["An intro leads into a woman talking to a class sitting on bicycles and beginning to ride."," She leads the class in a bicycle riding class and inspires her students to peddle hard like this."," The people smile along with her as the camera pans over several shots of the people."],["Two women are shown standing behind a shuffle board table when one pushes a puck across the board."," The other woman prepares her push and send it to a man standing on the other side."," They push the puck several more times while the camera follows their movements."],["A man with no hands grabs a dart that is stuck to the board and walks backward."," He then throws the dark up in the air to show it landed on the board."],["A man is shown sitting down in front of a tree shuffling cards when someone hands him a drink."," He then chugs the drink very quickly and points to the one who threw the drink."],["A gymaist stands holding is arm up and jumping onto a beam."," He moves his arms and spins himself round and round on a set of bars."," He does handstands and flips and jumps off to finish his routine."]],"rates":[1,1,1,1,1],"timestaken":[70.272,171.659,268.468,55.856,119.905],"pausetime":[3,5,2,1,3]}