{"names":["v_WnLYDJ8Jwv8.mp4","v_wNvLv7PtvQg.mp4","v_wr_1p7obP-g.mp4","v_wUg9S2xx850.mp4","v_X6IoTFqaegc.mp4"],"durations":[134.328005,18.948005,218.663,30.906009,71.773],"timestamps":[[[0,79.25],[96.04,134.33]],[[0,6.35],[6.82,18.95]],[[0,32.8],[31.71,72.16],[72.16,108.24],[110.42,218.66]],[[0,11.74],[14.06,30.91]],[[0,14],[14,38.76],[38.4,71.77]]],"paragraph":["A girl is shown washing and scrubbing her face several times while speaking into the camera. She finishes by turning on the faucet and rinsing water through her face.","A camera zooms in out two people riding in a canoe together. The camera moves in closer and captures the people paddling further down the river.","Several photographs of households and objects are shown followed by a man pouring liquids into a bucket. He pours more objects into the bucket while another man swirls it around. The man opens a box full of stone and lays down some plaster on a wall. He pushes the stone into the wall over and over again to create a stone wall for a home.","A group of people are seen standing on a field when a man runs towards a woman with a soccer ball. one girls swing another around while a man grabs a ball and throws it to another.","A woman's hand is shown wiping a glass screen followed by various objects sitting on a table. The woman sprays the glass and follows the object down the glass. She does this several times and shows where to plug in and how to use the tool."],"descriptions":[["A girl is shown washing and scrubbing her face several times while speaking into the camera."," She finishes by turning on the faucet and rinsing water through her face."],["A camera zooms in out two people riding in a canoe together."," The camera moves in closer and captures the people paddling further down the river."],["Several photographs of households and objects are shown followed by a man pouring liquids into a bucket."," He pours more objects into the bucket while another man swirls it around."," The man opens a box full of stone and lays down some plaster on a wall."," He pushes the stone into the wall over and over again to create a stone wall for a home."],["A group of people are seen standing on a field when a man runs towards a woman with a soccer ball."," one girls swing another around while a man grabs a ball and throws it to another."],["A woman's hand is shown wiping a glass screen followed by various objects sitting on a table."," The woman sprays the glass and follows the object down the glass."," She does this several times and shows where to plug in and how to use the tool."]],"rates":[1,1,1,1,1],"timestaken":[67.009,101.692,147.496,246.915,81.286],"pausetime":[9,2,6,2,7]}
