{"names":["v_4o4Vh49v-q4.mp4","v_4r0qYLCucEI.mp4","v_5-ydqbn30kA.mp4","v_5olJd75WWFw.mp4","v_5Owjrx-YjjM.mp4"],"durations":[89.351,213.996,30.488,71.355,72.888],"timestamps":[[[9.38,85.78],[26.81,85.78],[56.74,85.78],[80.42,85.78]],[[22.47,205.44],[38.52,205.44],[63.13,205.44],[95.23,205.44],[136.96,205.44],[161.57,205.44],[175.48,205.44],[194.74,205.44]],[[3.66,29.27],[8.54,29.27],[19.51,29.27],[27.59,29.27]],[[8.21,68.5],[46.38,68.5],[64.22,68.5]],[[6.92,69.97],[17.13,69.97],[39.72,69.97],[61.23,69.97]]],"paragraph":["A little girl is standing in her bathroom and demonstrating how she rinses her mouth with mouth wash. She takes a sip of Listerine mouth was from her cup and holds it in her mouth for several seconds while her older brother video tapes her. Another little girl walks behind her and watches her rinse. She holds the mouth wash in her mouth for a long time and then spits it out in the sink.","A man dressed inn a black shirt and camouflage print shorts is demonstrating how to fix the rubber tires on a car wheel rim. He shows all the tools that are required to do the process. He takes the rubber tire and sprays it with a liquid. Then he fits the inner rim of the wheel into the tire. He uses a mallet to secure it in tightly. He then uses a tool to tighten the various screws that run across the entire diameter of the inner circle of the tire. Then he uses a torque wrench to tighten the screws further. He fills in air and checks the tire pressure.","A boy and a girl are sitting in their living room with colorful yarn and demonstrating how to knit. The boy is wearing a blue hoodie and the girl is wearing a white sweater with blue horizontal stripes. The mother who is not pictured in the video is taping them demonstrate. The boy holds the needles up and shows how he uses the yarn to knit.","A man wearing a black shirt is demonstrating how to polish wood and other surfaces using liquid polish and a white soft cloth. He pours some of the polish from the bottle onto the cloth and uses it to gently scrub ad rub it over the furniture and tabletop. He uses it over various surfaces to clean and polish the surfaces of wood, vinyl and leather.","A little girl is sitting on the porch floor with her dad as he puts together a blue butterfly kite for her. After he's done completing the kite, they go out in the open to fly the kite. The father is holding the kite in his hand as the wind blows strongly. The girl holds the string of the kite and begins flying the kite high up in the air."],"descriptions":[["A little girl is standing in her bathroom and demonstrating how she rinses her mouth with mouth wash."," She takes a sip of Listerine mouth was from her cup and holds it in her mouth for several seconds while her older brother video tapes her."," Another little girl walks behind her and watches her rinse."," She holds the mouth wash in her mouth for a long time and then spits it out in the sink."],["A man dressed inn a black shirt and camouflage print shorts is demonstrating how to fix the rubber tires on a car wheel rim."," He shows all the tools that are required to do the process."," He takes the rubber tire and sprays it with a liquid."," Then he fits the inner rim of the wheel into the tire."," He uses a mallet to secure it in tightly."," He then uses a tool to tighten the various screws that run across the entire diameter of the inner circle of the tire."," Then he uses a torque wrench to tighten the screws further."," He fills in air and checks the tire pressure."],["A boy and a girl are sitting in their living room with colorful yarn and demonstrating how to knit."," The boy is wearing a blue hoodie and the girl is wearing a white sweater with blue horizontal stripes."," The mother who is not pictured in the video is taping them demonstrate."," The boy holds the needles up and shows how he uses the yarn to knit."],["A man wearing a black shirt is demonstrating how to polish wood and other surfaces using liquid polish and a white soft cloth."," He pours some of the polish from the bottle onto the cloth and uses it to gently scrub ad rub it over the furniture and tabletop."," He uses it over various surfaces to clean and polish the surfaces of wood, vinyl and leather."],["A little girl is sitting on the porch floor with her dad as he puts together a blue butterfly kite for her."," After he's done completing the kite, they go out in the open to fly the kite."," The father is holding the kite in his hand as the wind blows strongly."," The girl holds the string of the kite and begins flying the kite high up in the air."]],"rates":[1,1,1,1,1],"timestaken":[187.578,275.911,406.592,204.382,193.156],"pausetime":[7,1,2,2,2]}