{"names":["v_gRqvh21b8Hw.mp4","v_gYvYh9aMohY.mp4","v_Hcoc9euI0tk.mp4","v_hpU50i4WBK8.mp4","v_hRMSh7vUmGY.mp4"],"durations":[156.34,201.225,69.242,231.085,116.565],"timestamps":[[[0,14.07],[19.54,59.41],[59.41,105.53],[105.53,156.34]],[[0,29.18],[26.16,51.31],[50.31,89.55],[89.55,201.23]],[[0,19.04],[19.04,28.39],[28.04,43.28],[43.62,69.24]],[[0,28.89],[28.89,60.08],[60.08,140.96],[140.96,231.09]],[[0,24.48],[24.48,54.2],[46.63,77.52],[77.52,116.57]]],"paragraph":["People begin to dive into an empty pool and you see them underneath the water. Then, above from the dive board two swimmers are standing by and one of them dives in. A group of kids holding the camera film themselves diving in and doing cool tricks and flips into the pool. From very high above they record their view from the top to the water and the swim once they're in.","A boy is jumping rope and doing tricks around in circles. Then, Another boy is jumping rope as well and swirling it around and he eventually throws his rope. There is a larger group of 5 that jump rope in sync and do a lot of cool tricks. Followed by a lot of videos of many different people jumping and in groups together doing it in competitions and for fun or practice.","Two people are skiing down a very cold and snowy mountain slope during winter. Going left and right and starting to build up some more speed as they go. One of them falls and still moving down the slope ends up running into another skier causing him to fall down also. They try to grab hands and they end up finally at a halt.","Two people are on a boat getting ready to dive into the ocean. They dive in and are able to look at all the beautiful corals and see fish and other things. They find a cockpit that they begin to observe and look around also running into a jelly fish. They begin to explore the outside of the plane where they are also able to see more fish and other marine life around it.","A man is lifting very heavy weight above his head and dropping it . He does this multiple time for repetition, this is a workout routine. He then walks away taking a break for a little bit and walks by people sitting and chatting. Once he is done with his break he continues back to his routine."],"descriptions":[["People begin to dive into an empty pool and you see them underneath the water."," Then, above from the dive board two swimmers are standing by and one of them dives in."," A group of kids holding the camera film themselves diving in and doing cool tricks and flips into the pool."," From very high above they record their view from the top to the water and the swim once they're in."],["A boy is jumping rope and doing tricks around in circles."," Then, Another boy is jumping rope as well and swirling it around and he eventually throws his rope."," There is a larger group of 5 that jump rope in sync and do a lot of cool tricks."," Followed by a lot of videos of many different people jumping and in groups together doing it in competitions and for fun or practice."],["Two people are skiing down a very cold and snowy mountain slope during winter."," Going left and right and starting to build up some more speed as they go."," One of them falls and still moving down the slope ends up running into another skier causing him to fall down also."," They try to grab hands and they end up finally at a halt."],["Two people are on a boat getting ready to dive into the ocean."," They dive in and are able to look at all the beautiful corals and see fish and other things."," They find a cockpit that they begin to observe and look around also running into a jelly fish."," They begin to explore the outside of the plane where they are also able to see more fish and other marine life around it."],["A man is lifting very heavy weight above his head and dropping it ."," He does this multiple time for repetition, this is a workout routine."," He then walks away taking a break for a little bit and walks by people sitting and chatting."," Once he is done with his break he continues back to his routine."]],"rates":[1,1,1,1,1],"timestaken":[520.097,407.698,477.255,365.386,338.299],"pausetime":[8,9,6,4,8]}