{"names":["v_KEU4Sj6x1p4.mp4","v_kJrHvEECvEA.mp4","v_klqHoK_8ar8.mp4","v_KOFXi1RYx_g.mp4","v_KoP6ZgL6fMY.mp4"],"durations":[183.299,70.612,125.179,79.157,172.641],"timestamps":[[[0,32.08],[32.99,72.4],[71.49,102.65],[103.56,183.3]],[[0,14.83],[14.83,28.95],[28.95,45.54],[45.54,70.61]],[[0,24.41],[24.41,48.82],[48.19,83.87],[83.87,125.18]],[[0,15.83],[15.04,36.41],[36.81,64.51],[64.51,79.16]],[[0,35.39],[35.39,82.87],[82.87,140.7],[140.7,172.64]]],"paragraph":["The race begins, one of the racer has a huge head start before the other even starts moving. They begin to run again but this time the man who had the head start takes his time and the man in the blue runs fast and jumps in the sand. He runs and jumps again, this time they show it again in slow motion. He just keeps practicing his run and jump over and over trying to get it perfect.","A woman standing outside on the roof smoking a cigarette. She blows smoke and plays around with her hair. She keeps smoking and blowing smoking casually all by her lonesome. She exhales one last time and then put her cigarette out on a wall.","A man is painting the something on the floor green. She stroke up and down repeatedly trying to make sure he doesn't miss any spots in the area. He stands up a bit and looks at the piece for a little before dunking his brush back in the paint and starting again. He moves along to parts he hasn't yet gone over to paint.","An audience is sitting in the stands watching a game on the field. These riders get on their horses and start trying to score for their team. Someone makes it and one of the groups in the audience clap. When the game is over the riders all shake each others hands.","A woman in red is practicing to jump in the sand, She runs a little and jumps in the sand again. Then she starts to try from further back, sprinting and jumping into the sand. She starts to jump over little stands next and then another man joins in to practice with her. Then, an actual race begins and everyone is racing along."],"descriptions":[["The race begins, one of the racer has a huge head start before the other even starts moving."," They begin to run again but this time the man who had the head start takes his time and the man in the blue runs fast and jumps in the sand."," He runs and jumps again, this time they show it again in slow motion."," He just keeps practicing his run and jump over and over trying to get it perfect."],["A woman standing outside on the roof smoking a cigarette."," She blows smoke and plays around with her hair."," She keeps smoking and blowing smoking casually all by her lonesome."," She exhales one last time and then put her cigarette out on a wall."],["A man is painting the something on the floor green."," She stroke up and down repeatedly trying to make sure he doesn't miss any spots in the area."," He stands up a bit and looks at the piece for a little before dunking his brush back in the paint and starting again."," He moves along to parts he hasn't yet gone over to paint."],["An audience is sitting in the stands watching a game on the field."," These riders get on their horses and start trying to score for their team."," Someone makes it and one of the groups in the audience clap."," When the game is over the riders all shake each others hands."],["A woman in red is practicing to jump in the sand, She runs a little and jumps in the sand again."," Then she starts to try from further back, sprinting and jumping into the sand."," She starts to jump over little stands next and then another man joins in to practice with her."," Then, an actual race begins and everyone is racing along."]],"rates":[1,1,1,1,1],"timestaken":[80.581,208.972,169.961,223.872,244.539],"pausetime":[0,4,3,1,4]}