{"names":["v_QZi1yBFRZzc.mp4","v_r34VM4v0ShI.mp4","v_RbbjYXAxaPI.mp4","v_ReOsTqcQBmY.mp4","v_rhfoyYzp93Q.mp4"],"durations":[122.136961,136.394013,133.863038,187.733333,67.059229],"timestamps":[[[0,6.72],[6.72,15.27],[15.27,17.1],[17.1,19.54],[19.54,21.37],[21.98,36.03],[36.64,55.57],[56.18,57.4],[58.02,71.45],[71.45,72.06],[73.28,74.5],[75.11,76.95],[78.17,103.82],[105.04,108.09],[108.7,122.14]],[[0,8.87],[8.87,67.52],[67.52,76.38],[77.06,92.07],[92.07,95.48],[98.2,132.98],[126.16,131.62]],[[0,133.86],[3.35,28.78],[28.78,132.52]],[[0,23.47],[0,178.35],[24.41,40.36],[40.36,45.99],[45.99,56.32],[48.81,55.38],[57.26,76.97],[77.91,108.89],[110.76,145.49],[124.84,144.55],[147.37,178.35]],[[0,63.71],[64.38,67.06]]],"paragraph":["A pair of garden shears is shown. A woman is demonstrating how to use the garden shears in different situations. A younger girl demonstrates how to use the shears. An older man shows how he uses the shears. A young man is shown using the shears to reach something above his head. The original woman shown demonstrates using the shears on different plant types. The same woman shows how to use the telescoping handle of the shears and cutting plants that would be out of reach. The same woman walks down a path with the shears. The woman then shows how the shears work demonstrating on several other plants. A young woman is shown using the shears. An older man uses the shears. Another man is shown using the shears to reach tree limbs. The first woman shows additional features of the shears and the same examples of other people using the shears is shown again. The woman walks up a set of stairs with the shears. The same woman is shown in the store purchasing the shears.","Some supplies needed to shine shoes are shown. An older man shines a shoe and talks about how he shines shoes and how he learned to shine shoes as a child. The same man is shown shining another mans shoes. The same man shines shoes in a shop while other people sit or walk around. An old black and white photo is shown of a barber shop. The older man shines another shoe and talks about shining shoes. A different man is seen in the background walking away.","A large crowd sits in a theater clapping and watching. Two women are seen on stage dancing. One of the women shows her talent balancing swords on her different parts of her body.","Three people are jumping rope and doing tricks. Other people sit and stand at tables in the background and watch or film the jump ropers. Four different people are now jumping rope and doing tricks. Another group of three people shows off their jump rope skills. Another group of three in red shorts jumps rope. People in the background walk around. A group of four girls jump rope. The first group of people jumps rope with a fourth person. A different group of four in red and black jump rope. A different team of jump ropers watches in the background. A team of four in black and yellow jump rope.","A person is paddling down a river in a canoe. The person turns and looks back."],"descriptions":[["A pair of garden shears is shown."," A woman is demonstrating how to use the garden shears in different situations."," A younger girl demonstrates how to use the shears."," An older man shows how he uses the shears."," A young man is shown using the shears to reach something above his head."," The original woman shown demonstrates using the shears on different plant types."," The same woman shows how to use the telescoping handle of the shears and cutting plants that would be out of reach."," The same woman walks down a path with the shears."," The woman then shows how the shears work demonstrating on several other plants."," A young woman is shown using the shears."," An older man uses the shears."," Another man is shown using the shears to reach tree limbs."," The first woman shows additional features of the shears and the same examples of other people using the shears is shown again."," The woman walks up a set of stairs with the shears."," The same woman is shown in the store purchasing the shears."],["Some supplies needed to shine shoes are shown."," An older man shines a shoe and talks about how he shines shoes and how he learned to shine shoes as a child."," The same man is shown shining another mans shoes."," The same man shines shoes in a shop while other people sit or walk around."," An old black and white photo is shown of a barber shop."," The older man shines another shoe and talks about shining shoes."," A different man is seen in the background walking away."],["A large crowd sits in a theater clapping and watching."," Two women are seen on stage dancing."," One of the women shows her talent balancing swords on her different parts of her body."],["Three people are jumping rope and doing tricks."," Other people sit and stand at tables in the background and watch or film the jump ropers."," Four different people are now jumping rope and doing tricks."," Another group of three people shows off their jump rope skills."," Another group of three in red shorts jumps rope."," People in the background walk around."," A group of four girls jump rope."," The first group of people jumps rope with a fourth person."," A different group of four in red and black jump rope."," A different team of jump ropers watches in the background."," A team of four in black and yellow jump rope."],["A person is paddling down a river in a canoe."," The person turns and looks back."]],"rates":[1,1,1,1,2],"timestaken":[1044.946,432.729,201.713,657.129,102.191],"pausetime":[17,3,1,13,1]}