{"names":["v_-2dxp-mv2zo.mp4","v_-5K3KZ6fHuI.mp4","v_0UR4hXxt68E.mp4","v_0z7qHOca3D4.mp4","v_1JEQbXJC85w.mp4"],"durations":[126.456,39.591,207.842,115.497,223.864],"timestamps":[[[3.16,30.35],[30.98,37.3],[37.3,51.21],[51.21,62.6],[63.86,69.55],[70.82,91.05],[91.68,121.4]],[[0,15.44],[15.44,32.66],[33.45,39.59]],[[4.16,9.35],[9.35,82.1],[82.1,87.29],[88.33,190.18],[191.21,203.69]],[[0,5.2],[5.2,13.28],[13.86,15.01],[14.44,38.69],[39.85,41.58],[45.62,57.17],[57.75,61.21],[61.79,65.26],[66.41,75.65],[76.23,82.58],[83.16,98.17],[101.64,115.5]],[[0,27.98],[29.1,74.99],[80.59,96.26],[97.38,104.1],[105.22,123.13],[126.48,153.35],[154.47,193.64],[195.88,198.12],[201.48,223.86]]],"paragraph":["A female chef in white uniform shows a stack of baking pans in a large kitchen presenting them. The pans are filled with pastries and loaded into the oven. A knife is used to cut cylinder shaped dough into rounds. A tray of potatoes is loaded into the oven and removed. A large tray of cake is flipped over and placed on counter. A large tray of meat is prepared then it is removed from the oven by a helper when done. The woman chef stands behind the stack of tins and picks one up.","A group of friends are seated on sleds at the top of the hill. The two friends are pushed down the hill and they slide to the bottom. The two friends are stopped by rubber mats at the bottom of the hill.","A group of cheerleaders stand in a line in a large auditorium in preparation. The group of cheerleaders does a dance routine in all dancing in unison. Half of the group kneels on the floor and the other standing group exits to the sides. The remaining group stands back up and does a second dance routine together. The group of cheerleader end their routine and jump up and down before bowing to the crowd.","An introduction graphic is seen with title. A large empty beach is seen seen from the shore. A bird is seen walking along the shoreline. A group rides horses along the coast line together. Different species of flowers are seen. The group rides up along the bluffs. A female rider rides near the waters edge. The group rides through loose sand and the horses kick it up into the air. The group rides along a dune section and through some low vegetation. The group rides at a gallup through the water and along the beach. The riders ride slowly and then it becomes later in the day and the sun is getting low. The beach is seen from a distance as the sun has set.","A man in tshirt leans on a kitchen counter next to bags of ingredients. The man presents each separate ingredient and holds them up showing each one. A pan of sliced sausage and peppers cooks on a stove. A pot of soup boils. Ingredients sit next to the stove top and are being used to prepare the food. A bowl of sliced vegetables has the pans ingredients added in. A bowl of colander of pasta is added into to bowl and shaken. A bag of cheese is held up. The man speaks up close to the camera."],"descriptions":[["A female chef in white uniform shows a stack of baking pans in a large kitchen presenting them."," The pans are filled with pastries and loaded into the oven."," A knife is used to cut cylinder shaped dough into rounds."," A tray of potatoes is loaded into the oven and removed."," A large tray of cake is flipped over and placed on counter."," A large tray of meat is prepared then it is removed from the oven by a helper when done."," The woman chef stands behind the stack of tins and picks one up."],["A group of friends are seated on sleds at the top of the hill."," The two friends are pushed down the hill and they slide to the bottom."," The two friends are stopped by rubber mats at the bottom of the hill."],["A group of cheerleaders stand in a line in a large auditorium in preparation."," The group of cheerleaders does a dance routine in all dancing in unison."," Half of the group kneels on the floor and the other standing group exits to the sides."," The remaining group stands back up and does a second dance routine together."," The group of cheerleader end their routine and jump up and down before bowing to the crowd."],["An introduction graphic is seen with title."," A large empty beach is seen seen from the shore."," A bird is seen walking along the shoreline."," A group rides horses along the coast line together."," Different species of flowers are seen."," The group rides up along the bluffs."," A female rider rides near the waters edge."," The group rides through loose sand and the horses kick it up into the air."," The group rides along a dune section and through some low vegetation."," The group rides at a gallup through the water and along the beach."," The riders ride slowly and then it becomes later in the day and the sun is getting low."," The beach is seen from a distance as the sun has set."],["A man in tshirt leans on a kitchen counter next to bags of ingredients."," The man presents each separate ingredient and holds them up showing each one."," A pan of sliced sausage and peppers cooks on a stove."," A pot of soup boils."," Ingredients sit next to the stove top and are being used to prepare the food."," A bowl of sliced vegetables has the pans ingredients added in."," A bowl of colander of pasta is added into to bowl and shaken."," A bag of cheese is held up."," The man speaks up close to the camera."]],"rates":[1,1,4,1,2],"timestaken":[1111.12,150.335,336.344,695.68,955.1189999999999],"pausetime":[12,1,2,13,5]}