{"names":["v_i5kuZ8zlhMg.mp4","v_ICzctKJ6nqc.mp4","v_IkjulgI7gzg.mp4","v_ILARi15rMWI.mp4","v_iXLXRHHFp60.mp4"],"durations":[203.059,209.352,143.175,55.543,172.455],"timestamps":[[[17.26,189.86],[32.49,189.86],[40.61,189.86],[70.06,189.86],[95.44,189.86],[104.58,189.86],[135.03,189.86],[176.66,189.86]],[[17.79,195.74],[48.15,195.74],[84.79,195.74],[125.61,195.74],[148.64,195.74],[167.48,195.74],[187.37,195.74]],[[13.6,133.87],[40.8,133.87],[82.33,133.87],[125.28,133.87]],[[7.78,51.93],[33.88,51.93],[49.71,51.93]],[[8.62,161.25],[43.98,161.25],[85.37,161.25],[103.47,161.25],[109.51,161.25],[162.97,169.01],[167.28,169.01]]],"paragraph":["The video is about girls varsity water polo. There are several girls getting ready to go to a water polo sport event. They are holding their backpacks and gear. They are traveling to the event together and check into a hotel. The entire team spends time together before the event. Two of the team members talk about their experience with the water polo event. The team members talk about the competition and how they fared in the sport. The screen shows all the final wins and loses in the girls varsity water polo.","The young woman with long blonde hair is showing her wrist that has a few scars from a surgery. Then she takes a neon green colored hula hoop and spins it around her body. She demonstrates how to effectively use the hula hoop by holding the hoop up towards her chest. Then she begins spinning with the hoop on her chest. She shows how to spin the hoop and rotate the hoop around her body without dropping it down. She continues showing how to properly rotate and spin the the hoop with her hands lowered next to her body. Then she stops and twirls the hoop in her hand.","There are two body builders dressed in a black shirts demonstrating weightlifting in a gym. One of the bodybuilders is lifting the weights while the other is explaining the correct method of doing it. He bodybuilder lifts the weight gradually at first and then swiftly picks himself up to raise the weights. The other bodybuilder continues to explain the weightlifting strategies that is used professionally.","There's a man on stilts jumping and doing stunts in an indoor gym. There are several spectators and judges watching him perform. After the man finishes his stunts, he gets off the stilts and the judges write down the scores.","There's a brown horse tied outside a polo club. There are several jockeys playing polo on the field in an event. There are also several spectators standing and watching the event. One of the polo players is trotting on the horse across the field. Another game of polo takes place where several spectators are watching. After the event is over, the judge hands awards to the winners. There's a British flag flying high in the field."],"descriptions":[["The video is about girls varsity water polo."," There are several girls getting ready to go to a water polo sport event."," They are holding their backpacks and gear."," They are traveling to the event together and check into a hotel."," The entire team spends time together before the event."," Two of the team members talk about their experience with the water polo event."," The team members talk about the competition and how they fared in the sport."," The screen shows all the final wins and loses in the girls varsity water polo."],["The young woman with long blonde hair is showing her wrist that has a few scars from a surgery."," Then she takes a neon green colored hula hoop and spins it around her body."," She demonstrates how to effectively use the hula hoop by holding the hoop up towards her chest."," Then she begins spinning with the hoop on her chest."," She shows how to spin the hoop and rotate the hoop around her body without dropping it down."," She continues showing how to properly rotate and spin the the hoop with her hands lowered next to her body."," Then she stops and twirls the hoop in her hand."],["There are two body builders dressed in a black shirts demonstrating weightlifting in a gym."," One of the bodybuilders is lifting the weights while the other is explaining the correct method of doing it."," He bodybuilder lifts the weight gradually at first and then swiftly picks himself up to raise the weights."," The other bodybuilder continues to explain the weightlifting strategies that is used professionally."],["There's a man on stilts jumping and doing stunts in an indoor gym."," There are several spectators and judges watching him perform."," After the man finishes his stunts, he gets off the stilts and the judges write down the scores."],["There's a brown horse tied outside a polo club."," There are several jockeys playing polo on the field in an event."," There are also several spectators standing and watching the event."," One of the polo players is trotting on the horse across the field."," Another game of polo takes place where several spectators are watching."," After the event is over, the judge hands awards to the winners."," There's a British flag flying high in the field."]],"rates":[1,1,1,1,1],"timestaken":[409.477,337.317,585.975,1653.727,290.096],"pausetime":[1,4,2,2,2]}