{"names":["v_IGcsVPa34Hc.mp4","v_IgEc5mY9L44.mp4","v_IlD4gfHmWIg.mp4","v_ILwwD00q1ZY.mp4","v_IOoj4yWCoPg.mp4"],"durations":[214.437,91.673,93.693,46.231,79.111],"timestamps":[[[17.15,211.22],[36.45,211.22],[47.18,211.22],[65.4,211.22],[167.26,211.22],[181.2,211.22],[203.72,211.22]],[[8.25,90.3],[50.88,90.3],[85.26,90.3],[89.38,90.3]],[[5.15,92.29],[11.71,92.29],[43.1,92.29],[66.52,92.29],[85.26,92.29],[90.41,92.29]],[[8.32,45.54],[31.9,45.54],[43.23,45.54]],[[13.05,77.92],[34.41,77.92],[54.59,77.92],[74.36,77.92]]],"paragraph":["A small girl is making cookies with her mother in her kitchen. She wants her mom to pretend that she is Santa Claus. The laughs and rolls the cookie dough on the cutting board. The mother opens the oven and puts the tray full of cookie dough into the oven for baking. The mother then takes the cookie cutter and makes some more cookies for baking, Then both mother and daughter go through the cookie recipe as they place the cookie dough on the tray. After the cookies are baked, they decorate the cookies with sprinkles and frosting. The girl proudly shows the finished cookie after it's done.","A foreman wear blue colored gloves before he begins welding metal. He continues welding the metal with his torch and protective gear on. He welds the metal for a very long time. Then switches off the welding torch and puts the equipment away.","A gymnast wearing a magenta leotard is performing on the horse bar. There is a panel of judges sitting across from her and evaluating her. She stands up straight on the bar and does a twist and pummel. She continues to successfully do front flips on the horse bar. She completes her round after she jumps off of the horse bar doing a back flip. Then the gymnast walks away from the performing area.","A person in a furniture store is talking about popular furniture made from reclaimed wood. He shows rustic, contemporary and traditional type of furniture that is in his store. He shows the high quality reclaimed wood and the different furniture made from it.","A woman is sitting outside her home and washing her clothes in a tub filled with water and soap. She removes the clothes from the tub and then soaks them in another tub filled with water. She puts the water hose into the water tub. She adds more clothes in the soapy water and continues washing the clothes."],"descriptions":[["A small girl is making cookies with her mother in her kitchen."," She wants her mom to pretend that she is Santa Claus."," The laughs and rolls the cookie dough on the cutting board."," The mother opens the oven and puts the tray full of cookie dough into the oven for baking."," The mother then takes the cookie cutter and makes some more cookies for baking, Then both mother and daughter go through the cookie recipe as they place the cookie dough on the tray."," After the cookies are baked, they decorate the cookies with sprinkles and frosting."," The girl proudly shows the finished cookie after it's done."],["A foreman wear blue colored gloves before he begins welding metal."," He continues welding the metal with his torch and protective gear on."," He welds the metal for a very long time."," Then switches off the welding torch and puts the equipment away."],["A gymnast wearing a magenta leotard is performing on the horse bar."," There is a panel of judges sitting across from her and evaluating her."," She stands up straight on the bar and does a twist and pummel."," She continues to successfully do front flips on the horse bar."," She completes her round after she jumps off of the horse bar doing a back flip."," Then the gymnast walks away from the performing area."],["A person in a furniture store is talking about popular furniture made from reclaimed wood."," He shows rustic, contemporary and traditional type of furniture that is in his store."," He shows the high quality reclaimed wood and the different furniture made from it."],["A woman is sitting outside her home and washing her clothes in a tub filled with water and soap."," She removes the clothes from the tub and then soaks them in another tub filled with water."," She puts the water hose into the water tub."," She adds more clothes in the soapy water and continues washing the clothes."]],"rates":[1,1,1,1,1],"timestaken":[407.847,196.414,483.957,191.69,200.048],"pausetime":[4,2,4,7,4]}