{"names":["v_hANXaoStVR0.mp4","v_hCFCYe_Jp-k.mp4","v_hgTgOjkcvpc.mp4","v_hQXWnoipdFE.mp4","v_i1llwxnI_Vo.mp4"],"durations":[25.032,99.057,15.697,153.833,191.89],"timestamps":[[[3.13,23.91],[12.77,23.91],[21.15,23.91]],[[41.11,94.6],[84.69,94.6]],[[3.53,14.99],[8.71,14.99],[10.52,14.99],[13.73,14.99]],[[20,146.91],[50.76,146.91],[87.68,146.91],[111.53,146.91],[136.91,146.91]],[[23.99,183.25],[42.22,183.25],[84.43,183.25],[117.05,183.25],[140.08,183.25],[167.9,183.25]]],"paragraph":["There's a man in the swimming pool playing water polo. He is in the pool playing water polo with a yellow ball and two other people. He throws the ball across and the people sitting by the pool and watching him play cheer loudly.","There's a woman in a gray shirt and black tights and very short hair performing tricks with a small stick in her backyard by the swing. She is juggling between two sticks in her hand and trying to catch one stick while throwing the other in the air.","There's a man dressed in all white playing croquet in an open field. there are several chairs arranged in the field. He takes the mallet in his hand and hits the croquet ball to the hoop. He hits the ball and it lands straight into the hoop.","The video is represented by North Face and Cliff Bar where they show mountain climbers at Yosemite National Park. There are several people talking about the fascination of mountain climbing. There are pictures of people wearing bandanas shown sitting on the mountain tops. There's a man who is mountain climbing on a steep slope. Another man takes a leap from the top of mountain in an attempt to bungee jump from that height.","There are several people gathered on the street where live music is playing. There are couples dancing together to the music doing the Salsa style of dance. There are many restaurants and stores in that town square where people are gathered to see the couples dance. Some of the bystanders are video taping the dancers. The couples continue to dance till the music ends. One guy kisses his girlfriend on the cheek after the dance is over."],"descriptions":[["There's a man in the swimming pool playing water polo."," He is in the pool playing water polo with a yellow ball and two other people."," He throws the ball across and the people sitting by the pool and watching him play cheer loudly."],["There's a woman in a gray shirt and black tights and very short hair performing tricks with a small stick in her backyard by the swing."," She is juggling between two sticks in her hand and trying to catch one stick while throwing the other in the air."],["There's a man dressed in all white playing croquet in an open field."," there are several chairs arranged in the field."," He takes the mallet in his hand and hits the croquet ball to the hoop."," He hits the ball and it lands straight into the hoop."],["The video is represented by North Face and Cliff Bar where they show mountain climbers at Yosemite National Park."," There are several people talking about the fascination of mountain climbing."," There are pictures of people wearing bandanas shown sitting on the mountain tops."," There's a man who is mountain climbing on a steep slope."," Another man takes a leap from the top of mountain in an attempt to bungee jump from that height."],["There are several people gathered on the street where live music is playing."," There are couples dancing together to the music doing the Salsa style of dance."," There are many restaurants and stores in that town square where people are gathered to see the couples dance."," Some of the bystanders are video taping the dancers."," The couples continue to dance till the music ends."," One guy kisses his girlfriend on the cheek after the dance is over."]],"rates":[1,1,1,1,1],"timestaken":[154.284,202.302,308.856,185.254,851.854],"pausetime":[4,2,3,1,4]}