{"names":["v_gf3JIm2C59g.mp4","v_Gg8Ha8OPtZ0.mp4","v_H0gSWEElh6A.mp4","v_H5Z__A99EG4.mp4","v_h8cXVe6N6Oc.mp4"],"durations":[103.492,21.433,145.752,118.492,4.412],"timestamps":[[[16.56,98.32],[51.23,98.32],[92.11,98.32]],[[1.5,20.36],[14.04,20.36],[18.75,20.36]],[[13.85,138.46],[42.27,138.46],[75.79,138.46],[92.55,138.46],[126.8,138.46]],[[8.89,112.57],[39.69,112.57],[68.13,112.57],[106.05,112.57]],[[2.78,4.19],[3.71,4.19]]],"paragraph":["There's a middle aged couple demonstrating how to do ball room dancing. They are in a room with large mirrors on a wall and hardwood floors. They are showing how to move the foot back and forth in rhythm while twirling their hips.","There are two young boys, one dressed in a red shirt and the other in a striped shirt at a bowling alley. The boy in the red shirt bowls with a large green ball and hits a strike. He is ecstatic after his win and begins jumping with joy.","There's a man demonstrating how to use a hand setting tool. He is hammering nails into a wooden bar. He uses the tool to properly align the nails before hammering it in.He then demonstrates how the hammering process would look without using the alignment tool. Then he uses the alignment tool to show thew difference it makes to hammer a nail into wood when the tool is used.","There's a man doing a science experiment in his kitchen using a on liter Pepsi bottle that is filled with foam. There's a boy laying down on the floor with his legs stretched up against the cabinet. The man is holding a hose in one hand and blowing air into the bottle simultaneously. Then he drops the huge bubble from the bottle onto the boy's face.","There's a woman long black hair looking in a mirror and brushing her hair. There's another woman with blond hair that makes a face looking angry and disgusted."],"descriptions":[["There's a middle aged couple demonstrating how to do ball room dancing."," They are in a room with large mirrors on a wall and hardwood floors."," They are showing how to move the foot back and forth in rhythm while twirling their hips."],["There are two young boys, one dressed in a red shirt and the other in a striped shirt at a bowling alley."," The boy in the red shirt bowls with a large green ball and hits a strike."," He is ecstatic after his win and begins jumping with joy."],["There's a man demonstrating how to use a hand setting tool."," He is hammering nails into a wooden bar."," He uses the tool to properly align the nails before hammering it in.","He then demonstrates how the hammering process would look without using the alignment tool."," Then he uses the alignment tool to show thew difference it makes to hammer a nail into wood when the tool is used."],["There's a man doing a science experiment in his kitchen using a on liter Pepsi bottle that is filled with foam."," There's a boy laying down on the floor with his legs stretched up against the cabinet."," The man is holding a hose in one hand and blowing air into the bottle simultaneously."," Then he drops the huge bubble from the bottle onto the boy's face."],["There's a woman long black hair looking in a mirror and brushing her hair."," There's another woman with blond hair that makes a face looking angry and disgusted."]],"rates":[1,1,1,1,1],"timestaken":[157.735,3340.544,234.224,391.83,106.32],"pausetime":[1,5,3,3,3]}