{"names":["v_dzpsJQN4o-Y.mp4","v_E2sbaDQabkA.mp4","v_E33xUgVqEH0.mp4","v_e34P8tr-Mi4.mp4","v_E4ItlgO16LI.mp4"],"durations":[174.266,165.536,32.485,64.064,85.543],"timestamps":[[[0,3.49],[3.49,6.97],[6.97,12.2],[13.07,16.56],[18.3,21.78],[26.14,28.75],[28.75,52.28],[52.28,67.09],[67.09,88.88],[88.88,147.25],[147.25,155.1],[155.97,159.45],[159.45,165.55]],[[0,2.48],[3.31,7.45],[8.28,13.24],[14.07,158.91],[159.74,163.88]],[[0,28.42],[28.59,32.49]],[[0,64.06],[2.56,4.16],[43.56,46.45],[48.05,55.1]],[[0,20.1],[4.28,17.96],[19.67,31.22],[31.22,77.42],[76.99,79.55],[80.41,85.54]]],"paragraph":["The door opens and two people wearing slippers enter the room. A logo briefly appears on the screen. Two men standing in front of a pair of bathroom sinks and mirrors remove the robes they're wearing to reveal spandex clothing, then turn to face the camera to speak. A large group of people ride bicycles down the road. A barefoot man stands in a bathroom. The title \"How to Shave Your Legs\" appears over a man performing that action. The men discuss and demonstrate using an electric razor to shave your legs. One then discusses how high your legs should be shaved. The man demonstrates how to lather up your legs. The two men demonstrate how to use a razor to shave your legs. They then demonstrate how to rinse your legs off. A man rides a bike down the road. The two men shave their other leg.","A black and yellow jump rope lies on the floor while three people are in the background.The title, \"Jump Rope Steffisburg\", appears on the screen while several people in green shirts run behind. Two young women perform a somersault. A large group of people in green shirts perform various jump rope stunts in a large gymnasium. Someone picks up a yellow and black jump rope from the floor and walks off with it.","A person cleans an extremely dirty sink with a paper towel. The title, TubOTowels, appears on the screen.","Three men are applying plaster to the ceiling of an unfinished room while another man watches. One of the men climbs a ladder to reach the ceiling. One man performs a short dance. The camera moves to reveal that the man dancing and another one of the men are using stilts to reach the ceiling.","A male gymnast in a blue outfit applies chalk dust to his hands. An infographic appears, showing his name to be Danell Leyva from the USA. He steps up to a parallel bars and waves. He performs his routine, executing many flips and handstands. He dismounts badly, falling over and landing on his back beside the mat. He steps back onto the mat and briefly raises his arms."],"descriptions":[["The door opens and two people wearing slippers enter the room."," A logo briefly appears on the screen."," Two men standing in front of a pair of bathroom sinks and mirrors remove the robes they're wearing to reveal spandex clothing, then turn to face the camera to speak."," A large group of people ride bicycles down the road."," A barefoot man stands in a bathroom."," The title \"How to Shave Your Legs\" appears over a man performing that action."," The men discuss and demonstrate using an electric razor to shave your legs."," One then discusses how high your legs should be shaved."," The man demonstrates how to lather up your legs."," The two men demonstrate how to use a razor to shave your legs."," They then demonstrate how to rinse your legs off."," A man rides a bike down the road."," The two men shave their other leg."],["A black and yellow jump rope lies on the floor while three people are in the background.","The title, \"Jump Rope Steffisburg\", appears on the screen while several people in green shirts run behind."," Two young women perform a somersault."," A large group of people in green shirts perform various jump rope stunts in a large gymnasium."," Someone picks up a yellow and black jump rope from the floor and walks off with it."],["A person cleans an extremely dirty sink with a paper towel."," The title, TubOTowels, appears on the screen."],["Three men are applying plaster to the ceiling of an unfinished room while another man watches."," One of the men climbs a ladder to reach the ceiling."," One man performs a short dance."," The camera moves to reveal that the man dancing and another one of the men are using stilts to reach the ceiling."],["A male gymnast in a blue outfit applies chalk dust to his hands."," An infographic appears, showing his name to be Danell Leyva from the USA."," He steps up to a parallel bars and waves."," He performs his routine, executing many flips and handstands."," He dismounts badly, falling over and landing on his back beside the mat."," He steps back onto the mat and briefly raises his arms."]],"rates":[1,1,1,1,1],"timestaken":[900.673,493.404,93.792,344.898,568.73],"pausetime":[20,22,2,9,13]}