{"names":["v_DhYJl8KAZN4.mp4","v_djQnCU5MNJg.mp4","v_DozJpP2cClI.mp4","v_DYahQgHG1Gk.mp4","v_DyVqsDJYXdM.mp4"],"durations":[230.76,8.36,118.678,112.803,212.184],"timestamps":[[[0,5.77],[5.77,222.68],[215.76,216.91],[223.84,230.76]],[[0,8.36]],[[0,49.25],[21.36,49.25],[49.25,118.68],[71.21,78.92]],[[0,15.79],[15.79,108.85],[55.27,65.43],[83.47,89.11],[100.96,106.03],[108.85,112.8]],[[0,4.24],[4.24,11.67],[11.67,43.5],[43.5,114.58],[114.58,143.22],[143.22,180.36],[180.36,212.18]]],"paragraph":["An intro comes onto the screen giving information for a percussion company. A man begins to play a set of drums with the camera showing him from several different angles. The camera shows his foot using a pedal to play the drums. As the video ends the closing credits are displayed.","A woman and a baby are swinging back and forth on a swing.","Two people are playing badminton as someone records them with a video camera. A guy hurts himself as the other people watching him laugh at him. The people that were playing badminton go over and talk to other people that are sitting in lawn chairs. The boy goes into the house as the people continue to laugh.","An intro appears on the screen for a video bout a man who will be playing the rums. The man begins to play the drums as the camera records him. He pauses and people are laughing and enjoying the music. He pauses again and waits for a reaction from the crowd. the camera turns to show the people that are enjoying the music. The video ends with the closing credits.","A play the is part of a cricket game is shown on the screen. They players in the cricket game are shown celebrating and interacting with one another. A replay is shown and stats are then shown on the screen. The game continues with another play and a replay is shown of that play. Another play is shown and a replay of that play is shown as well. The next play is shown an the team begins to celebrate before a replay of that play is shown. The next play is shown and then the video ends."],"descriptions":[["An intro comes onto the screen giving information for a percussion company."," A man begins to play a set of drums with the camera showing him from several different angles."," The camera shows his foot using a pedal to play the drums."," As the video ends the closing credits are displayed."],["A woman and a baby are swinging back and forth on a swing."],["Two people are playing badminton as someone records them with a video camera."," A guy hurts himself as the other people watching him laugh at him."," The people that were playing badminton go over and talk to other people that are sitting in lawn chairs."," The boy goes into the house as the people continue to laugh."],["An intro appears on the screen for a video bout a man who will be playing the rums."," The man begins to play the drums as the camera records him."," He pauses and people are laughing and enjoying the music."," He pauses again and waits for a reaction from the crowd."," the camera turns to show the people that are enjoying the music."," The video ends with the closing credits."],["A play the is part of a cricket game is shown on the screen."," They players in the cricket game are shown celebrating and interacting with one another."," A replay is shown and stats are then shown on the screen."," The game continues with another play and a replay is shown of that play."," Another play is shown and a replay of that play is shown as well."," The next play is shown an the team begins to celebrate before a replay of that play is shown."," The next play is shown and then the video ends."]],"rates":[1,1,2,2,2],"timestaken":[298.999,206.738,308.342,368.678,803.912],"pausetime":[5,2,6,7,9]}