{"names":["v_apPeChgjzs4.mp4","v_aQHGZzqZLxs.mp4","v_aQQr1ad0v1I.mp4","v_awag66wjX4k.mp4","v_b7_ok8iTlT8.mp4"],"durations":[25.890249,120.372244,188.98721,161.216145,167.183673],"timestamps":[[[0,25.89],[0,24.73],[1.55,25.89]],[[0,109.54],[0,6.62],[8.43,22.27],[21.07,42.73],[45.14,76.44],[93.89,101.71]],[[0,188.99],[0,5.67],[6.61,9.45],[10.39,22.68],[22.68,80.32],[81.26,109.61],[110.56,185.21]],[[0,157.99],[0,4.84],[6.45,16.12],[16.93,41.11],[41.92,138.65],[140.26,153.96],[153.96,161.22]],[[0,5.85],[8.36,29.26],[30.09,53.5],[30.09,65.2],[65.2,106.16],[109.51,114.52],[114.52,117.03],[117.86,123.72],[125.39,130.4],[133.75,142.94],[143.78,149.63],[152.97,167.18]]],"paragraph":["A shirtless man is playing bongo drums in front of a microphone. There are other sets of drums to his left. To his right is a green bag and a hat situated on a table.","A man is demonstrating how to kindle a small pit of fire. First, the man shows off the flint he has for the fire. He then puts the flint into a pile of wood. The man then lights the fire, which slowly spreads throughout the wood. The man then pokes the fire with pieces of flat wood to spread the fire. The man then shakes the twigs on the wood to further spread the fire.","A man is showing off his motorbike. He gives a small talk about his bike first. Then he drives his bike on the track. He then does quick demonstrations on how his bike moves and how it sits. He then talks more about his bike while sitting on his bike. He then drives around a flat dirt track while cutting a few times to his talks describing his techniques. He ends by talking about his bike some more.","A bike company is showing off their bikes and how to fix them. There is an intro of the bike company's logo. Then a man gives a quick into talk about the bikes. A person with gloves then shows off some tools and paste. He then uses the tools and paste to fix the bike's handle. The person then shows off the finished product of a fully adjustable handle. The ending screen shows the bike company's logo again.","There are distant view shots of areas around Los Angeles, Hollywood, and surrounding areas. A man then talks behind a table full of ingredients and cooking utensils. The man then shows off some of his vegetables and ingredients and smells them. He starts cooking by squeezing a lemon into a bowl of soaked vegetables. Then, he puts onions, lemon juice, pepper, oil, which he smells, and some other vegetables on a plate. He then shreds cheese onto a place with a shredder. He puts the shredded cheese onto the original plate. After, he picks some herbs and places them on a plate. He then adds salt and more pepper to the original plate. He then talks about a bottle of oil and adds some to the original plate. He also adds a different type of oil to the plate. There are then different clips and angles of the finished food plate."],"descriptions":[["A shirtless man is playing bongo drums in front of a microphone."," There are other sets of drums to his left."," To his right is a green bag and a hat situated on a table."],["A man is demonstrating how to kindle a small pit of fire."," First, the man shows off the flint he has for the fire."," He then puts the flint into a pile of wood."," The man then lights the fire, which slowly spreads throughout the wood."," The man then pokes the fire with pieces of flat wood to spread the fire."," The man then shakes the twigs on the wood to further spread the fire."],["A man is showing off his motorbike."," He gives a small talk about his bike first."," Then he drives his bike on the track."," He then does quick demonstrations on how his bike moves and how it sits."," He then talks more about his bike while sitting on his bike."," He then drives around a flat dirt track while cutting a few times to his talks describing his techniques."," He ends by talking about his bike some more."],["A bike company is showing off their bikes and how to fix them."," There is an intro of the bike company's logo."," Then a man gives a quick into talk about the bikes."," A person with gloves then shows off some tools and paste."," He then uses the tools and paste to fix the bike's handle."," The person then shows off the finished product of a fully adjustable handle."," The ending screen shows the bike company's logo again."],["There are distant view shots of areas around Los Angeles, Hollywood, and surrounding areas."," A man then talks behind a table full of ingredients and cooking utensils."," The man then shows off some of his vegetables and ingredients and smells them."," He starts cooking by squeezing a lemon into a bowl of soaked vegetables."," Then, he puts onions, lemon juice, pepper, oil, which he smells, and some other vegetables on a plate."," He then shreds cheese onto a place with a shredder."," He puts the shredded cheese onto the original plate."," After, he picks some herbs and places them on a plate."," He then adds salt and more pepper to the original plate."," He then talks about a bottle of oil and adds some to the original plate."," He also adds a different type of oil to the plate."," There are then different clips and angles of the finished food plate."]],"rates":[1,1,1,1,1],"timestaken":[181.285,382.014,429.107,312.912,811.462],"pausetime":[2,3,2,2,10]}