{"names":["v_QhDPo3amF6o.mp4","v_qK2iRSxxRQU.mp4","v_QvBG_Da97h8.mp4","v_qWdjYyFfrTM.mp4","v_qX7UMKN6ygM.mp4"],"durations":[113.986757,236.564897,58.142766,184.412879,87.632108],"timestamps":[[[0,11.4],[33.06,45.02],[45.59,61.55],[83.78,94.61],[90.62,106.01]],[[0,11.83],[14.19,100.54],[104.09,180.97],[185.7,236.56]],[[0,3.78],[4.65,18.9],[19.77,27.04],[29.65,45.06],[47.68,58.14]],[[0,14.75],[19.36,32.27],[36.88,48.87],[57.17,82.06],[87.6,184.41]],[[0,8.33],[22.78,32.42],[53.89,58.28],[73.61,87.63]]],"paragraph":["The bumper car ride is packed with people, already many are crashing. A man flashes the peace sign at the camera, having a good time. Car 9 has finally gotten going but he is crashing left and right. A man reverses into another car behind him. A large pile-up occurs in the middle of the track.","A bellydancer in green begins her routine, smiling for the audience. She is joined by two more dancers who are in red and each does their own moves before coming together. They again break for solo performances, each dancer getting a moment to show off. They return to dancing together and the performance ends.","A graphic introduces the hand car wash video. The car is washed first gently with soap. Next, the tires are soaped and washed thoroughly. After that, the car's engine is steam cleaned. A final spot free rinse is applied and the car is dried.","A production graphic is shown along with a link for more media. This fades into a man starting to play the saxophone in his living room up to a microphone. The man is now wearing sunglasses while playing, grooving to the music. The man is shown back without the sunglasses. Another window displaying the performer is shown in the corner of the video.","At the beach, a group of soccer balls lie next to a man who is kicking them at the goal, protected by a keeper. He boots them up and off his knee before shooting wide. He finally scores over the keeper. His final ball is saved once again by the keeper."],"descriptions":[["The bumper car ride is packed with people, already many are crashing."," A man flashes the peace sign at the camera, having a good time."," Car 9 has finally gotten going but he is crashing left and right."," A man reverses into another car behind him."," A large pile-up occurs in the middle of the track."],["A bellydancer in green begins her routine, smiling for the audience."," She is joined by two more dancers who are in red and each does their own moves before coming together."," They again break for solo performances, each dancer getting a moment to show off."," They return to dancing together and the performance ends."],["A graphic introduces the hand car wash video."," The car is washed first gently with soap."," Next, the tires are soaped and washed thoroughly."," After that, the car's engine is steam cleaned."," A final spot free rinse is applied and the car is dried."],["A production graphic is shown along with a link for more media."," This fades into a man starting to play the saxophone in his living room up to a microphone."," The man is now wearing sunglasses while playing, grooving to the music."," The man is shown back without the sunglasses."," Another window displaying the performer is shown in the corner of the video."],["At the beach, a group of soccer balls lie next to a man who is kicking them at the goal, protected by a keeper."," He boots them up and off his knee before shooting wide."," He finally scores over the keeper."," His final ball is saved once again by the keeper."]],"rates":[1,1,1,1,1],"timestaken":[172.402,242.176,133.101,216.964,137.732],"pausetime":[1,2,2,4,1]}