{"names":["v_PeMJjLrDjhQ.mp4","v_PlAVnu-ueM4.mp4","v_PMDpnLURLp8.mp4","v_pS-BoCsMcpQ.mp4","v_pVkwQOp1xZo.mp4"],"durations":[31.231,120.024,91.301,131.518,45.628],"timestamps":[[[0,1.72],[1.72,6.4],[6.4,18.58],[18.58,31.23]],[[0,41.41],[41.41,60.01],[60.01,81.02],[81.02,120.02]],[[0,15.98],[16.89,33.32],[33.32,58.89],[58.43,91.3]],[[0,21.7],[21.04,50.63],[49.98,92.06],[92.06,131.52]],[[0,9.58],[9.35,19.39],[19.39,28.06],[28.52,45.63]]],"paragraph":["The pool is filled with women doing laps back and forth. The couch blows his whistle and tells them to go and they start again. Someone throws a volleyball in out of nowhere and one of the swimmers catches it. The whistle is blown again and then they turn around for one last lap.","Ms Smith is giving an interview talking about weight lifting, she speaks about how she started around 12. The coach briefly speaks about how gives them rest before every competition. She lifts the weight way above her head and drops it wearing her uniform. Everyone claps for her, and then you hear from her and the coach again before the interview is over.","He grabs the long pole and begins to walk with it to the other side of the field. Then he positions himself and does a jump and lands. Everyone else begins to take their turns and start to run and jump also. They practice for a while and do it for a few more times.","Men are swimming more or less in sync with the volleyballs. They stop and get a in a circle in the pool and start throwing the ball between each other. After that they start to swim and throw for a little bit. After, they put it all together and every one joins in to play.","Someone is stroking blue paint up and down on a fence. They put the paint brush in the paint again to gather more paint. Then continue to proceed with painting the fence. They do that multiple times trying to cover all of the brown."],"descriptions":[["The pool is filled with women doing laps back and forth."," The couch blows his whistle and tells them to go and they start again."," Someone throws a volleyball in out of nowhere and one of the swimmers catches it."," The whistle is blown again and then they turn around for one last lap."],["Ms Smith is giving an interview talking about weight lifting, she speaks about how she started around 12."," The coach briefly speaks about how gives them rest before every competition."," She lifts the weight way above her head and drops it wearing her uniform."," Everyone claps for her, and then you hear from her and the coach again before the interview is over."],["He grabs the long pole and begins to walk with it to the other side of the field."," Then he positions himself and does a jump and lands."," Everyone else begins to take their turns and start to run and jump also."," They practice for a while and do it for a few more times."],["Men are swimming more or less in sync with the volleyballs."," They stop and get a in a circle in the pool and start throwing the ball between each other."," After that they start to swim and throw for a little bit."," After, they put it all together and every one joins in to play."],["Someone is stroking blue paint up and down on a fence."," They put the paint brush in the paint again to gather more paint."," Then continue to proceed with painting the fence."," They do that multiple times trying to cover all of the brown."]],"rates":[1,1,1,1,1],"timestaken":[347.02,407.766,289.726,220.94,249.108],"pausetime":[7,4,3,1,3]}