{"names":["v_NNQQPZpzCOk.mp4","v_NURIoQoKk1E.mp4","v_ODx-nocNBos.mp4","v_OJJMEEsOdPQ.mp4","v_on2DKKcvWhE.mp4"],"durations":[63.112,192.169,174.429,12.377,213.717],"timestamps":[[[0,63.11],[11.99,29.03],[29.03,46.07],[46.07,63.11]],[[0,18.26],[18.26,51.89],[51.89,72.06],[72.06,187.36],[187.36,192.17]],[[0,18.32],[18.32,46.22],[45.35,158.73],[158.73,174.43]],[[0,12.38]],[[0,9.62],[9.62,49.15],[49.15,157.08],[157.08,196.62],[196.62,213.72]]],"paragraph":["Some women are on a boat attempting to figure out how to play shuffleboard. The girl makes a shuffleboard ahot and the girls all begin to celebrate. She continues to attempt make shots and act silly. She puts down the shuffleboard stick and the video ends.","An introduction comes onto the screen showing a girl who will demonstrate how she blow dries her hair. She puts some mousse into her hand and proceeds to work it through her hair. She takes out a brow dryer and begins to blow dry her hair from the back to the front. She sections her hair, takes out a brush, and begins to blow dry her hair with the brush. When she is finished, the closing credits for the video show on the screen.","A person on the screen is showing a box containing sumo wrestling toys. The person gives a demonstration on how to use the toys. Next the person does several demonstrations of the sumo wrestling toy set using toys that they have made as well as toys from the set. At the end of the video the closing credits are shown.","I girl in a gymnasium is shown doing a flip as several people watch.","An introduction comes onto the screen for a video that will show a demo of some janitorial products. A man on the screen begins to describe a mop and bucket set that are used for cleaning floors. He then begins to demonstrate how to use the mop and bucket set. Next he shows the buckets close up and begins to describe how to use the buckets. At the end of the video the closing credits are shown."],"descriptions":[["Some women are on a boat attempting to figure out how to play shuffleboard."," The girl makes a shuffleboard ahot and the girls all begin to celebrate."," She continues to attempt make shots and act silly."," She puts down the shuffleboard stick and the video ends."],["An introduction comes onto the screen showing a girl who will demonstrate how she blow dries her hair."," She puts some mousse into her hand and proceeds to work it through her hair."," She takes out a brow dryer and begins to blow dry her hair from the back to the front."," She sections her hair, takes out a brush, and begins to blow dry her hair with the brush."," When she is finished, the closing credits for the video show on the screen."],["A person on the screen is showing a box containing sumo wrestling toys."," The person gives a demonstration on how to use the toys."," Next the person does several demonstrations of the sumo wrestling toy set using toys that they have made as well as toys from the set."," At the end of the video the closing credits are shown."],["I girl in a gymnasium is shown doing a flip as several people watch."],["An introduction comes onto the screen for a video that will show a demo of some janitorial products."," A man on the screen begins to describe a mop and bucket set that are used for cleaning floors."," He then begins to demonstrate how to use the mop and bucket set."," Next he shows the buckets close up and begins to describe how to use the buckets."," At the end of the video the closing credits are shown."]],"rates":[2,4,1,1,4],"timestaken":[212.809,360.798,365.429,38.268,269.442],"pausetime":[4,6,1,1,3]}