{"names":["v_Ouy1exEw_dI.mp4","v_p1_6T9d4ZuY.mp4","v_p4qZGZenAoU.mp4","v_p8h3G0Tblqc.mp4","v_piKE8obU4JY.mp4"],"durations":[129.265487,38.545124,213.414603,101.91238,69.497324],"timestamps":[[[0,14.87],[20.68,40.72],[38.78,92.42],[106.64,129.27]],[[0,2.89],[4.43,29.29],[32.19,38.55]],[[0,72.56],[96.04,122.71],[131.25,192.07],[202.74,213.41]],[[0,12.23],[27.01,36.69],[38.73,75.42],[83.06,101.91]],[[0,4.17],[14.94,41],[55.25,69.5]]],"paragraph":["A man prepares himself on a dock to go water skiing. He launches into the water as the boat guns off. The man holds onto the rope while gliding through the water, looking very confident and skilled. The boat is tied up on the dock and the man is finished for the day.","The gymnast approaches the bar with a leap. She grasps the bar and begins to flip herself around the bar before leaping to the next bar and propelling herself up and over it repeatedly. She launches herself in the air and lands on the mat.","A woman with her hair up in a towel introduces her video showing how she washes her face. She applies a moisturizer to her face while dancing around. She then dances in the living room with the moisturizer on. Finally, she returns to the bathroom and washes her face.","A man introduces the basketball concepts of the video to the camera. The player starts from one side of the court and runs up and lays up the basketball in the net. He repeats around the court from every angle. The man returns to go over the concepts again as the video closes.","A drum line gets in formation at an outdoor event. They begin their routine, each section moving in their own set way before coming together and spreading out again. They form into two rows and finish the song."],"descriptions":[["A man prepares himself on a dock to go water skiing."," He launches into the water as the boat guns off."," The man holds onto the rope while gliding through the water, looking very confident and skilled."," The boat is tied up on the dock and the man is finished for the day."],["The gymnast approaches the bar with a leap."," She grasps the bar and begins to flip herself around the bar before leaping to the next bar and propelling herself up and over it repeatedly."," She launches herself in the air and lands on the mat."],["A woman with her hair up in a towel introduces her video showing how she washes her face."," She applies a moisturizer to her face while dancing around."," She then dances in the living room with the moisturizer on."," Finally, she returns to the bathroom and washes her face."],["A man introduces the basketball concepts of the video to the camera."," The player starts from one side of the court and runs up and lays up the basketball in the net."," He repeats around the court from every angle."," The man returns to go over the concepts again as the video closes."],["A drum line gets in formation at an outdoor event."," They begin their routine, each section moving in their own set way before coming together and spreading out again."," They form into two rows and finish the song."]],"rates":[1,1,1,1,1],"timestaken":[171.124,120.652,272.745,183.319,208.039],"pausetime":[1,2,4,8,7]}