{"names":["v_n50dwUENM1E.mp4","v_nDggAkf1ulc.mp4","v_NDvp3JeVWcM.mp4","v_nJMS8jN3uU4.mp4","v_o0d1PXKkJqM.mp4"],"durations":[65.411,61.417,125.806,51.386,96.015],"timestamps":[[[8.18,62.79],[38.27,62.79],[59.52,62.79]],[[14.74,58.96],[40.84,58.96],[50.98,58.96],[56.2,58.96]],[[14.47,120.77],[42.77,120.77],[63.53,120.77],[78.63,120.77],[98.13,120.77],[105.68,120.77],[118.89,120.77]],[[7.96,49.33],[24.41,49.33],[40.08,49.33]],[[7.2,92.17],[32.17,92.17],[74.41,92.17],[88.33,92.17]]],"paragraph":["There's a woman in her kitchen demonstrating how to use Astra Clean composite sink cleaner She sprays the kitchen sink with the Astra Clean quirt bottle and then uses a brush to scrub the sink. After she's done, she looks impressed at the sparkly clean kitchen sink. She puts the bottle down on the sink and walks away.","There's a little girl in a pink shirt and black tights and pink shoes playing hop scotch in a playground. She jumps around on the colorful squares as she has fun. Then she goes around a small water fountain that is next to the hop scotch squares. She is enjoying herself running around in the playground.","There is large indoor gym where a gymnastic event is being held. There is a girl gymnast who is performing on the bars. There are spectators watching her as she swings swiftly. She gets off the bars and is congratulated by her coach. The awards are then presented to the winners of the competition. the winners stand on stage to receive their medals of victory. The score board shows the names of all the winners.","There are four kids of varying ages playing kick ball in their backyard. The girl in pink kicks the ball to her brother in the orange shirt while the little kids run around and play. There's a little baby sitting on the ground in a baby bouncer watching them play.","There's a man in a pink shirt and a lady in a white tank top holding bagpipes in her hand. They are standing in a parking lot near a silver car. The lady begins playing her bagpipes as the man watches her play. She continues playing and after she's done, the man claps for her and gives her a hug."],"descriptions":[["There's a woman in her kitchen demonstrating how to use Astra Clean composite sink cleaner She sprays the kitchen sink with the Astra Clean quirt bottle and then uses a brush to scrub the sink."," After she's done, she looks impressed at the sparkly clean kitchen sink."," She puts the bottle down on the sink and walks away."],["There's a little girl in a pink shirt and black tights and pink shoes playing hop scotch in a playground."," She jumps around on the colorful squares as she has fun."," Then she goes around a small water fountain that is next to the hop scotch squares."," She is enjoying herself running around in the playground."],["There is large indoor gym where a gymnastic event is being held."," There is a girl gymnast who is performing on the bars."," There are spectators watching her as she swings swiftly."," She gets off the bars and is congratulated by her coach."," The awards are then presented to the winners of the competition."," the winners stand on stage to receive their medals of victory."," The score board shows the names of all the winners."],["There are four kids of varying ages playing kick ball in their backyard."," The girl in pink kicks the ball to her brother in the orange shirt while the little kids run around and play."," There's a little baby sitting on the ground in a baby bouncer watching them play."],["There's a man in a pink shirt and a lady in a white tank top holding bagpipes in her hand."," They are standing in a parking lot near a silver car."," The lady begins playing her bagpipes as the man watches her play."," She continues playing and after she's done, the man claps for her and gives her a hug."]],"rates":[1,1,1,1,1],"timestaken":[140.357,322.598,360.154,220.402,137.369],"pausetime":[3,6,3,4,1]}