{"names":["v_h5fX5z-unJc.mp4","v_hHiPEAiYKv0.mp4","v_hjsu3SGAdLs.mp4","v_hmT9H0IjiGs.mp4","v_I4wkBjpwAAU.mp4"],"durations":[21.85,83.058,131.379,215.551,93.136],"timestamps":[[[5.35,16.39],[9.61,16.39],[15.73,16.39]],[[29.49,62.29],[33.64,62.29],[46.1,62.29],[59.39,62.29]],[[25.62,98.53],[45.33,98.53],[52.55,98.53],[67.66,98.53],[93.28,98.53]],[[14.01,205.85],[46.34,205.85],[63.59,205.85],[85.14,205.85],[106.7,205.85],[132.56,205.85],[151.96,205.85],[172.44,205.85],[195.07,205.85]],[[16.3,88.94],[61,88.94],[83.82,88.94]]],"paragraph":["A man wearing a white shirt is playing pool in a recreation room. There are some other players standing besides the pool table. The man playing pool hits the balls as he continues playing the game.","A man is shoveling snow off his driveway in a heavy snow storm. He is wearing winter clothing and his fully covered. Another man is also shoveling snow off of he walkway of the house is not wearing any winter gear. They both continue to shovel and clean the snow in the heavy snow storm.","A man wearing a blue shirt is playing the piano in a yard. There are two elephants standing behind him. One of the elephant is trying to play the piano with his trunk. The man continues to play the piano in a fast pace using various keys on the piano. He gives a big finish with the tune and then pats the elephant's trunk.","A man wearing a white hat is demonstrating how to make a Caribbean drink. He shows a bowl filled with citrus fruits. He takes a lemon juicer and some lemons and limes and oranges. He then juices the oranges and lemon on the juicer. He then empties the juice a large cocktail bowl. He adds rum to the juice along with some vanilla extract. He also mixes in sugar and rum and whisks the drink. He finally adds a bowl full of water and stirs it well. He pours the beverage in cocktail glasses and places it on the kitchen counter.","Two army men in the their uniforms are tied together and pulling each other in opposite direction as part of their training. There is a crowd of army officers watching them cheering for them as they do the strength training exercise. The game is over after one of the army officer's drags the other officer on the ground and wins the game."],"descriptions":[["A man wearing a white shirt is playing pool in a recreation room."," There are some other players standing besides the pool table."," The man playing pool hits the balls as he continues playing the game."],["A man is shoveling snow off his driveway in a heavy snow storm."," He is wearing winter clothing and his fully covered."," Another man is also shoveling snow off of he walkway of the house is not wearing any winter gear."," They both continue to shovel and clean the snow in the heavy snow storm."],["A man wearing a blue shirt is playing the piano in a yard."," There are two elephants standing behind him."," One of the elephant is trying to play the piano with his trunk."," The man continues to play the piano in a fast pace using various keys on the piano."," He gives a big finish with the tune and then pats the elephant's trunk."],["A man wearing a white hat is demonstrating how to make a Caribbean drink."," He shows a bowl filled with citrus fruits."," He takes a lemon juicer and some lemons and limes and oranges."," He then juices the oranges and lemon on the juicer."," He then empties the juice a large cocktail bowl."," He adds rum to the juice along with some vanilla extract."," He also mixes in sugar and rum and whisks the drink."," He finally adds a bowl full of water and stirs it well."," He pours the beverage in cocktail glasses and places it on the kitchen counter."],["Two army men in the their uniforms are tied together and pulling each other in opposite direction as part of their training."," There is a crowd of army officers watching them cheering for them as they do the strength training exercise."," The game is over after one of the army officer's drags the other officer on the ground and wins the game."]],"rates":[1,1,1,1,1],"timestaken":[119.905,387.312,212.136,402.368,207.728],"pausetime":[2,2,3,5,2]}