{"names":["v_fUivipdikFU.mp4","v_G_Nzm0WkGEI.mp4","v_gCxLG4hinNw.mp4","v_GEmuTigZlYA.mp4","v_HBJzxWj7CaY.mp4"],"durations":[20.063,127.06,88.097007,91.743,173.546009],"timestamps":[[[0,1.61],[1.61,20.06]],[[0,22.24],[20.96,56.54],[55.91,127.06]],[[0,15.86],[15.86,55.94],[55.5,65.63],[66.07,88.1]],[[0,80.73],[23.85,90.83]],[[0,29.5],[27.77,65.08],[59.01,82.43],[80.7,112.8],[118.88,173.55]]],"paragraph":["A person is seen sitting in water behind a speed boat that eventually gets moving. The man stand sup on skis and follows behind the boat, eventually falling in the water.","A young child is seen ironing a shirt on a table and looking into the camera. The boy continues pretending to iron the shirt and eventually puts a dress on the table to iron. He irons the dress and swings it around.","A man is standing on a show playing bagpipes while other around him watch in amazement. The man continues to play and the audience claps when he finishes. He hands the instrument to a man walking in and gives the host a handshake. He talks to the host a bit and strikes a pose before the host finishes with the guest.","A woman is seen brushing copious amounts of hair off of a dog's body and collecting the fur in her hand. The dog moves his leg a bit as the woman continues brushing and looks back to watch her brush.","A man stands in front of the camera speaking and various trips of people and sites are shown. Another man is interviewed followed by several more shots of the area. A panel of people speak to one another and people get ready for a race. Dozens of people line up and begin swimming in the ocean to race. Many more people are interviewed while the race continues and many people watch and discuss the events."],"descriptions":[["A person is seen sitting in water behind a speed boat that eventually gets moving."," The man stand sup on skis and follows behind the boat, eventually falling in the water."],["A young child is seen ironing a shirt on a table and looking into the camera."," The boy continues pretending to iron the shirt and eventually puts a dress on the table to iron."," He irons the dress and swings it around."],["A man is standing on a show playing bagpipes while other around him watch in amazement."," The man continues to play and the audience claps when he finishes."," He hands the instrument to a man walking in and gives the host a handshake."," He talks to the host a bit and strikes a pose before the host finishes with the guest."],["A woman is seen brushing copious amounts of hair off of a dog's body and collecting the fur in her hand."," The dog moves his leg a bit as the woman continues brushing and looks back to watch her brush."],["A man stands in front of the camera speaking and various trips of people and sites are shown."," Another man is interviewed followed by several more shots of the area."," A panel of people speak to one another and people get ready for a race."," Dozens of people line up and begin swimming in the ocean to race."," Many more people are interviewed while the race continues and many people watch and discuss the events."]],"rates":[1,1,1,1,2],"timestaken":[56.863,80.955,118.947,69.806,155.525],"pausetime":[1,9,8,6,3]}