{"names":["v_U6Xnw2RGjsI.mp4","v_UaiKJ_7mKIA.mp4","v_UCZGbQFg6io.mp4","v_uICwWvS_AOo.mp4","v_UlGX-5x0Mak.mp4"],"durations":[17.067,30.117,117.819,190.869,25.148],"timestamps":[[[0,14.08],[14.17,17.07]],[[0,1.2],[1.96,9.49],[9.94,13.1],[15.51,17.47],[17.62,21.38],[21.83,26.35]],[[0,117.82]],[[0,10.5],[15.27,26.72],[28.63,55.35],[56.31,113.57],[114.52,119.29],[123.11,134.56],[137.43,155.56],[155.56,184.19],[186.1,190.87]],[[0,18.74],[18.74,25.15]]],"paragraph":["A young man pumps up and down kneeling on both legs. The student jumps up from the kneeling position and lands on top of a stack of mat then lands on the ground.","A group stands at a train station. A man shovels snow from the sidewalk. A man in a wheelchair goes down a sidewalk on a cold winter day. A woman in snow jacket shovels snow from a sidewalk. A man breaks up ice with a spade. A man shovels snow from a sidewalk into a tree lined planter.","Track runner run along a track in a large stadium and each performs a long jump during a competition.","Four men ride in a convertible car and drive along a desert highway. Two friends ride down an escalator. The friends stand at a card table in a casino and play hands. The man makes a large bet and sits down to play a few hands at the table. The man accumulates a large number of chips. The man's friends win a hand and the couple celebrates. The man is tracked by security personnel and cameras. The woman falls back if her chair to the ground and the men help her up. The friend playing is gone and the chair is empty.","A boy holds an ice cream cone to a baby sitting in a high chair seat. The baby enjoys the ice cream cone."],"descriptions":[["A young man pumps up and down kneeling on both legs."," The student jumps up from the kneeling position and lands on top of a stack of mat then lands on the ground."],["A group stands at a train station."," A man shovels snow from the sidewalk."," A man in a wheelchair goes down a sidewalk on a cold winter day."," A woman in snow jacket shovels snow from a sidewalk."," A man breaks up ice with a spade."," A man shovels snow from a sidewalk into a tree lined planter."],["Track runner run along a track in a large stadium and each performs a long jump during a competition."],["Four men ride in a convertible car and drive along a desert highway."," Two friends ride down an escalator."," The friends stand at a card table in a casino and play hands."," The man makes a large bet and sits down to play a few hands at the table."," The man accumulates a large number of chips."," The man's friends win a hand and the couple celebrates."," The man is tracked by security personnel and cameras."," The woman falls back if her chair to the ground and the men help her up."," The friend playing is gone and the chair is empty."],["A boy holds an ice cream cone to a baby sitting in a high chair seat."," The baby enjoys the ice cream cone."]],"rates":[1,1,1,2,1],"timestaken":[102.101,239.93,173.182,479.065,198.071],"pausetime":[2,3,2,2,1]}