{"names":["v_TmnVK-cYrzg.mp4","v_TtrDWeSW3mg.mp4","v_tvzl11XL01k.mp4","v_U-N92yQynQA.mp4","v_U0Q10ZdqnJo.mp4"],"durations":[147.61,204.22,80.295,39.591,13.816],"timestamps":[[[16.24,145.4],[46.5,145.4],[67.16,145.4],[84.14,145.4],[103.33,145.4],[116.61,145.4],[129.9,145.4]],[[12.25,201.16],[47.99,201.16],[87.81,201.16],[107.22,201.16],[135.81,201.16],[151.12,201.16],[167.46,201.16],[188.9,201.16]],[[10.04,79.09],[23.69,79.09],[39.34,79.09],[56.61,79.09],[72.27,79.09]],[[5.74,39],[23.56,39],[35.83,39]],[[6.22,13.61],[12.85,13.61]]],"paragraph":["There's a little boy sitting on a bed in the bedroom. There is a laundry basket and a lot of clothes on the bed. The mother of the boy who is filming the video shows a vacuum cleaner. Then she turns the vacuum cleaner on and begins vacuuming the bedroom floor. The boy watches his mom vacuum as he jumps on the bed. the boy then lays down on the bed as he sees his mother finish the job. Then the boy gets off the bed and jumps down to the ground to look under the bedside table.","How To Expo is demonstrating how to make a three bean salad with black beans, garbanzo beans and kidney beans. The presenter shows minced garlic, chopped onions and chopped red bell pepper, along with chopped parsley and one teaspoon of cumin. She also shows the dressing ingredients like olive oil, red wine vinegar and salt. Then she takes a large bowl and begins mixing all the ingredients together. She mixes everything with the three types of beans. She takes large spatula and mixes everything well. then she takes some olive oil and vinegar and mixes it together for the dressing. She pours the salad into a plate and tops is with the salad dressing.","There's a woman dressed in a beige sweater demonstrating how to wrap Christmas gifts. she begins with cutting the gift wrapping paper neatly to fit the size of the box. She folds the paper evenly to cover the entire box. Then she uses scotch tape to seal the ends securely. She takes some decorative ribbon and other decorative items to top the box to add a special touch to the presents.","There is a badminton ladies double match taking place in an indoor court. There are several spectators watching the match as the doubles partners hit the shuttlecock with their rackets. The crowd cheers on as the match goes on and the players hit with their rackets back and forth.","There's a woman in a white shirt in an indoor tennis court hitting balls across the court. She bounces the ball on the ground and then serves the ball across the net."],"descriptions":[["There's a little boy sitting on a bed in the bedroom."," There is a laundry basket and a lot of clothes on the bed."," The mother of the boy who is filming the video shows a vacuum cleaner."," Then she turns the vacuum cleaner on and begins vacuuming the bedroom floor."," The boy watches his mom vacuum as he jumps on the bed."," the boy then lays down on the bed as he sees his mother finish the job."," Then the boy gets off the bed and jumps down to the ground to look under the bedside table."],["How To Expo is demonstrating how to make a three bean salad with black beans, garbanzo beans and kidney beans."," The presenter shows minced garlic, chopped onions and chopped red bell pepper, along with chopped parsley and one teaspoon of cumin."," She also shows the dressing ingredients like olive oil, red wine vinegar and salt."," Then she takes a large bowl and begins mixing all the ingredients together."," She mixes everything with the three types of beans."," She takes large spatula and mixes everything well."," then she takes some olive oil and vinegar and mixes it together for the dressing."," She pours the salad into a plate and tops is with the salad dressing."],["There's a woman dressed in a beige sweater demonstrating how to wrap Christmas gifts."," she begins with cutting the gift wrapping paper neatly to fit the size of the box."," She folds the paper evenly to cover the entire box."," Then she uses scotch tape to seal the ends securely."," She takes some decorative ribbon and other decorative items to top the box to add a special touch to the presents."],["There is a badminton ladies double match taking place in an indoor court."," There are several spectators watching the match as the doubles partners hit the shuttlecock with their rackets."," The crowd cheers on as the match goes on and the players hit with their rackets back and forth."],["There's a woman in a white shirt in an indoor tennis court hitting balls across the court."," She bounces the ball on the ground and then serves the ball across the net."]],"rates":[1,1,1,1,1],"timestaken":[211.258,363.257,1246.51,445.289,112.338],"pausetime":[1,8,3,2,2]}