{"names":["v_Rl6US0JizDs.mp4","v_Rn_frSrkkbM.mp4","v_rnPfQuWS4Rk.mp4","v_rpDBtiySZ3o.mp4","v_SbX8KDWMhio.mp4"],"durations":[71.518,61.394,31.046,33.948,68.453],"timestamps":[[[0,5.72],[5.72,19.67],[19.67,28.25],[28.25,67.23],[67.23,71.52]],[[0,61.39],[0,27.63],[27.63,49.42],[49.42,61.39]],[[0,20.02],[20.18,31.05]],[[0,15.45],[15.45,33.95]],[[0,7.87],[7.87,68.45],[19.51,68.45],[29.78,44.84]]],"paragraph":["An introduction comes onto the screen for a video about mixing a drink called the \"Yah Yah\". She goes over all the ingredients needed for the drink. She begins by taking a glass and filling it with ice. She add all the ingredients to the glass over the ice. The video ends with the closing credits.","A cricket game is being played between two teams in front of a crowd of people. The first play is made and the commentators narrate the play. Then, a replay of the previous play is started while the commentators narrate it. The camera cuts to a man laughing at a mistake made in the play.","A man in a kilt prepares himself to toss a large hammer in a competition. After his preparations he swings the hammer around in a circle and tosses it as far as he can.","Several people are preparing to play volleyball on the beach. The camera zooms out and the people begin to play the game, tossing the ball back and forth to each other.","A woman is dancing along to some music while standing in front of a television. As she is dancing she begins to smoke a hookah pipe. The camera shows two other women in the room as they dance and smoke the hookah pipe with her. the camera turns to a man that is in the room with a camera taking pictures."],"descriptions":[["An introduction comes onto the screen for a video about mixing a drink called the \"Yah Yah\"."," She goes over all the ingredients needed for the drink."," She begins by taking a glass and filling it with ice."," She add all the ingredients to the glass over the ice."," The video ends with the closing credits."],["A cricket game is being played between two teams in front of a crowd of people."," The first play is made and the commentators narrate the play."," Then, a replay of the previous play is started while the commentators narrate it."," The camera cuts to a man laughing at a mistake made in the play."],["A man in a kilt prepares himself to toss a large hammer in a competition."," After his preparations he swings the hammer around in a circle and tosses it as far as he can."],["Several people are preparing to play volleyball on the beach."," The camera zooms out and the people begin to play the game, tossing the ball back and forth to each other."],["A woman is dancing along to some music while standing in front of a television."," As she is dancing she begins to smoke a hookah pipe."," The camera shows two other women in the room as they dance and smoke the hookah pipe with her."," the camera turns to a man that is in the room with a camera taking pictures."]],"rates":[1,2,1,1,2],"timestaken":[350.439,238.407,115.356,97.591,235.47],"pausetime":[8,5,1,1,6]}