{"names":["v__0mR06FcftE.mp4","v__tPDUYSu1IQ.mp4","v_A9TcWJnbcWs.mp4","v_ak8MVjE2p3Y.mp4","v_aKhD_bFB7MA.mp4"],"durations":[124.506,181.232,7.059,81.92,159.777],"timestamps":[[[13.7,117.04],[29.26,117.04],[51.67,117.04],[78.44,117.04],[89.02,117.04],[113.3,117.04]],[[25.37,170.36],[47.12,170.36],[77.02,170.36],[110.55,170.36],[130.49,170.36],[165.83,170.36]],[[3.11,6.64],[6,6.64]],[[15.16,77],[34,77],[52.02,77.82],[71.68,77.82]],[[16.78,151.79],[48.73,151.79],[84.68,151.79],[111.05,151.79],[130.22,151.79],[143.8,151.79]]],"paragraph":["A woman is doing a tutorial on how to clean a kitchen sink with baking soda, a toothbrush and cloth rag. She first takes some baking soda on the rag and scrubs it on the sink. Then she takes the toothbrush and dips it in the baking soda. she brushes the toothbrush on the sink edges to clean it. She turns on the tap and washes the baking soda off of the sink. Then she takes some vinegar on the wash cloth and wipes the sink down with it.","There are two men elbow wrestling on a table. There are several people are watching them wrestle. In another scene, there are two more men elbow wrestling. There are a series of elbow wrestling events shown in the video where one man is more forceful than the other and ends up winning the wrestling game. There are some over dramatized scenes where people are elbow wrestling and over reacting to the game. There are also some referees seen acting as moderators in the elbow wrestling match.","There are two boys playing squash in an indoor squash court. They are playing randomly in an unstructured game where they often miss the ball.","There's a man sitting on a busy city street wearing a turban and smoking a cigarette. There are several people walking past him. He continues to smoke the cigarette as he inhales and exhales the smoke. There is a lot of traffic on the street as well as many people walking on the street.","There's a person walking on stilts on a sidewalk where several cars are parked. He is demonstrating how to walk on stilts. He is joined by two other men who also join him in the tutorial. The man on stilts shows how fast he can run while on the stilts as well as jump high up. While he's running on the stilts, his friend drives alongside him in a car. The man continues to do stunts on the stilts."],"descriptions":[["A woman is doing a tutorial on how to clean a kitchen sink with baking soda, a toothbrush and cloth rag."," She first takes some baking soda on the rag and scrubs it on the sink."," Then she takes the toothbrush and dips it in the baking soda."," she brushes the toothbrush on the sink edges to clean it."," She turns on the tap and washes the baking soda off of the sink."," Then she takes some vinegar on the wash cloth and wipes the sink down with it."],["There are two men elbow wrestling on a table."," There are several people are watching them wrestle."," In another scene, there are two more men elbow wrestling."," There are a series of elbow wrestling events shown in the video where one man is more forceful than the other and ends up winning the wrestling game."," There are some over dramatized scenes where people are elbow wrestling and over reacting to the game."," There are also some referees seen acting as moderators in the elbow wrestling match."],["There are two boys playing squash in an indoor squash court."," They are playing randomly in an unstructured game where they often miss the ball."],["There's a man sitting on a busy city street wearing a turban and smoking a cigarette."," There are several people walking past him."," He continues to smoke the cigarette as he inhales and exhales the smoke."," There is a lot of traffic on the street as well as many people walking on the street."],["There's a person walking on stilts on a sidewalk where several cars are parked."," He is demonstrating how to walk on stilts."," He is joined by two other men who also join him in the tutorial."," The man on stilts shows how fast he can run while on the stilts as well as jump high up."," While he's running on the stilts, his friend drives alongside him in a car."," The man continues to do stunts on the stilts."]],"rates":[1,1,1,1,1],"timestaken":[245.537,646.052,143.642,219.322,196.175],"pausetime":[3,4,2,2,1]}