{"names":["v_8ZyBER6U9Wc.mp4","v_9bUNAiuRXyo.mp4","v_9i7ABIB99Ow.mp4","v_9nE6C-efQdc.mp4","v_9WXl-2sINno.mp4"],"durations":[85.589,17.253,171.294,142.014,119.351],"timestamps":[[[0,14.55],[14.12,35.95],[35.95,56.92],[59.06,85.59]],[[0,2.07],[1.98,4.57],[4.49,11.3],[11.3,17.25]],[[0,37.68],[37.68,81.36],[81.36,112.2],[112.2,167.87]],[[0,15.62],[15.62,30.53],[30.53,117.87],[117.87,142.01]],[[0,13.13],[13.73,47.74],[47.74,87.72],[87.13,119.35]]],"paragraph":["Three girls that are matching clothes are jumping rope at a competition. They start to switch places between jumpers, doing tricks while jumping. They move up and down the floor while never stopping. Then they drop their rope and bow.","A boy walks up to a post on a very large indoor court. He gets himself ready, moving his arms around.He begins to spin around very quickly. Finally letting go and throwing the ball.","Step by step instructions to make creamy pasta, first putting the pasta into boiling water and stirring it. Then in another pan adding sausage and onions and stirring it all together. Adding tomatoes and heavy cream to make it pasty. Finally adding the pasta to it, along with some cheese and parsley flakes and mixing it all together.","A woman trying to instruct big bang theory's way of playing rock paper scissors lizard spock. It shows a quick clip of Sheldon from big bang theory actually doing it. Then, she tries to demonstrate it a few times for the viewers. At the end she smiles and ends it with another big bang theory picture.","A young girl giving a make up tutorial. She begins with the eye shadow. She gets a little bit distracted and starts talking to someone else in the room. She then finishes her other eye and laughs a little bit."],"descriptions":[["Three girls that are matching clothes are jumping rope at a competition."," They start to switch places between jumpers, doing tricks while jumping."," They move up and down the floor while never stopping."," Then they drop their rope and bow."],["A boy walks up to a post on a very large indoor court."," He gets himself ready, moving his arms around.","He begins to spin around very quickly."," Finally letting go and throwing the ball."],["Step by step instructions to make creamy pasta, first putting the pasta into boiling water and stirring it."," Then in another pan adding sausage and onions and stirring it all together."," Adding tomatoes and heavy cream to make it pasty."," Finally adding the pasta to it, along with some cheese and parsley flakes and mixing it all together."],["A woman trying to instruct big bang theory's way of playing rock paper scissors lizard spock."," It shows a quick clip of Sheldon from big bang theory actually doing it."," Then, she tries to demonstrate it a few times for the viewers."," At the end she smiles and ends it with another big bang theory picture."],["A young girl giving a make up tutorial."," She begins with the eye shadow."," She gets a little bit distracted and starts talking to someone else in the room."," She then finishes her other eye and laughs a little bit."]],"rates":[1,1,1,1,1],"timestaken":[211.918,169.968,454.825,284.29,207.435],"pausetime":[3,3,3,8,1]}