{"names":["v_6qynXM937V0.mp4","v_7-5sFmNf4i4.mp4","v_7AtINKDyH2Q.mp4","v_7n1L0evoi34.mp4","v_8wKBvYGGldQ.mp4"],"durations":[147.331,207.192,90.14,83.616,82.199],"timestamps":[[[33.89,140.7],[41.99,140.7],[125.23,140.7],[135.54,140.7]],[[27.97,197.87],[71.48,197.87],[118.1,197.87],[153.32,197.87],[187.51,197.87]],[[20.73,86.08],[50.48,86.08],[77.07,86.08]],[[24.67,79.85],[72.33,79.85]],[[15.21,78.5],[42.74,78.5],[72.34,78.5]]],"paragraph":["There's a man wearing a hat and a beige colored shirt standing on the banks of a river playing his harmonica. There is a still river behind him. He continues playing his harmonica to a soothing tune. After he stops playing, he puts his hands down.","There are band members talking about their concert in Canada. They are seated on a stage as they talk about their experience about surprising a fan. They surprise a fan who is the winner of a contest. The band members go bowling with the surprised fan and play at the bowling alley. After the bowling game is over, they further surprise the fan by inviting her to their concert ans sound check party.","There is a team of players playing hurling in an outdoor field. A person named Donal Cusack explains what hurling is and what is comprises of. The team players are playing a game of hurling with their bats as they try to hit the ball into the goal.","In Home Pet Groomers demonstrate how to groom a pet. The person is demonstrating how the dog's hair is trimmed with electric shears at their grooming salon.","There is a fast motion video showing a family carving four pumpkins to make jack o lanterns in their kitchen. There is a little baby sitting on the dinning table watching the others carve the pumpkins.The two other girls are helping their parents carve the pumpkins and remove the seeds and pulp out of the pumpkin."],"descriptions":[["There's a man wearing a hat and a beige colored shirt standing on the banks of a river playing his harmonica."," There is a still river behind him."," He continues playing his harmonica to a soothing tune."," After he stops playing, he puts his hands down."],["There are band members talking about their concert in Canada."," They are seated on a stage as they talk about their experience about surprising a fan."," They surprise a fan who is the winner of a contest."," The band members go bowling with the surprised fan and play at the bowling alley."," After the bowling game is over, they further surprise the fan by inviting her to their concert ans sound check party."],["There is a team of players playing hurling in an outdoor field."," A person named Donal Cusack explains what hurling is and what is comprises of."," The team players are playing a game of hurling with their bats as they try to hit the ball into the goal."],["In Home Pet Groomers demonstrate how to groom a pet."," The person is demonstrating how the dog's hair is trimmed with electric shears at their grooming salon."],["There is a fast motion video showing a family carving four pumpkins to make jack o lanterns in their kitchen."," There is a little baby sitting on the dinning table watching the others carve the pumpkins.","The two other girls are helping their parents carve the pumpkins and remove the seeds and pulp out of the pumpkin."]],"rates":[1,1,1,1,1],"timestaken":[409.239,308.768,156.447,112.57,174.378],"pausetime":[6,4,3,1,2]}