{"names":["v_2duxXAsCW0k.mp4","v_2NITA0d4vqo.mp4","v_3S7EwcX-Rd0.mp4","v_4efxBizoKyQ.mp4","v_4kriQ6h6ymI.mp4"],"durations":[36.664308,158.52263,75.116553,26.865487,157.617052],"timestamps":[[[0,17.42],[18.52,29.7]],[[0,3.96],[10.3,22.99],[19.82,35.67],[36.46,45.18],[51.52,95.11],[69.75,71.34],[73.71,114.93],[121.27,158.52]],[[0,4.88],[6.38,20.66],[17.28,61.22],[68.73,72.11]],[[0,3.76],[4.3,21.49],[22.7,26.87]],[[0,15.76],[17.34,63.05],[84.33,96.93],[100.87,135.55],[139.49,157.62]]],"paragraph":["A man with an umbrella is wiping his car during the rain. He smiles at the camera and begins to talk to the camera person.","Two men play pingpong using different tricks. A man shows off a camera box, and the ping pong player uses it. The box busts open so the player uses a camera part to play. He uses a battery to hit back, and then uses a different tool. Various strange objects are used to play the game. The man breaks an egg with the ball. More strange items including a bat, watch and candy bar are used. The man is filmed uploading the video to YouTube.","A bicycling competition is about to begin and the crowd is ready. The riders start and already many fall during the first big jump. Various highlights are shown of the riders attempting the large jumps. Three winners are crowned at the end in a ceremony.","A man is close up to the camera introducing the video. His wife is cleaning off a piece of white bedframe quickly. The man again shows his face and goes back to his wife.","A graphic shows and then photos follow of a girl growing up with horseback riding. Three years after those photos the girl moves and she is shown riding horses. The girl is shown with other girls posing with some awards for horseback riding. Another video is shown of the girl riding the horse indoors. Photos of the girl taking care of her horses close out the video."],"descriptions":[["A man with an umbrella is wiping his car during the rain."," He smiles at the camera and begins to talk to the camera person."],["Two men play pingpong using different tricks."," A man shows off a camera box, and the ping pong player uses it."," The box busts open so the player uses a camera part to play."," He uses a battery to hit back, and then uses a different tool."," Various strange objects are used to play the game."," The man breaks an egg with the ball."," More strange items including a bat, watch and candy bar are used."," The man is filmed uploading the video to YouTube."],["A bicycling competition is about to begin and the crowd is ready."," The riders start and already many fall during the first big jump."," Various highlights are shown of the riders attempting the large jumps."," Three winners are crowned at the end in a ceremony."],["A man is close up to the camera introducing the video."," His wife is cleaning off a piece of white bedframe quickly."," The man again shows his face and goes back to his wife."],["A graphic shows and then photos follow of a girl growing up with horseback riding."," Three years after those photos the girl moves and she is shown riding horses."," The girl is shown with other girls posing with some awards for horseback riding."," Another video is shown of the girl riding the horse indoors."," Photos of the girl taking care of her horses close out the video."]],"rates":[1,1,1,1,1],"timestaken":[1485622191.009,215.659,114.974,70.636,212.096],"pausetime":[1,6,6,1,5]}