{"names":["v_EMOfWVKMqDM.mp4","v_EQK_o1qHx7M.mp4","v_exPOJAoyG7Q.mp4","v_F1RpG1Vwi28.mp4","v_fgEMvRrOCRI.mp4"],"durations":[96.433,178.237,88.585,130.334,97.524],"timestamps":[[[11.09,92.09],[23.14,92.09],[33.75,92.09],[48.22,92.09],[85.34,92.09]],[[16.93,170.22],[24.06,170.22],[43.67,170.22],[62.38,170.22],[93.57,170.22],[138.13,170.22],[155.96,170.22],[161.3,170.22]],[[9.3,84.6],[25.25,84.6],[53.59,84.6],[77.95,84.6]],[[13.69,124.47],[27.37,124.47],[56.04,124.47],[74.29,124.47],[97.1,124.47],[116.65,124.47]],[[4.39,93.14],[12.19,93.14],[26.33,93.14],[42.91,93.14],[69.73,93.14],[85.33,93.14]]],"paragraph":["There's a young woman who is curling in a curling rink. There are several other players who are also curling. Various pictures of that same woman are being shown posing for some sort of photo shoot. The woman seems a bit distressed about the game. She is posing for a photo shoot with a curling rock.","There's a young boy standing in his kitchen with a jug of water, some lemons and some apples behind him on the counter. He is pointing to the lemons. His mother comes and helps him squeeze the juice out of the lemons. Both the mother and son use a lemon juicer to squeeze the juice and add it to the jug of water. The mother makes sure that all the juice is properly squeezed out of the lemons, so she uses her hands. Then she adds some food coloring to the lemonade and stirs it well. She then pours the lemonade in a glass with ice and gives it to her son. He takes a sip of the lemonade and smiles.","There's a girl talking about cheer leading, gymnastics and tumbling. She is demonstrating how to do somersaults, cartwheels, round off and back and front walkover. She also shows various other moves like aerial, tic- toc and back handspring. She continues to demonstrate several other gymnastic moves by swiftly moving her body through front flips.","There's a bald man with a goatee beard standing in his bathroom in front of a large mirror with an electric shaver in his hand. He is demonstrating how to shave off his beard and maintain it. Then he begins showing how to use the trimmer for his beard by adjusting the clipper size. He completely shaves his beard off. He then touches his skin to see how clean the shave is. He removes the hair off of the shaver and cleans it.","There are players, one in yellow and the other in red hurling in an open air stadium. They are part of a team that is playing in the large stadium with several spectators. The video is demonstrating how to catch the ball and scoop it up with the stick. It also demonstrates how to balance the ball on the stick as the player runs. The players are showing all the steps in the tutorial where the one of the player shoots the ball bravely for a point. There's a player in a blue and white uniform shooting the ball for a point and scoring a goal."],"descriptions":[["There's a young woman who is curling in a curling rink."," There are several other players who are also curling."," Various pictures of that same woman are being shown posing for some sort of photo shoot."," The woman seems a bit distressed about the game."," She is posing for a photo shoot with a curling rock."],["There's a young boy standing in his kitchen with a jug of water, some lemons and some apples behind him on the counter."," He is pointing to the lemons."," His mother comes and helps him squeeze the juice out of the lemons."," Both the mother and son use a lemon juicer to squeeze the juice and add it to the jug of water."," The mother makes sure that all the juice is properly squeezed out of the lemons, so she uses her hands."," Then she adds some food coloring to the lemonade and stirs it well."," She then pours the lemonade in a glass with ice and gives it to her son."," He takes a sip of the lemonade and smiles."],["There's a girl talking about cheer leading, gymnastics and tumbling."," She is demonstrating how to do somersaults, cartwheels, round off and back and front walkover."," She also shows various other moves like aerial, tic- toc and back handspring."," She continues to demonstrate several other gymnastic moves by swiftly moving her body through front flips."],["There's a bald man with a goatee beard standing in his bathroom in front of a large mirror with an electric shaver in his hand."," He is demonstrating how to shave off his beard and maintain it."," Then he begins showing how to use the trimmer for his beard by adjusting the clipper size."," He completely shaves his beard off."," He then touches his skin to see how clean the shave is."," He removes the hair off of the shaver and cleans it."],["There are players, one in yellow and the other in red hurling in an open air stadium."," They are part of a team that is playing in the large stadium with several spectators."," The video is demonstrating how to catch the ball and scoop it up with the stick."," It also demonstrates how to balance the ball on the stick as the player runs."," The players are showing all the steps in the tutorial where the one of the player shoots the ball bravely for a point."," There's a player in a blue and white uniform shooting the ball for a point and scoring a goal."]],"rates":[1,1,1,1,1],"timestaken":[246.705,354.352,359.792,314.136,480.753],"pausetime":[1,3,11,6,11]}