{"names":["v_e-Z9xiEQqPQ.mp4","v_e9p0xmsU3h0.mp4","v_ehO8oXanK1Y.mp4","v_ElXkXNbsZac.mp4","v_eMkBTRYwBAU.mp4"],"durations":[153.345,228.508,54.057,192.169,195.93],"timestamps":[[[4.6,12.27],[13.03,20.7],[22.24,34.5],[34.5,38.34],[43.7,93.54],[95.07,132.64],[133.41,137.24],[138.78,153.35]],[[0,43.42],[45.7,59.41],[60.55,82.26],[83.41,94.83],[97.12,111.97],[114.25,118.82],[118.82,134.82],[135.96,155.39],[157.67,178.24],[179.38,185.09],[191.95,194.23],[197.66,214.8]],[[0,18.11],[19.46,31.35],[34.87,54.06]],[[0,25.94],[27.86,48.04],[49,80.71],[81.67,102.81],[103.77,120.11],[120.11,147.97],[147.97,162.38],[169.11,192.17]],[[0,19.59],[20.57,35.27],[35.27,160.66],[161.64,195.93]]],"paragraph":["A military procession carries a coffin and goes through a funeral ceremony. A news anchor talks in a newsroom. A coffin and is carried by a wagon along with military personell. A military man presents a flag to a guest. A man with a prosthetic leg and a woman ride horses with trainers with a trainer alongside. A journalist rides with a man in football jersey along a sidewalk. A horse trainer talks near a forested area. The man in a jersey stops on the horse as he approaches the funeral procession.","A girl plays in a indoor plastic ball pool with a slide. The girl climbs up the stair case then slides down the slide. The girl climbs up a staircase then crawls through a tunnel. The girl slides down into a ball pool then climbs back up the slide. The girl plays with the tick-tack-toe board before sliding back down. The child swings on a swing set. The child walks into a trampoline room then jumps up and down. The child walks over a suspension bridge then then over a bridge with nets. The girl slides into the ball pool then climbs up onto the wall and jumps back in. the girl climbs up the slide railing. The girl slides down a steep orange slide. Balls are thrown at the girl and she throws them back laughing.","A woman does a karate routine with a partner and throws a bunch which is blocked twice. The woman practices a karate chops to her partner who watches and lifts hands. The woman throws a blow to her partner who catches it and throws her to the ground.","A man in white apron and pants stands on a ladder holding a pencil and wallpaper. The man applies a strip of wallpaper to a wall and smooths with his hand. The man uses a rag and then a brush to smooth out thee wall paper to the wall surface. The painter uses a spatula and blade to trim a straight line on the wallpapers edge along the ceiling. The man gets down from the ladder and unrolls the wallpaper to the floor. The man continues to smooth out the lower section of the wallpaper with a brush down to the floorboard. The man trims the lower edge of the wall paper with a blade against the floor board. The man trims the corner of the wall paper from the ceiling down the the floor.","A man in ski jacket on a snowboard holds onto a rope attached to a truck. The truck starts driving and the man is pulled behind on the tow rope. The man maneuvers to pull up parallel with the truck and alternates going back and forth behind the truck. The man slows down before he lets go of the tow rope and comes to a stop."],"descriptions":[["A military procession carries a coffin and goes through a funeral ceremony."," A news anchor talks in a newsroom."," A coffin and is carried by a wagon along with military personell."," A military man presents a flag to a guest."," A man with a prosthetic leg and a woman ride horses with trainers with a trainer alongside."," A journalist rides with a man in football jersey along a sidewalk."," A horse trainer talks near a forested area."," The man in a jersey stops on the horse as he approaches the funeral procession."],["A girl plays in a indoor plastic ball pool with a slide."," The girl climbs up the stair case then slides down the slide."," The girl climbs up a staircase then crawls through a tunnel."," The girl slides down into a ball pool then climbs back up the slide."," The girl plays with the tick-tack-toe board before sliding back down."," The child swings on a swing set."," The child walks into a trampoline room then jumps up and down."," The child walks over a suspension bridge then then over a bridge with nets."," The girl slides into the ball pool then climbs up onto the wall and jumps back in."," the girl climbs up the slide railing."," The girl slides down a steep orange slide."," Balls are thrown at the girl and she throws them back laughing."],["A woman does a karate routine with a partner and throws a bunch which is blocked twice."," The woman practices a karate chops to her partner who watches and lifts hands."," The woman throws a blow to her partner who catches it and throws her to the ground."],["A man in white apron and pants stands on a ladder holding a pencil and wallpaper."," The man applies a strip of wallpaper to a wall and smooths with his hand."," The man uses a rag and then a brush to smooth out thee wall paper to the wall surface."," The painter uses a spatula and blade to trim a straight line on the wallpapers edge along the ceiling."," The man gets down from the ladder and unrolls the wallpaper to the floor."," The man continues to smooth out the lower section of the wallpaper with a brush down to the floorboard."," The man trims the lower edge of the wall paper with a blade against the floor board."," The man trims the corner of the wall paper from the ceiling down the the floor."],["A man in ski jacket on a snowboard holds onto a rope attached to a truck."," The truck starts driving and the man is pulled behind on the tow rope."," The man maneuvers to pull up parallel with the truck and alternates going back and forth behind the truck."," The man slows down before he lets go of the tow rope and comes to a stop."]],"rates":[1,2,1,1,1],"timestaken":[613.752,676.311,220.583,439.155,768.74],"pausetime":[6,8,7,1,4]}