{"names":["v_GCtrfXIBbwA.mp4","v_gKkk82LG8H0.mp4","v_GTxmHim5JnY.mp4","v_GWRqx0obKzA.mp4","v_gY5akj1YcMk.mp4"],"durations":[108.043,121.534,15.14,64.738,33.46],"timestamps":[[[0,29.17],[29.17,58.34],[58.88,108.04]],[[0,121.53],[26.13,32.21],[36.46,40.71],[53.47,68.06],[81.43,111.2],[111.2,121.53]],[[0,15.14],[2.12,5],[8.71,12.19]],[[5.18,5.83],[5.83,9.06],[13.27,17.16],[14.89,15.54],[21.04,36.9],[38.2,41.76],[44.67,51.14],[52.11,55.03]],[[6.69,27.44],[10.54,15.06],[17.9,26.6]]],"paragraph":["young man is playing the harmonica. young man introduces his video lesson and lays out the lesson plan. Musical notes are displayed onscreen while harmonica plays.","Group play the bongos while a young woman dances. A couple walks past the group. The drummer gives the camera a thumbs up gesture. Lots of people pass in the background. A small group are looking on at the musicians. The dancer poses with 2 other women.","Two children twirl on a tire swing. Another child is swinging in another swing set. A very small child runs through the play area.","A group pose smiling for the camera. A group wave to the camera while more people in the background walk through the water. The group go rafting on the water. They wave again to the camera. The group are shown in their raft as they sail along the river. They are shown taking a break in the river. POV footage from one of the rafters. The group is out of the river and hiking.","A man does wave wheels in a canoe. He is shown doing downstream momentum, rolling over in his canoe. Now we see set edge and plant blade as he moves upstream."],"descriptions":[["young man is playing the harmonica."," young man introduces his video lesson and lays out the lesson plan."," Musical notes are displayed onscreen while harmonica plays."],["Group play the bongos while a young woman dances."," A couple walks past the group."," The drummer gives the camera a thumbs up gesture."," Lots of people pass in the background."," A small group are looking on at the musicians."," The dancer poses with 2 other women."],["Two children twirl on a tire swing."," Another child is swinging in another swing set."," A very small child runs through the play area."],["A group pose smiling for the camera."," A group wave to the camera while more people in the background walk through the water."," The group go rafting on the water."," They wave again to the camera."," The group are shown in their raft as they sail along the river."," They are shown taking a break in the river."," POV footage from one of the rafters."," The group is out of the river and hiking."],["A man does wave wheels in a canoe."," He is shown doing downstream momentum, rolling over in his canoe."," Now we see set edge and plant blade as he moves upstream."]],"rates":[1,1,1,1,1],"timestaken":[261.616,449.901,147.553,605.067,276.172],"pausetime":[9,11,6,23,8]}