{"names":["v_dDYQNtOtb-Q.mp4","v_dL9mlqbG5CU.mp4","v_DLJqhYP-C0k.mp4","v_DLlooZTLPdI.mp4","v_dm5WXFiQZUQ.mp4"],"durations":[33.484,219.127,186.968,173.105,159.893],"timestamps":[[[0,9.88],[9.88,33.48]],[[0,10.96],[10.96,32.87],[32.87,165.44],[113.95,209.27],[164.35,186.26],[210.36,219.13]],[[0,10.28],[10.28,154.25],[156.12,163.6],[164.53,182.29],[182.29,186.97]],[[0,3.46],[3.46,12.12],[12.12,160.99],[42.41,155.79],[160.99,162.72],[162.72,173.11]],[[0,6.4],[6.4,16.79],[16.79,53.56],[53.56,151.1],[151.1,159.89]]],"paragraph":["A little boy is riding in a car drinking a drink and playing with his phone. He begins to have a conversation with an older man who is recording him in the car.","A rock band is playing a rock song in a black an white environment. Several curlers are preparing for a curling match while the band plays. the band and the curlers are both on the ice interacting with one another. The video returns to the black and white environment where the curler and the band members are both singing. The video focuses on a woman getting ready to curl while the others watch. The video ends with the closing credits shown on the screen.","The opening credits are shown for a video about bowling. The video then shows several bowlers doing bowling tricks at a bowling alley. A credit comes onto the screen introducing the grad finale trick. A man throws the ball and simultaneously throws himself down the alley as well. The closing credits then com onto the screen to end the video.","Several bikers are riding back and for the at a festival in the dessert. A man dressed in women's clothing comes onto the screen and begins to hula hoop while a camera is attached to the hula hoop. Several other people perform inside the hula hoop camera while the music plays. Then several people are shown waling up to the hula hoop camera getting ready to hula hoop. The man that is dressed as a woman gives some one a hug. The video ends with people riding on a bicycle while the camera is attached to the bike.","A motorcyclist is in the bed and is woken up by an alarm clock. The motorcyclist gets out of bed and prepares to leave by bathing using the bathroom and reading the newspaper. He rides the motorcycle down the hall and into the elevator.He exits the building and rides the motorcycle into a casino where he performs several tricks as people watch. He exits the casino and the closing credits show up on the screen."],"descriptions":[["A little boy is riding in a car drinking a drink and playing with his phone."," He begins to have a conversation with an older man who is recording him in the car."],["A rock band is playing a rock song in a black an white environment."," Several curlers are preparing for a curling match while the band plays."," the band and the curlers are both on the ice interacting with one another."," The video returns to the black and white environment where the curler and the band members are both singing."," The video focuses on a woman getting ready to curl while the others watch."," The video ends with the closing credits shown on the screen."],["The opening credits are shown for a video about bowling."," The video then shows several bowlers doing bowling tricks at a bowling alley."," A credit comes onto the screen introducing the grad finale trick."," A man throws the ball and simultaneously throws himself down the alley as well."," The closing credits then com onto the screen to end the video."],["Several bikers are riding back and for the at a festival in the dessert."," A man dressed in women's clothing comes onto the screen and begins to hula hoop while a camera is attached to the hula hoop."," Several other people perform inside the hula hoop camera while the music plays."," Then several people are shown waling up to the hula hoop camera getting ready to hula hoop."," The man that is dressed as a woman gives some one a hug."," The video ends with people riding on a bicycle while the camera is attached to the bike."],["A motorcyclist is in the bed and is woken up by an alarm clock."," The motorcyclist gets out of bed and prepares to leave by bathing using the bathroom and reading the newspaper."," He rides the motorcycle down the hall and into the elevator.","He exits the building and rides the motorcycle into a casino where he performs several tricks as people watch."," He exits the casino and the closing credits show up on the screen."]],"rates":[2,2,4,4,2],"timestaken":[189.639,471.999,396.583,627.734,323.811],"pausetime":[3,7,6,6,7]}