{"names":["v_bHxWHW2PGy4.mp4","v_bJ1vEQKX-hE.mp4","v_bqv3vCT0T5s.mp4","v_c0Cn3HFXpLs.mp4","v_CCL8kqQMCRw.mp4"],"durations":[185.063038,215.318639,132.307301,139.575147,37.059047],"timestamps":[[[0,10.18],[15.73,31.46],[33.31,38.86],[50.89,59.22],[62.92,100.86],[89.76,108.26],[116.59,136.02],[141.57,166.56],[170.26,185.06]],[[0,17.23],[22.61,29.07],[30.14,47.37],[87.2,123.81],[161.49,174.41],[177.64,207.78]],[[0,26.46],[41.68,54.91],[123.05,132.31]],[[0,25.82],[38.38,69.79],[72.58,139.58]],[[0,12.04],[12.97,16.31],[18.71,37.06]]],"paragraph":["The white water polo team huddles together. The game begins and blue scores while deep in the white defense to tie the game. White answers with a powerful goal to grab the lead back. Blue moves in and after a couple of passes ties the game back up. White scores to take the lead, and blue comes right back to tie once again. A scramble for the ball results in white gaining a 2-on-1 advantage and a goal. They push their lead further late and put the game out of reach, winning 14-10. The team celebrates together in the water. The team celebrates their gold metal at the podium.","A man completes a large set of push-ups and then introduces the concepts of dodgeball. A graphic is shown of the court. The two teams line up to play against one another. The concepts of ruling people out and blocking the ball are introduced. The teams congratulate each other, showing sportsmanship. More rules are shown on the screen, highlighting player safety.","A 2011 dance competition in Israel is shown with a woman in gold belly dancing solo with neon lights behind her. She turns her back to the audience to show different angles of her moves. Finally, she artfully collapses on the floor as the song ends.","Three men playing a game of racquetball are in a court surrounded by white walls. The man in white serves, followed by the man in the hat scoring on his serve. The man in the yellow shorts is next and manages to take the game over, serving several times to close the video.","A young boy attempts to break open a pinata at his birthday party inside a garage. Another boy nearly walks into the range of the boy's stick but is saved by an adult. The boy continues bashing the pinata before taking a break and handing the stick to another boy."],"descriptions":[["The white water polo team huddles together."," The game begins and blue scores while deep in the white defense to tie the game."," White answers with a powerful goal to grab the lead back."," Blue moves in and after a couple of passes ties the game back up."," White scores to take the lead, and blue comes right back to tie once again."," A scramble for the ball results in white gaining a 2-on-1 advantage and a goal."," They push their lead further late and put the game out of reach, winning 14-10."," The team celebrates together in the water."," The team celebrates their gold metal at the podium."],["A man completes a large set of push-ups and then introduces the concepts of dodgeball."," A graphic is shown of the court."," The two teams line up to play against one another."," The concepts of ruling people out and blocking the ball are introduced."," The teams congratulate each other, showing sportsmanship."," More rules are shown on the screen, highlighting player safety."],["A 2011 dance competition in Israel is shown with a woman in gold belly dancing solo with neon lights behind her."," She turns her back to the audience to show different angles of her moves."," Finally, she artfully collapses on the floor as the song ends."],["Three men playing a game of racquetball are in a court surrounded by white walls."," The man in white serves, followed by the man in the hat scoring on his serve."," The man in the yellow shorts is next and manages to take the game over, serving several times to close the video."],["A young boy attempts to break open a pinata at his birthday party inside a garage."," Another boy nearly walks into the range of the boy's stick but is saved by an adult."," The boy continues bashing the pinata before taking a break and handing the stick to another boy."]],"rates":[1,1,1,1,1],"timestaken":[315.93,237.338,126.37,128.792,94.683],"pausetime":[2,11,6,8,2]}