{"names":["v_aVDyPmUgHU0.mp4","v_Ax8GCogz6Yg.mp4","v_BaJwohtZMtA.mp4","v_Bbb8CybvMlk.mp4","v_bGql7ldp84A.mp4"],"durations":[76.092,196.929,197.161,213.09,189.661],"timestamps":[[[0,11.41],[11.41,23.59],[23.59,65.44],[65.44,76.09]],[[0,10.83],[10.83,17.72],[17.72,35.45],[35.45,44.31],[44.31,188.07],[188.07,196.93]],[[0,18.73],[18.73,160.69],[160.69,197.16]],[[0,4.26],[4.26,43.68],[43.68,75.65],[75.65,117.2],[117.2,206.7],[206.7,213.09]],[[0,24.66],[24.66,42.67],[42.67,81.55],[81.55,128.02],[128.02,184.92],[184.92,189.66]]],"paragraph":["A man comes onto the screen to introduce a video about him trimming trees. He picks up a trimming saw and starts the engine. He climbs the ladder and begins trimming the tree. He looks back to the camera and smiles.","An introduction comes onto the screen for a video about a jump rope competition. One person is shown doing a set of jump rope tricks. Two people are then shown doing more jump rope tricks. Next, four people are shown doing jump rope tricks in the gymnasium. Next a variety of tricks are being shown done by several different people on the floor in the gymnasium. The video then ends with the closing credits.","A person shows up on a stage dancing in the dark with an LED hula hoop. As the person dances the LED lights on the hula hoop begin to change colors. The closing credits show up on the screen as the video ends.","An introduction comes onto the screen for a video about wrapping gifts. Several different close up shots are shows of wrapped gifts and gift wrapping supplies. A person comes onto the screen and begins to wrap a gift. She decorates the gift with ribbons and attachments to embellish it. Several other gift wrapping ideas are then shown on the one after the other. The video ends with the closing credits shown on the screen.","A woman comes onto the screen announcing that she will do a video on how to make a cookie dessert. She begins with all the ingredients she will need for the cookies and begins to combine the dry ingredients. She then proceeds to mix the wet ingredients in a glass bowl. After she mixes all the ingredients together she begins to roll the dough into balls and place them onto a cookie sheet, and puts them into the oven. She takes them out of the oven and begins to wrap them into individual sets. The video ends with the closing credits."],"descriptions":[["A man comes onto the screen to introduce a video about him trimming trees."," He picks up a trimming saw and starts the engine."," He climbs the ladder and begins trimming the tree."," He looks back to the camera and smiles."],["An introduction comes onto the screen for a video about a jump rope competition."," One person is shown doing a set of jump rope tricks."," Two people are then shown doing more jump rope tricks."," Next, four people are shown doing jump rope tricks in the gymnasium."," Next a variety of tricks are being shown done by several different people on the floor in the gymnasium."," The video then ends with the closing credits."],["A person shows up on a stage dancing in the dark with an LED hula hoop."," As the person dances the LED lights on the hula hoop begin to change colors."," The closing credits show up on the screen as the video ends."],["An introduction comes onto the screen for a video about wrapping gifts."," Several different close up shots are shows of wrapped gifts and gift wrapping supplies."," A person comes onto the screen and begins to wrap a gift."," She decorates the gift with ribbons and attachments to embellish it."," Several other gift wrapping ideas are then shown on the one after the other."," The video ends with the closing credits shown on the screen."],["A woman comes onto the screen announcing that she will do a video on how to make a cookie dessert."," She begins with all the ingredients she will need for the cookies and begins to combine the dry ingredients."," She then proceeds to mix the wet ingredients in a glass bowl."," After she mixes all the ingredients together she begins to roll the dough into balls and place them onto a cookie sheet, and puts them into the oven."," She takes them out of the oven and begins to wrap them into individual sets."," The video ends with the closing credits."]],"rates":[4,4,4,4,4],"timestaken":[222.073,396.88,207.244,370.171,417.468],"pausetime":[4,5,4,7,8]}