{"names":["v_aMQVH3dF0QM.mp4","v_ArT40PO05h8.mp4","v_arTumJHoLB0.mp4","v_AU3_oU1_rfA.mp4","v_avBlEff5U5U.mp4"],"durations":[147.169,152.44,12.214,103.585,58.608],"timestamps":[[[0,14.72],[14.72,36.06],[36.79,55.19],[55.19,122.89],[122.89,147.17]],[[0,16.01],[16.01,136.43],[136.43,152.44]],[[0,12.21]],[[0,5.18],[5.18,93.23],[17.09,81.31],[93.23,103.59]],[[0,27.84],[27.84,58.61]]],"paragraph":["An introduction appears on the screen for a video about galloping along the beach. Several images are shown of people riding on horseback along the beach. The images turn into a video of several people going along the sand dunes. The video then alternates between images and video of people enjoying the beach ride. The video ends with text displayed showing more information about the trip.","A man is playing a ukulele for a woman while a man watches from behind a curtain. Suddenly, the video cuts to several different people doing window washing tricks. The video ends with a man on the phone doing a comedy skit about windows.","A man is putting sun screen on his face while a woman records him on a camera.","An eHow intro comes onto the screen with music in the background. I man appears on the screen narrating the video about how to shave. A man is shown getting his skin moisturized and having shaving cream buffed onto his face. The video ends with the eHow closing credits.","A man is in his front yard going back and forth mowing his lawn. The video then shows him mowing the lawn in a different location than the first location."],"descriptions":[["An introduction appears on the screen for a video about galloping along the beach."," Several images are shown of people riding on horseback along the beach."," The images turn into a video of several people going along the sand dunes."," The video then alternates between images and video of people enjoying the beach ride."," The video ends with text displayed showing more information about the trip."],["A man is playing a ukulele for a woman while a man watches from behind a curtain."," Suddenly, the video cuts to several different people doing window washing tricks."," The video ends with a man on the phone doing a comedy skit about windows."],["A man is putting sun screen on his face while a woman records him on a camera."],["An eHow intro comes onto the screen with music in the background."," I man appears on the screen narrating the video about how to shave."," A man is shown getting his skin moisturized and having shaving cream buffed onto his face."," The video ends with the eHow closing credits."],["A man is in his front yard going back and forth mowing his lawn."," The video then shows him mowing the lawn in a different location than the first location."]],"rates":[4,1,2,2,2],"timestaken":[398.073,275.461,51.781,398.185,108.641],"pausetime":[7,3,1,8,3]}