{"names":["v_HYYQ56oZSDM.mp4","v_I7Sole68Gag.mp4","v_iBpyYbLv1WU.mp4","v_insSTTMSC38.mp4","v_jaaWdcA_COY.mp4"],"durations":[214.251,96.433,95.086,177.587,169.019],"timestamps":[[[0,39.64],[39.64,71.77],[71.77,112.48],[112.48,214.25]],[[0,7.71],[7.71,39.54],[39.06,69.43],[69.91,96.43]],[[0,18.07],[18.54,48.97],[49.44,78.45],[78.45,95.09]],[[0,35.52],[35.52,92.35],[93.23,133.19],[133.19,177.59]],[[0,12.68],[12.68,49.86],[49.02,115.78],[115.78,169.02]]],"paragraph":["A woman and man dancing provocatively outside of a restaurant. She is wearing a very sexy short dress and kicking her legs up and down in heels. People are walking out od the restaurant. One of the workers is sitting on a stool smoking until they end their dance on the ground.","Swimmers are swimming to one side of the pool and then they stop briefly. Some swimmers on the side lines are watching them. They start throwing a ball back and forth around. A man in the corner of the pool tries to catch the ball and misses it.","A man is strumming away on his guitar aggressively. Another man with a blue guitar is playing and knocking around all over his guitar. A man in a red shirt who has an electric guitar is tapping his foot keeping tempo and playing a tune. He plays up and down a scale or tune.","A woman is doing some exercise on a machine. She is going at a pretty fast speed, you can see her get off and then get back on again. She places her hands around a piece and it allows her to she her stride and speed as well as her heartbeat and stuff. She changes the her speed and drink some water and keeps on going.","There is a woman in a bikini walking past people with hula hoops. She goes to the grass and she begins hooping in circles, she is having a really good time dancing and hooping. Then, other people are dancing around and hooping also, doing tricks and just enjoying the day. Everyone is watching as the two girls hoop around outside of the store."],"descriptions":[["A woman and man dancing provocatively outside of a restaurant."," She is wearing a very sexy short dress and kicking her legs up and down in heels."," People are walking out od the restaurant."," One of the workers is sitting on a stool smoking until they end their dance on the ground."],["Swimmers are swimming to one side of the pool and then they stop briefly."," Some swimmers on the side lines are watching them."," They start throwing a ball back and forth around."," A man in the corner of the pool tries to catch the ball and misses it."],["A man is strumming away on his guitar aggressively."," Another man with a blue guitar is playing and knocking around all over his guitar."," A man in a red shirt who has an electric guitar is tapping his foot keeping tempo and playing a tune."," He plays up and down a scale or tune."],["A woman is doing some exercise on a machine."," She is going at a pretty fast speed, you can see her get off and then get back on again."," She places her hands around a piece and it allows her to she her stride and speed as well as her heartbeat and stuff."," She changes the her speed and drink some water and keeps on going."],["There is a woman in a bikini walking past people with hula hoops."," She goes to the grass and she begins hooping in circles, she is having a really good time dancing and hooping."," Then, other people are dancing around and hooping also, doing tricks and just enjoying the day."," Everyone is watching as the two girls hoop around outside of the store."]],"rates":[1,1,1,1,1],"timestaken":[324.465,208.92,222.531,520.241,253.167],"pausetime":[14,1,1,4,2]}