{"names":["v_SIX51vtOOek.mp4","v_SXRSA62VbZg.mp4","v_t8_XO-nWaYg.mp4","v_TdZOfBHjU5g.mp4","v_TiiSh9R89vM.mp4"],"durations":[91.092,197.695,74.931,232.084,209.793],"timestamps":[[[8.65,87.45],[17.31,87.45],[50.56,87.45],[76.97,87.45]],[[25.7,189.79],[42.5,189.79],[69.19,189.79],[82.04,189.79],[87.97,189.79],[104.78,189.79],[162.11,189.79],[183.86,189.79]],[[7.12,71.93],[16.86,71.93],[30.35,71.93],[57.32,71.93],[67.44,71.93]],[[24.37,222.8],[67.3,222.8],[113.72,222.8],[155.5,222.8],[183.35,222.8],[212.36,222.8]],[[36.71,201.4],[79.72,201.4],[117.48,201.4],[158.39,201.4],[190.91,201.4]]],"paragraph":["There's an open land area with greenery around and grassy surface area. There's a lawn trimmer lying on the ground near some over grown patches of grass. A person wearing gray pants and gloves using a lawn trimmer to trim the patches of grass. He is trimming the lawn in a back and forth motion, moving the trimmer horizontally across the grass.","A tattoo salon has displayed a metallic blue motor cycle. there's a person sitting on the counter of the salon. A customer walks in and gives a child's picture to the tattoo artist. The tattoo artist traces the child's picture on a paper. Then he cleans the client's arms with alcohol. The artist wears a pair of latex gloves and begins tattooing the client's arm. He replicates the image traced from the picture on the client's arm along with some additional designs. He then takes a picture of the client's tattooed arm on a cellphone.","There are two teenage boys playing and solving the Rubic's cube. Another small boy comes in there and takes a look at the camera. The teenagers are competing against each other to solve the cube. They both finish almost at the same time and solve the Rubic's cube. They proudly show off their skills in the camera.","There's a person wearing blue latex gloves polishing a hexagonal wooden table to demonstrate French polishing technique. He is using a polishing sponge to polish the table top surface in circular motion. He then goes in up and down motion over the table surface to make it shiny. He meticulously goes over the entire surface making sure no part of the table is left untouched. He then starts polishing the surface of a dinning room buffet that has bamboo finish doors. He again polishes in circular motions on the top surface.","There are two people out on a snow tubing slope where one of them is video taping his experience of snow tubing with his friend. There's a woman who picks up some ice that's fallen o the ground. There are several people waiting in line to go snow tubing. After they reach the top of the slope, they get into their tubes and begin sliding downhill. They go down the snow covered slopes till they reach the bottom."],"descriptions":[["There's an open land area with greenery around and grassy surface area."," There's a lawn trimmer lying on the ground near some over grown patches of grass."," A person wearing gray pants and gloves using a lawn trimmer to trim the patches of grass."," He is trimming the lawn in a back and forth motion, moving the trimmer horizontally across the grass."],["A tattoo salon has displayed a metallic blue motor cycle."," there's a person sitting on the counter of the salon."," A customer walks in and gives a child's picture to the tattoo artist."," The tattoo artist traces the child's picture on a paper."," Then he cleans the client's arms with alcohol."," The artist wears a pair of latex gloves and begins tattooing the client's arm."," He replicates the image traced from the picture on the client's arm along with some additional designs."," He then takes a picture of the client's tattooed arm on a cellphone."],["There are two teenage boys playing and solving the Rubic's cube."," Another small boy comes in there and takes a look at the camera."," The teenagers are competing against each other to solve the cube."," They both finish almost at the same time and solve the Rubic's cube."," They proudly show off their skills in the camera."],["There's a person wearing blue latex gloves polishing a hexagonal wooden table to demonstrate French polishing technique."," He is using a polishing sponge to polish the table top surface in circular motion."," He then goes in up and down motion over the table surface to make it shiny."," He meticulously goes over the entire surface making sure no part of the table is left untouched."," He then starts polishing the surface of a dinning room buffet that has bamboo finish doors."," He again polishes in circular motions on the top surface."],["There are two people out on a snow tubing slope where one of them is video taping his experience of snow tubing with his friend."," There's a woman who picks up some ice that's fallen o the ground."," There are several people waiting in line to go snow tubing."," After they reach the top of the slope, they get into their tubes and begin sliding downhill."," They go down the snow covered slopes till they reach the bottom."]],"rates":[1,1,1,1,1],"timestaken":[280.972,430.453,148.37,652.299,256.385],"pausetime":[4,3,1,3,1]}