{"names":["v_9XyrLUWZl40.mp4","v__CYdiU1sMwc.mp4","v__mupI51ie9A.mp4","v_A5JcwIaP30Y.mp4","v_a_sm5Hv7HNw.mp4"],"durations":[20.132,24.056,69.15,125.11,149.119],"timestamps":[[[0,1.91],[1.21,4.83],[4.93,11.07],[11.78,20.13]],[[0,6.98],[6.98,14.55],[14.43,19.24],[19.24,24.06]],[[0,11.06],[11.06,28.01],[28.35,44.26],[44.26,69.15]],[[0,25.02],[25.02,57.55],[57.55,90.08],[90.08,125.11]],[[0,24.6],[24.6,46.23],[46.23,96.18],[96.93,149.12]]],"paragraph":["A boy puts together a rubix cube and excitedly drops it. He jumps up and claps his hands together so happy about it. Another boy is doing it with only his feet. It's a competition, the audience is watching as the people competing are being timed.","A man is using a leaf blower to blow the leaves off the grass. A car drives by on the road at a decent speed. He continues to blow the leaves mindlessly. The leaves are all falling on the road making the grass look so much better.","three kids are hitting a ball with a racket. They are ducking so it doesn't hit them in their heads. They are each taking turns hitting the ball. Moving around all over the court trying to catch it.","A man is trying to balance himself on a rope, he walks on it and does a flip off. He gets back on the rope and does another back flip off. He grips the the rope super tight with his feet while he walks across. He has trouble balancing on it, starts going backwards.","Three kids are climbing up a mountain with out any rope. Then, they are hanging out in their room laughing and having fun. They're just three best friend doing everything together, walking, shopping, relaxing and climbing mountains. When they get to the top of the mountain they hug each other."],"descriptions":[["A boy puts together a rubix cube and excitedly drops it."," He jumps up and claps his hands together so happy about it."," Another boy is doing it with only his feet."," It's a competition, the audience is watching as the people competing are being timed."],["A man is using a leaf blower to blow the leaves off the grass."," A car drives by on the road at a decent speed."," He continues to blow the leaves mindlessly."," The leaves are all falling on the road making the grass look so much better."],["three kids are hitting a ball with a racket."," They are ducking so it doesn't hit them in their heads."," They are each taking turns hitting the ball."," Moving around all over the court trying to catch it."],["A man is trying to balance himself on a rope, he walks on it and does a flip off."," He gets back on the rope and does another back flip off."," He grips the the rope super tight with his feet while he walks across."," He has trouble balancing on it, starts going backwards."],["Three kids are climbing up a mountain with out any rope."," Then, they are hanging out in their room laughing and having fun."," They're just three best friend doing everything together, walking, shopping, relaxing and climbing mountains."," When they get to the top of the mountain they hug each other."]],"rates":[1,1,1,1,1],"timestaken":[193.466,812.239,203.268,207.189,271.686],"pausetime":[3,1,1,1,6]}