{"names":["v_7VbXyfF3kEw.mp4","v_8dhDEj0Dd5s.mp4","v_8fLHaW3YvJY.mp4","v_8nj8tlvLyUo.mp4","v_8YTuNZ-mIaY.mp4"],"durations":[137.648,157.339,213.81,190.799,225.35],"timestamps":[[[0,20.65],[19.96,50.93],[50.24,89.47],[89.47,137.65]],[[0,30.68],[30.68,72.38],[72.38,112.5],[112.5,157.34]],[[0,19.24],[19.24,47.04],[47.04,116.53],[116.53,153.94],[153.94,213.81]],[[0.95,36.25],[36.25,62.01],[62.01,124.02],[124.02,190.8]],[[0,31.55],[32.68,103.66],[103.66,191.55],[191.55,225.35]]],"paragraph":["Two women wearing matching outfits are on their microphones and kind of half watching a boy play with a rubix cube. The boy is solving the cube pretty quickly the girl seems pretty shocked. Then a group of people start trying to a puzzle to see who is the fastest. Another boy in a blue shirt come up and starts to solve it and when he does the girls give hime a prize.","A gymnast is standing at a pose waiting to begin her performance. She starts to twirl her baton and move her body a long with it doing flips and everything. She begins to do one handed cartwheels and swinging the baton around her neck. She does a stunning performance and once it is over she freezes in place.","A man wearing glasses is standing outside in the snow with some gadgets talking. He brings forward the blue large shovel looking gadget, still talking and then grabs another shovel. He throws the shovel and then walks to demonstrate how to shovel up the snow. He continues to talk and then starts using the shovel gadget again. He shovels piles out some piles of snow.","Someone is running on the beach towards so sand castle competitions. A dog jumps in some sand dirt and is so happy about it. There are so many awesome and different things being made out of sand, it looks like it takes a lot of time and energy. There are people walking around and looking at all of them.","A large group of men in uniform are gathered around to play some paintball. They start to run off and everyone is sneaking around trying to catch and shoot other people without getting caught. The field they are playing on is pretty cool, it has a lot of different hiding places. in the end they all take of most of their head gear and start walking back together."],"descriptions":[["Two women wearing matching outfits are on their microphones and kind of half watching a boy play with a rubix cube."," The boy is solving the cube pretty quickly the girl seems pretty shocked."," Then a group of people start trying to a puzzle to see who is the fastest."," Another boy in a blue shirt come up and starts to solve it and when he does the girls give hime a prize."],["A gymnast is standing at a pose waiting to begin her performance."," She starts to twirl her baton and move her body a long with it doing flips and everything."," She begins to do one handed cartwheels and swinging the baton around her neck."," She does a stunning performance and once it is over she freezes in place."],["A man wearing glasses is standing outside in the snow with some gadgets talking."," He brings forward the blue large shovel looking gadget, still talking and then grabs another shovel."," He throws the shovel and then walks to demonstrate how to shovel up the snow."," He continues to talk and then starts using the shovel gadget again."," He shovels piles out some piles of snow."],["Someone is running on the beach towards so sand castle competitions."," A dog jumps in some sand dirt and is so happy about it."," There are so many awesome and different things being made out of sand, it looks like it takes a lot of time and energy."," There are people walking around and looking at all of them."],["A large group of men in uniform are gathered around to play some paintball."," They start to run off and everyone is sneaking around trying to catch and shoot other people without getting caught."," The field they are playing on is pretty cool, it has a lot of different hiding places."," in the end they all take of most of their head gear and start walking back together."]],"rates":[1,1,1,1,1],"timestaken":[263.959,182.705,447.882,209.57,237.552],"pausetime":[1,10,9,5,9]}