{"names":["v_SIj-ti_70HQ.mp4","v_sN1MPx9hb1I.mp4","v_sWEbq5Ry63Q.mp4","v_Tcf9sOzU-7M.mp4","v_TsPh4-BsCYk.mp4"],"durations":[18.321,36.827007,234.197007,224.282,161.333],"timestamps":[[[0,8.15],[8.15,18.32]],[[0,11.6],[7.18,36.83]],[[0,39.81],[38.64,120.61],[118.27,158.08],[163.94,234.2]],[[0,50.46],[66.16,224.28],[103.17,224.28]],[[0,156.49],[79.86,156.49]]],"paragraph":["A woman stands in front of a mirror smiling and begins brushing her hair. She continues brushing her hair and looking at herself in the mirror.","An intro is shown of a woman knitting with her hands while various pictures of cats are shown in the background. Text on how to knit appears while her hands continue moving to demonstrate how to properly knit.","A man is shown point to a bicycle tire and cutting a piece of wire using pliers. He then moves to bars around and spinning the wheel followed by a stick pressing against the tire. He pushes a tube into the tire and adjusts the wires using a device. He tests the wheel out thoroughly and assures the bike is ready to go.","Several different intros eventually leads into two men pointing on a field and getting ready for paintball. Then the men run throughout the field and attack each other with paintball guns. They run through the field quickly and attack one another using the paint gun.","A woman is shown holding a shot put and talking to the camera while standing in a large gym. She demonstrates how to properly throw the tool and performs several throws to show how it's one correctly."],"descriptions":[["A woman stands in front of a mirror smiling and begins brushing her hair."," She continues brushing her hair and looking at herself in the mirror."],["An intro is shown of a woman knitting with her hands while various pictures of cats are shown in the background."," Text on how to knit appears while her hands continue moving to demonstrate how to properly knit."],["A man is shown point to a bicycle tire and cutting a piece of wire using pliers."," He then moves to bars around and spinning the wheel followed by a stick pressing against the tire."," He pushes a tube into the tire and adjusts the wires using a device."," He tests the wheel out thoroughly and assures the bike is ready to go."],["Several different intros eventually leads into two men pointing on a field and getting ready for paintball."," Then the men run throughout the field and attack each other with paintball guns."," They run through the field quickly and attack one another using the paint gun."],["A woman is shown holding a shot put and talking to the camera while standing in a large gym."," She demonstrates how to properly throw the tool and performs several throws to show how it's one correctly."]],"rates":[1,1,1,4,4],"timestaken":[41.07,72.944,125.529,114.152,181.913],"pausetime":[1,2,8,1,4]}