{"names":["v_oOnKQgQZOZ0.mp4","v_OtcRXishIxw.mp4","v_Ox16PeB954Q.mp4","v_P49Ci0Ph8eU.mp4","v_Paus1tL8KjE.mp4"],"durations":[31.231,84.103,44.652,54.637007,199.135011],"timestamps":[[[0,4.84],[5.31,9.37],[10.46,22.02],[19.83,30.92]],[[0,7.57],[7.57,37.85],[27.75,55.09],[43.73,48.78],[58.87,66.44],[74.01,79.9]],[[0,6.7],[8.04,16.74],[16.52,33.49],[33.49,44.65]],[[0,5.46],[5.46,31.14],[31.96,38.79],[33.87,45.9],[46.17,54.64]],[[0,15.93],[15.93,27.88],[27.88,38.83],[38.83,48.79],[48.79,62.73],[52.77,73.68],[79.65,88.62],[88.62,113.51],[113.51,178.23],[181.21,199.14]]],"paragraph":["A water polo match is happening at an enclosed swimming pool. There are a few spectators looking on from the sides of the pool, while a referee is following the actions to stay in control of the match. It is quiet other than the young kids that are involved in the game. They are having a great time and are very involved in what they are doing.","A young man is helping a young woman swing at a soccer pinata. They are on an outdoor green field at a school or community center. She keeps missing the pinata while her friends try to help her out. An adult is controlling the pinata trying to keep her from hitting it. She finally ends up finding where it generally is while her friends laugh at her and continue to try to help. She gets hit by the pinata and ends up being unsuccessful.","A man and child are sitting on a couch while the adult smokes hookah tobacco. The child grabs it as if to smoke only to have it pulled away. The child is then able to stick it in his own mouth but doesn't know what to do. He ends up sticking it back into the adults mouth and the adult continues to smoke from the hookah pipe.","A gymnast stands before a large crowd in an arena and puts his hands up. He begins his routine that involves many flips and rotations. The crowd sits silently while he does this. He does a handstand and a series of more rotations and flips before dismounting. He claps as the crowd cheers him on after his routine is over.","Several young men board a small powered boat on a very nice and sunny day. The slowly back the boat out to go water skiing. The boat leaves the dock and they're off. After picking up speed on the powered boat, their friends jump off and have a great time. A line of rope is thrown out for them to grab onto and it begins. They pick up speed and a young woman is skiing on the water at a very brisk pace. She goes back and forth and side to side in slow motion. The friends look back to see how she is doing. A young man is shown skiing on the water and is doing a great job. After he is done he lets go of the line and continues to ski on the water, only to fall back."],"descriptions":[["A water polo match is happening at an enclosed swimming pool."," There are a few spectators looking on from the sides of the pool, while a referee is following the actions to stay in control of the match."," It is quiet other than the young kids that are involved in the game."," They are having a great time and are very involved in what they are doing."],["A young man is helping a young woman swing at a soccer pinata."," They are on an outdoor green field at a school or community center."," She keeps missing the pinata while her friends try to help her out."," An adult is controlling the pinata trying to keep her from hitting it."," She finally ends up finding where it generally is while her friends laugh at her and continue to try to help."," She gets hit by the pinata and ends up being unsuccessful."],["A man and child are sitting on a couch while the adult smokes hookah tobacco."," The child grabs it as if to smoke only to have it pulled away."," The child is then able to stick it in his own mouth but doesn't know what to do."," He ends up sticking it back into the adults mouth and the adult continues to smoke from the hookah pipe."],["A gymnast stands before a large crowd in an arena and puts his hands up."," He begins his routine that involves many flips and rotations."," The crowd sits silently while he does this."," He does a handstand and a series of more rotations and flips before dismounting."," He claps as the crowd cheers him on after his routine is over."],["Several young men board a small powered boat on a very nice and sunny day."," The slowly back the boat out to go water skiing."," The boat leaves the dock and they're off."," After picking up speed on the powered boat, their friends jump off and have a great time."," A line of rope is thrown out for them to grab onto and it begins."," They pick up speed and a young woman is skiing on the water at a very brisk pace."," She goes back and forth and side to side in slow motion."," The friends look back to see how she is doing."," A young man is shown skiing on the water and is doing a great job."," After he is done he lets go of the line and continues to ski on the water, only to fall back."]],"rates":[1,1,1,1,1],"timestaken":[186.306,199.207,183.69,194.328,531.782],"pausetime":[1,1,1,1,7]}