{"names":["v_FGAlwzRvAHg.mp4","v_fhtNAMK0Vqk.mp4","v_fN2DiOswmOA.mp4","v_fxlTN3mCWDA.mp4","v_G9ZEi6eRhi0.mp4"],"durations":[183.485,27.702,185.481,169.901,132.888],"timestamps":[[[8.26,183.49],[14.68,183.49],[28.44,183.49],[39.45,183.49],[46.79,183.49],[62.38,183.49],[77.98,183.49],[90.83,183.49],[105.5,183.49],[119.27,183.49],[136.7,183.49],[164.22,183.49]],[[2.91,27.7],[6.93,27.7],[13.99,27.7],[26.18,27.7]],[[2.78,185.48],[7.42,185.48],[14.84,185.48],[22.26,185.48],[28.75,185.48],[63.99,185.48],[95.52,185.48],[107.58,185.48],[116.85,185.48],[134.47,185.48],[143.75,185.48],[154.88,185.48],[166.01,185.48]],[[22.94,169.9],[62.86,169.9],[81.55,169.9],[94.3,169.9],[160.56,169.9],[167.35,169.9]],[[35.88,132.89],[95.01,132.89],[126.24,132.89]]],"paragraph":["The screen shows Transworld Snowboarding at Keystone, Colorado. It displays the fundamentals of snowboarding by Jack Mitrani. A person wearing a green hoodie and a hat is talking about the essentials required for snowboarding. He is demonstrating his tutorial with a snowboard placed in front of him. He is holding an iron in his hand as he is explaining how to wax the board. He has a piece of hard wax in his hand and an iron too. He begins melting the wax with the heated iron and drops it on the board. He drops the melted wax all over the board. He then drags the melted wax all through the board. He continues the same process throughout the entire board. Then uses a scraper to scrape the wax off and clean the board. He also uses a brush to brush off the wax and blows the wax shavings off of the board.","A man wearing a cowboy hat, sunglasses and yellow latex gloves is standing next to a horse in a stable. He is using a blow dryer to dry the horse's wet body. He moves the blow dryer back and forth all over the horse's back to dry it. He is also uses a scrubbing brush on the horse's back to clean the horse.","The screen shows the title of preparing a Chilean Hulte salad dish. A person is mixing salad ingredients in a large bowl. There is information shown about Dr. Rachel Collin's trip to Chile. There are several people standing under a canopy at a food market. Two customers make a purchase and give money to the seller and give the camera a thumbs up. The chef is showing hulte placed on a kitchen counter. The chef is slicing the hulte in circular bite size pieces. A woman eats the cut pieces of hulte. The chef chops some cilantro on the kitchen counter. Then the chef places the ingredients in a salad bowl. The finished product is shown on screen, followed by a group of people sitting together and enjoying the salad. The end credits are displayed on the screen.","There are several passengers traveling in a subway train. Two of the passengers are seated on folding chairs and they're playing drums on bongos. They continue to play the bongos while the other passengers are busy doing their own thing. One young boy who is seated near the players is watching them play. The players continue playing the bongos and drumming on them. After they stop playing, one person applauds them.","There are about five to six young boys bouncing and jumping in an enclosed bouncy house with basketballs in their hands. The coach is guiding them by blowing the whistle as the children continue to bounce and jump. They take turns to throw the orange balls as instructed by their coach."],"descriptions":[["The screen shows Transworld Snowboarding at Keystone, Colorado."," It displays the fundamentals of snowboarding by Jack Mitrani."," A person wearing a green hoodie and a hat is talking about the essentials required for snowboarding."," He is demonstrating his tutorial with a snowboard placed in front of him."," He is holding an iron in his hand as he is explaining how to wax the board."," He has a piece of hard wax in his hand and an iron too."," He begins melting the wax with the heated iron and drops it on the board."," He drops the melted wax all over the board."," He then drags the melted wax all through the board."," He continues the same process throughout the entire board."," Then uses a scraper to scrape the wax off and clean the board."," He also uses a brush to brush off the wax and blows the wax shavings off of the board."],["A man wearing a cowboy hat, sunglasses and yellow latex gloves is standing next to a horse in a stable."," He is using a blow dryer to dry the horse's wet body."," He moves the blow dryer back and forth all over the horse's back to dry it."," He is also uses a scrubbing brush on the horse's back to clean the horse."],["The screen shows the title of preparing a Chilean Hulte salad dish."," A person is mixing salad ingredients in a large bowl."," There is information shown about Dr."," Rachel Collin's trip to Chile."," There are several people standing under a canopy at a food market."," Two customers make a purchase and give money to the seller and give the camera a thumbs up."," The chef is showing hulte placed on a kitchen counter."," The chef is slicing the hulte in circular bite size pieces."," A woman eats the cut pieces of hulte."," The chef chops some cilantro on the kitchen counter."," Then the chef places the ingredients in a salad bowl."," The finished product is shown on screen, followed by a group of people sitting together and enjoying the salad."," The end credits are displayed on the screen."],["There are several passengers traveling in a subway train."," Two of the passengers are seated on folding chairs and they're playing drums on bongos."," They continue to play the bongos while the other passengers are busy doing their own thing."," One young boy who is seated near the players is watching them play."," The players continue playing the bongos and drumming on them."," After they stop playing, one person applauds them."],["There are about five to six young boys bouncing and jumping in an enclosed bouncy house with basketballs in their hands."," The coach is guiding them by blowing the whistle as the children continue to bounce and jump."," They take turns to throw the orange balls as instructed by their coach."]],"rates":[1,1,1,1,1],"timestaken":[627.649,173.304,488.25,253.634,433.209],"pausetime":[12,5,10,1,2]}