{"names":["v_3vs3ofTw1vY.mp4","v_3zjhYw-TVQw.mp4","v_4A49mkP6HsM.mp4","v_4DFKpHF2aq4.mp4","v_4R5KDUqBPcU.mp4"],"durations":[220.915,63.577,129.196,60.094,10.24],"timestamps":[[[30.93,208.76],[70.69,208.76],[109.35,208.76],[152.43,208.76],[167.9,208.76],[198.82,208.76]],[[24.16,60.08],[54.36,60.08]],[[16.15,122.09],[39.4,122.09],[56.85,122.09],[69.77,122.09],[104,122.09],[116.92,122.09]],[[3.91,56.79],[6.31,56.79],[14.42,56.79],[48.68,56.79]],[[1.95,9.68],[5.79,9.68],[8.81,9.68]]],"paragraph":["There are several people getting ready to ski. There's a person skiing downhill with full speed whose shadow can be seen. There are people sitting and waiting on top of a mountain waiting to start skiing. The skier going fast downhill is demonstrating how to turn and manage speed while going downhill. There are some people walking toward the ski mountain on a escalator. The skier continues to ski downhill steadily on steep and winding slopes.","There's a man in a blue shirt and beige pants sitting in front yard on brown mulch talking about lawn and garden care. He points to the brown mulch and the shrub near him as he explains the do's and don'ts about lawn care.","There is a group of Korean Pop singers performing on a stage. One of the singers is playing the violin while the audience cheers and claps for him. Then another singer grabs the mic and talks to the audience. The audience applaud and smile as they watch. The performer sings as he plays the violin and then bows down in front of the audience. The crowd cheers and claps for him.","There's a young man wearing a black hoodie and hat out in the wilderness. He takes an umbrella in his hand and then tosses it behind him. Then he walks on a tight rope and tries to balance himself. There are some other men doing the same thing out in the wilderness, trying to balance themselves and walk on tight ropes.","There's a man wearing a black athletic suit in a shot put field practicing shot put. He begins by taking the ball in his hand and holding it against his neck. Then he spins around and throws the ball far ahead."],"descriptions":[["There are several people getting ready to ski."," There's a person skiing downhill with full speed whose shadow can be seen."," There are people sitting and waiting on top of a mountain waiting to start skiing."," The skier going fast downhill is demonstrating how to turn and manage speed while going downhill."," There are some people walking toward the ski mountain on a escalator."," The skier continues to ski downhill steadily on steep and winding slopes."],["There's a man in a blue shirt and beige pants sitting in front yard on brown mulch talking about lawn and garden care."," He points to the brown mulch and the shrub near him as he explains the do's and don'ts about lawn care."],["There is a group of Korean Pop singers performing on a stage."," One of the singers is playing the violin while the audience cheers and claps for him."," Then another singer grabs the mic and talks to the audience."," The audience applaud and smile as they watch."," The performer sings as he plays the violin and then bows down in front of the audience."," The crowd cheers and claps for him."],["There's a young man wearing a black hoodie and hat out in the wilderness."," He takes an umbrella in his hand and then tosses it behind him."," Then he walks on a tight rope and tries to balance himself."," There are some other men doing the same thing out in the wilderness, trying to balance themselves and walk on tight ropes."],["There's a man wearing a black athletic suit in a shot put field practicing shot put."," He begins by taking the ball in his hand and holding it against his neck."," Then he spins around and throws the ball far ahead."]],"rates":[1,1,1,1,1],"timestaken":[249.236,322.108,168.866,241.832,134.863],"pausetime":[1,2,1,3,2]}