{"names":["v_-od9zDziq9U.mp4","v_-pLiSHAz4fo.mp4","v_0vIFg1eE7Tw.mp4","v_1R25VGmqS9o.mp4","v_3FUVKpQA6IY.mp4"],"durations":[180.071,111.433,203.732,72.191,129.591],"timestamps":[[[0,27.01],[27.91,75.63],[75.63,121.55],[121.55,180.07]],[[0,17.27],[17.27,39.56],[39,79.67],[79.12,111.43]],[[0,28.52],[29.54,59.08],[59.08,90.66],[90.66,202.71]],[[0,16.6],[16.6,33.21],[33.57,49.81],[49.09,72.19]],[[0,16.2],[16.85,47.3],[47.3,97.19],[97.19,129.59]]],"paragraph":["A girl walks up the the center of the stage and messes with her feet and gets in position. She pauses in that position before she begins to dance around. She does a split and some poses all around. She does some cart wheels and more dancing all around the court and finally she finishes.","A man talking about how to work out in a certain position. He explains it and shows in detail how it should be done. Then he grabs the bar and demonstrates like that also. He begins to do it in repetition a few times before finishing up.","A woman blowing kisses at the camera, then inserting her contact lenses. She begins to put eye shadow on her eyelids and rubbing it in. She adds eyelash extensions on her eyes. Then, she begins to contour her entire face little by little patting it down as she goes along.","A team on the field running around playing lacrosse. Everyone is running after each other trying to make the goal. Everyone is running a lot trying to prevent the other team from scoring. The girl in the red looks like she almost makes it before running off.","Some people are playing beer bong having a good time, the man throws fist and he makes it into the girls cup. She drinks her drink and then wets her ball in water before throwing her ball. Then, she takes a seat and the other guy takes his turn. Then it's the girl on the other teams turn, they keep taking their turns and drinking away, having a good time."],"descriptions":[["A girl walks up the the center of the stage and messes with her feet and gets in position."," She pauses in that position before she begins to dance around."," She does a split and some poses all around."," She does some cart wheels and more dancing all around the court and finally she finishes."],["A man talking about how to work out in a certain position."," He explains it and shows in detail how it should be done."," Then he grabs the bar and demonstrates like that also."," He begins to do it in repetition a few times before finishing up."],["A woman blowing kisses at the camera, then inserting her contact lenses."," She begins to put eye shadow on her eyelids and rubbing it in."," She adds eyelash extensions on her eyes."," Then, she begins to contour her entire face little by little patting it down as she goes along."],["A team on the field running around playing lacrosse."," Everyone is running after each other trying to make the goal."," Everyone is running a lot trying to prevent the other team from scoring."," The girl in the red looks like she almost makes it before running off."],["Some people are playing beer bong having a good time, the man throws fist and he makes it into the girls cup."," She drinks her drink and then wets her ball in water before throwing her ball."," Then, she takes a seat and the other guy takes his turn."," Then it's the girl on the other teams turn, they keep taking their turns and drinking away, having a good time."]],"rates":[1,1,1,1,1],"timestaken":[280.626,207.829,284.853,232.114,303.535],"pausetime":[3,5,2,2,2]}