{"names":["v_xVQkf_TrX7U.mp4","v_xwSeXFkTNlE.mp4","v_XxbuqeqOGaM.mp4","v_xXGc5_0_2QI.mp4","v_xYW64moSLKg.mp4"],"durations":[139.622,162.145,86.495,42.191,151.813],"timestamps":[[[0,15.36],[15.36,61.43],[61.43,106.11],[106.81,139.62]],[[0,13.78],[12.97,42.16],[42.16,91.61],[91.61,154.85]],[[0,15.14],[15.57,47.14],[47.57,66.6],[66.6,86.5]],[[0,14.56],[14.56,18.35],[18.14,27.64],[27.64,42.19]],[[0,37.95],[37.95,81.22],[81.22,110.82],[110.82,151.81]]],"paragraph":["A big man dressed as batman is running around doing weird nonsensical stuff. He runs inside of the house and begins to start giving instructions on how to make the perfect batman sandwich. He is cutting up cheese and adding ham to the sandwich. He even cuts the bread into a batman shape before finally doing being done.","A gymnast is patiently waiting to start his performance. He jumps on to the board and starts spinning really fast before he jumps off and walks around. He take a breath and the audience claps for him before he jumps back on it and starts spinning again. When he is done he walks down and shakes hands with all the team mates, before he gets on one last time.","A chef in the kitchen wearing a chef hat is giving instructions on how to sharpen a knife. He brings the knife to a sharpener and begins slowly to demonstrate. He picks up the sharpening tool and talks about what he will do next and begins to sharpen again. Then he shows all of the pieces that come with the kit and talks about it all.","Inside of a fence men are sitting upon horses waiting. One of the men starts to chase after a bull on his horse. He gets off of his horse and brings the bull down and starts walking back to his horse. He gets back on the horse as the bull just lays on the ground defeated.","A woman is under water and she gracefully come up from underneath. She later is swimming with tom and jerry very pretty and oddly.Then a she is hanging from a hoop up above and jumps down into the water. She does a lot of different shows involving her dancing and swimming around in the water."],"descriptions":[["A big man dressed as batman is running around doing weird nonsensical stuff."," He runs inside of the house and begins to start giving instructions on how to make the perfect batman sandwich."," He is cutting up cheese and adding ham to the sandwich."," He even cuts the bread into a batman shape before finally doing being done."],["A gymnast is patiently waiting to start his performance."," He jumps on to the board and starts spinning really fast before he jumps off and walks around."," He take a breath and the audience claps for him before he jumps back on it and starts spinning again."," When he is done he walks down and shakes hands with all the team mates, before he gets on one last time."],["A chef in the kitchen wearing a chef hat is giving instructions on how to sharpen a knife."," He brings the knife to a sharpener and begins slowly to demonstrate."," He picks up the sharpening tool and talks about what he will do next and begins to sharpen again."," Then he shows all of the pieces that come with the kit and talks about it all."],["Inside of a fence men are sitting upon horses waiting."," One of the men starts to chase after a bull on his horse."," He gets off of his horse and brings the bull down and starts walking back to his horse."," He gets back on the horse as the bull just lays on the ground defeated."],["A woman is under water and she gracefully come up from underneath."," She later is swimming with tom and jerry very pretty and oddly.","Then a she is hanging from a hoop up above and jumps down into the water."," She does a lot of different shows involving her dancing and swimming around in the water."]],"rates":[1,1,1,1,1],"timestaken":[307.965,278.562,224.911,273.089,276.3],"pausetime":[2,10,3,7,1]}