{"names":["v_uINj6L2EEUs.mp4","v_uM6ErLnAGW4.mp4","v_UojTppgtyCE.mp4","v_uUzmPV8Vgqg.mp4","v_v1Iv-ySc2LM.mp4"],"durations":[200.528,193.26,171.526,116.031,39.405],"timestamps":[[[0,5.01],[6.02,25.07],[30.08,58.15],[61.16,80.21],[81.21,86.23],[87.23,99.26],[100.26,113.3],[115.3,130.34],[131.35,142.37],[144.38,175.46],[176.46,197.52]],[[0,2.9],[3.87,44.45],[45.42,88.9],[90.83,103.39],[104.36,123.69],[125.62,155.57],[156.54,172.97],[174.9,177.8],[179.73,193.26]],[[0,13.72],[15.44,33.45],[36.88,84.91],[85.76,143.22],[147.51,160.38],[162.09,171.53]],[[0,59.76],[60.92,112.55]],[[0,33.3],[33.89,39.41]]],"paragraph":["Different views around a city are seen. A large crowd is seen cheering inside a large auditorium. Athletes walk together through a hallway then stand on logs and chop through them in a competition. Two athletes walk through wearing green and orange jerseys then saw through large logs in a competition. The judge inspects the log and declares a winner to the crowds delight. Two athletes walk through a hallway then chop an upright log in a competition. Cheerleaders enter through a hallway then dance on stage. Two athletes enter through a hallway then use a hand saw to cut through a log. Two athletes enter through a hallway then place boards into a log to stand on while chopping it down. Athletes compete in a chainsaw competition and saw through large logs before congratulating each other. The winner is seen holding a trophy along with runners up and the crowd cheers.","Carved pepper jack-o-lanterns are seen prepared. A woman uses a knife to carve out the center and facial features of a bell pepper then places in a dish. The woman adds chopped vegetables, salsa, and eggs to a large bowl. The woman uses a spatula to mix everything together. A spoon is used to add ingredients into the hollow bell peppers. Cheese is added to the tops of the bell peppers and the tops are placed back on them. The bell peppers are removed from the dish and put on a plate. the finished bell peppers are seen on the cutting board. A woman adds ingredients to a casserole dish.","An outdoor garden is seen and a man in tshirt stands in it holding a pair of sheers. Mellons are seen throughout the garden. The man points to the melons up against the wall and begins trimming them with his sheers throwing them to the side. The man walks over to the outer edge of the melon plants and picks up a large vine in one hand then trims off leafs with the other hand. The man does circular motions with his hands around his waste to demonstrate size. A garden website is seen.","A woman in track pants and her daughters wash a small dog with soap and water in a bucket on a patio. A woman uses a cup to pour water on the dog to remove the soap.","A child uses a mop to wash the floor of a home. The child twist the mop to turn it over."],"descriptions":[["Different views around a city are seen."," A large crowd is seen cheering inside a large auditorium."," Athletes walk together through a hallway then stand on logs and chop through them in a competition."," Two athletes walk through wearing green and orange jerseys then saw through large logs in a competition."," The judge inspects the log and declares a winner to the crowds delight."," Two athletes walk through a hallway then chop an upright log in a competition."," Cheerleaders enter through a hallway then dance on stage."," Two athletes enter through a hallway then use a hand saw to cut through a log."," Two athletes enter through a hallway then place boards into a log to stand on while chopping it down."," Athletes compete in a chainsaw competition and saw through large logs before congratulating each other."," The winner is seen holding a trophy along with runners up and the crowd cheers."],["Carved pepper jack-o-lanterns are seen prepared."," A woman uses a knife to carve out the center and facial features of a bell pepper then places in a dish."," The woman adds chopped vegetables, salsa, and eggs to a large bowl."," The woman uses a spatula to mix everything together."," A spoon is used to add ingredients into the hollow bell peppers."," Cheese is added to the tops of the bell peppers and the tops are placed back on them."," The bell peppers are removed from the dish and put on a plate."," the finished bell peppers are seen on the cutting board."," A woman adds ingredients to a casserole dish."],["An outdoor garden is seen and a man in tshirt stands in it holding a pair of sheers."," Mellons are seen throughout the garden."," The man points to the melons up against the wall and begins trimming them with his sheers throwing them to the side."," The man walks over to the outer edge of the melon plants and picks up a large vine in one hand then trims off leafs with the other hand."," The man does circular motions with his hands around his waste to demonstrate size."," A garden website is seen."],["A woman in track pants and her daughters wash a small dog with soap and water in a bucket on a patio."," A woman uses a cup to pour water on the dog to remove the soap."],["A child uses a mop to wash the floor of a home."," The child twist the mop to turn it over."]],"rates":[2,1,2,1,1],"timestaken":[1009.665,486.21,485.37,422.541,114.006],"pausetime":[17,1,3,2,1]}