{"names":["v_F4ERtlGMFt4.mp4","v_Fhk2t6beztU.mp4","v_flfLCoLHm2k.mp4","v_fqWjjWqsJPU.mp4","v_FrVitupq7sQ.mp4"],"durations":[20.063,14.42,212.927007,179.769002,165.118005],"timestamps":[[[0,1.81],[1.61,20.06]],[[0,6.63],[6.2,14.42]],[[0,31.94],[38.33,67.07],[67.07,179.92],[178.86,212.93]],[[0,26.97],[27.86,179.77]],[[3.3,31.37],[30.55,94.94],[94.94,165.12]]],"paragraph":["A man is seen in the water behind a speed boat. The boat takes off and the man behind stands up on skis but eventually falls.","A girl is seen rollerblading down a long road with several people walking around her. The camera zooms in on her face and shows all the people around the area followed by the cameraman's feet.","A girl waves to the camera and begins speaking followed by various ingredients laid out. The girl then puts the ingredients on a plate and puts saran wrap over the food. She mixes up the food with other ingredients followed by bread on top and cut into pieces. She takes a bite of the food and eventually leads to pictures of her food next to a cup of tea.","A man speaks to the camera which follows an intro screen to him skating. He continues talking to the camera and performing various tricks on his board throughout the area.","Two men are seen standing on a tennis court holding rackets and speaking to the camera. Several slow motion scenes are shown performing a correct tennis serve with the men demonstrating right after. The men do this for several turns with one slow motion of a man performing the trick done afterwards."],"descriptions":[["A man is seen in the water behind a speed boat."," The boat takes off and the man behind stands up on skis but eventually falls."],["A girl is seen rollerblading down a long road with several people walking around her."," The camera zooms in on her face and shows all the people around the area followed by the cameraman's feet."],["A girl waves to the camera and begins speaking followed by various ingredients laid out."," The girl then puts the ingredients on a plate and puts saran wrap over the food."," She mixes up the food with other ingredients followed by bread on top and cut into pieces."," She takes a bite of the food and eventually leads to pictures of her food next to a cup of tea."],["A man speaks to the camera which follows an intro screen to him skating."," He continues talking to the camera and performing various tricks on his board throughout the area."],["Two men are seen standing on a tennis court holding rackets and speaking to the camera."," Several slow motion scenes are shown performing a correct tennis serve with the men demonstrating right after."," The men do this for several turns with one slow motion of a man performing the trick done afterwards."]],"rates":[1,1,1,1,1],"timestaken":[40.565,59.392,153.17,65.635,108.271],"pausetime":[1,1,10,4,7]}