{"names":["v_ekzUyQo2R9Y.mp4","v_EmlmKZ6Gi3Y.mp4","v_EWt03pUigc0.mp4","v_ewTlNriXY3c.mp4","v_EZZMYzY6Pug.mp4"],"durations":[20.063,205.242,120.976,218.616,33.089],"timestamps":[[[4.01,18.46],[9.83,18.46],[16.75,18.46]],[[11.29,188.82],[20.52,188.82],[48.23,188.82],[82.1,188.82],[126.22,188.82],[154.96,188.82],[183.69,188.82]],[[11.49,111.3],[38.11,111.3],[62.3,111.3],[83.47,111.3],[107.67,114.32]],[[26.23,206.59],[65.58,206.59],[90.73,206.59],[113.68,206.59],[145.38,206.59],[158.5,206.59],[170.52,206.59],[180.36,206.59],[196.75,214.24],[213.15,214.24]],[[3.64,32.43],[6.45,32.43],[19.36,32.43],[29.61,32.43]]],"paragraph":["There's a person wakeboarding in a lake. He is being pulled by a red rope that is fastened to a steamboat. He is going at a steady speed behind the steamboat.","There's a large team of participants getting ready to do engage in a water tubing activity. They walk down a hilly terrain to the river. They get onto their tubes and begin going down the rapids. The participants seem very calm and happy as they wave to the camera. They all begin their journey down the rapids as the water starts getting more turbulent. They continue going along the with water current as they flow steadily through the water. Then they all arrive at banks of the river where the water is calm and steady flowing.","There's a news reporter dressed in a pink floral dress and a white jacket giving an update on sports news. She shows events of the London Paralympics. She is showing the viewers the different events such as shoot put, swimming and running and the gold medals that were won in these events. While the news is being telecast, there are captions on the bottom about current events. She also shows the viewers all the medals that are won by all countries that participated in the Paralympics.","There is a competitive game of tug of war going on in an open field. Where a team wearing blue is competing against another team. The coach is giving directions to the team on how to pull the rope. He is encouraging them to not give and continue their efforts.There are spectators watching the event and cheering for the participants.There are few more rounds of tug of war played s the spectators watch and cheer for the players. The coach continues to encourage the players. After they win the tug of war, all the spectators run out and hug the players. A cameraman takes their pictures. The entire team poses for a team picture after their win.","There's a man demonstrating how to melt wax and coat surfaces with wax using an iron. He melts a piece of wax against the heated surface of the iron. Then he smears the wax and coats on a surface. After the wax cools and solidifies, he scrapes it off the surface."],"descriptions":[["There's a person wakeboarding in a lake."," He is being pulled by a red rope that is fastened to a steamboat."," He is going at a steady speed behind the steamboat."],["There's a large team of participants getting ready to do engage in a water tubing activity."," They walk down a hilly terrain to the river."," They get onto their tubes and begin going down the rapids."," The participants seem very calm and happy as they wave to the camera."," They all begin their journey down the rapids as the water starts getting more turbulent."," They continue going along the with water current as they flow steadily through the water."," Then they all arrive at banks of the river where the water is calm and steady flowing."],["There's a news reporter dressed in a pink floral dress and a white jacket giving an update on sports news."," She shows events of the London Paralympics."," She is showing the viewers the different events such as shoot put, swimming and running and the gold medals that were won in these events."," While the news is being telecast, there are captions on the bottom about current events."," She also shows the viewers all the medals that are won by all countries that participated in the Paralympics."],["There is a competitive game of tug of war going on in an open field."," Where a team wearing blue is competing against another team."," The coach is giving directions to the team on how to pull the rope."," He is encouraging them to not give and continue their efforts.","There are spectators watching the event and cheering for the participants.","There are few more rounds of tug of war played s the spectators watch and cheer for the players."," The coach continues to encourage the players."," After they win the tug of war, all the spectators run out and hug the players."," A cameraman takes their pictures."," The entire team poses for a team picture after their win."],["There's a man demonstrating how to melt wax and coat surfaces with wax using an iron."," He melts a piece of wax against the heated surface of the iron."," Then he smears the wax and coats on a surface."," After the wax cools and solidifies, he scrapes it off the surface."]],"rates":[1,1,1,1,1],"timestaken":[121.672,943.425,350.917,328.687,185.963],"pausetime":[3,3,5,1,4]}