{"names":["v_cvEOK7xAPSs.mp4","v_cXw6os9Xk5c.mp4","v_dc9m-G9CKmQ.mp4","v_Deo_GsHyw8Y.mp4","v_dLOwmXV_yTw.mp4"],"durations":[67.129,34.087,137.463,88.376,115.38],"timestamps":[[[0,6.38],[6.04,13.09],[13.43,38.26],[38.6,67.13]],[[0,4.26],[4.26,11.59],[11.59,19.6],[20.11,34.09]],[[0,21.99],[21.31,48.11],[48.8,68.73],[68.04,101.72],[101.72,137.46]],[[0,15.91],[15.47,40.21],[40.21,66.72],[66.28,88.38]],[[0,20.19],[20.77,43.84],[35.77,55.96],[57.69,115.38]]],"paragraph":["People running up the beach very quickly. Then they start to make strange faces towards the camera. They start bouncing and doing tricks on some kind of bouncy rope. Some of the the tricks look like they are very extreme.","A man on the side of the street drumming away on an actual drum set. People are standing around waiting an watching him. Cars are passing by and he just continues to drum like it's normal. He jams out using the cymbals and everything.","A man speaking about how he will be sharpening knives today. He shows the tool that he will be using that is called chefs choice. He shows how to use it and how you can use it with either hand. Then he begins to sharpen one of his knives. After he is done sharpening it he demonstrates with a tomato how helpful it is.","Al's begins his skiing tips with an iron and a sponge. Demonstrating what and how you would use it on the ski's. He shows you on the ski's how to rub it on. Then he explains a little more about the process.","Holiday gift wrapping made easy, this glass store give a tutorial on how to wrap awkward shaped gifts. You place the object on the wrapping paper to start. After, you fold the tip of the paper, you grab the scissor and cut strips. Then you use tape to hold it down and top it off with a bow."],"descriptions":[["People running up the beach very quickly."," Then they start to make strange faces towards the camera."," They start bouncing and doing tricks on some kind of bouncy rope."," Some of the the tricks look like they are very extreme."],["A man on the side of the street drumming away on an actual drum set."," People are standing around waiting an watching him."," Cars are passing by and he just continues to drum like it's normal."," He jams out using the cymbals and everything."],["A man speaking about how he will be sharpening knives today."," He shows the tool that he will be using that is called chefs choice."," He shows how to use it and how you can use it with either hand."," Then he begins to sharpen one of his knives."," After he is done sharpening it he demonstrates with a tomato how helpful it is."],["Al's begins his skiing tips with an iron and a sponge."," Demonstrating what and how you would use it on the ski's."," He shows you on the ski's how to rub it on."," Then he explains a little more about the process."],["Holiday gift wrapping made easy, this glass store give a tutorial on how to wrap awkward shaped gifts."," You place the object on the wrapping paper to start."," After, you fold the tip of the paper, you grab the scissor and cut strips."," Then you use tape to hold it down and top it off with a bow."]],"rates":[1,1,1,1,1],"timestaken":[227.471,207.294,361.735,188.48,576.594],"pausetime":[2,1,3,1,13]}