{"names":["v_B69Fkd_L9gA.mp4","v_bAD_-DEgubk.mp4","v_bCtiTOEf9KI.mp4","v_BfSqo9ONd6g.mp4","v_bfZZdTPYmos.mp4"],"durations":[181.093,58.027,14.304,115.079,228.206],"timestamps":[[[19.92,167.51],[55.23,167.51],[94.17,167.51],[126.77,167.51],[160.27,167.51]],[[10.15,53.67],[19.44,53.67],[30.46,53.67],[41.78,53.67],[47.58,53.67],[50.19,53.67]],[[4.15,13.23],[8.65,13.23],[12.73,13.23]],[[12.66,106.45],[44.88,106.45],[73.65,106.45],[98.39,106.45]],[[25.1,211.09],[75.31,211.09],[127.8,211.09],[142.63,211.09],[163.17,211.09],[187.13,211.09],[201.96,211.09]]],"paragraph":["There's man standing on his deck that is covered with snow. He is getting ready to get into his hot tub on his deck. He walks bare foot through the snow to get into his hot tub. He begins to shovel the snow off the deck to make it easier for him to walk. He clears the snow from the deck to create a pathway to the hot tub.","There's a young boy playing lacrosse in his front yard. he is holding a yellow lacrosse stick. He is excited as he plays the game while his mother cheers him up to play.He picks up the yellow ball and throws it across to his father. When his father throws the ball to him, he catches it with the lacrosse stick. His mother gets excited and shouts out for him.","A woman dressed in a black tank top and black tights is doing stomach crunches on a mat. She is exercising on a hardwood floor in the gym. She continues doing her stomach crunches.","There's a dirt biking event going on which is sponsored by Monster energy drink. There are several contestants participating in the event. One of the contestants falls off his bike and seems like he's injured. He gets up right away and walks to the corner.","There's a man wearing a white graphic shirt, sitting with bongo drums drumming a beat on the drums. He is wearing headphones as he drums a beat on the drums. He continues playing the drums. After a while he changes the beat after pausing for a little time.Then continues playing another beat on the drums. Then he stops for a little bit and rearranges the drums to play again. Another person is drumming beats on an electrical drum set that has several drums."],"descriptions":[["There's man standing on his deck that is covered with snow."," He is getting ready to get into his hot tub on his deck."," He walks bare foot through the snow to get into his hot tub."," He begins to shovel the snow off the deck to make it easier for him to walk."," He clears the snow from the deck to create a pathway to the hot tub."],["There's a young boy playing lacrosse in his front yard."," he is holding a yellow lacrosse stick."," He is excited as he plays the game while his mother cheers him up to play.","He picks up the yellow ball and throws it across to his father."," When his father throws the ball to him, he catches it with the lacrosse stick."," His mother gets excited and shouts out for him."],["A woman dressed in a black tank top and black tights is doing stomach crunches on a mat."," She is exercising on a hardwood floor in the gym."," She continues doing her stomach crunches."],["There's a dirt biking event going on which is sponsored by Monster energy drink."," There are several contestants participating in the event."," One of the contestants falls off his bike and seems like he's injured."," He gets up right away and walks to the corner."],["There's a man wearing a white graphic shirt, sitting with bongo drums drumming a beat on the drums."," He is wearing headphones as he drums a beat on the drums."," He continues playing the drums."," After a while he changes the beat after pausing for a little time.","Then continues playing another beat on the drums."," Then he stops for a little bit and rearranges the drums to play again."," Another person is drumming beats on an electrical drum set that has several drums."]],"rates":[1,1,1,1,1],"timestaken":[227.858,216.849,83.064,210.905,270.135],"pausetime":[2,3,1,4,2]}