{"names":["v_Mcutz37Bowg.mp4","v_MFeI2mRg6Ho.mp4","v_mFSdzT5gXQs.mp4","v_n--IF_1qqYA.mp4","v_N3WVKg7Q2io.mp4"],"durations":[72.052,192.935,221.751,10.264,102.865],"timestamps":[[[0,15.49],[15.49,33.5],[33.5,59.8],[59.08,72.05]],[[0,30.87],[30.87,77.17],[77.17,136.98],[136.98,192.94]],[[0,34.37],[34.37,83.16],[64.31,148.57],[148.57,221.75]],[[0,2.05],[2.05,3.8],[3.44,6.36],[6.26,10.26]],[[0,9.26],[9.26,68.41],[68.41,83.32],[83.83,102.87]]],"paragraph":["A man lays out a scarf and puts some accessories in the middle of it. He ties the end and folds it into double knots. He opens it again and puts something else into the middle of it. Then pulls it together and it closes, he made a little bag out of a scarf.","Some team is playing a game on the field, one of them scores. The audience goes crazy and then the teams are back to trying to score into the goal. The guy from the yellow team has the ball on the stick, he's running quickly with it and he scores. They put the trophy in the air and yell with excitement.","A computer generated game of a man, he starts spinning. He turns around quickly and lets go of the frisbee and the refs run up to mark where it lands. The man starts to do it again, he spins and throws again. The score shows up on the screen before he spins and throws again and then he cheers in excitment.","A man is mowing his lawn, he has chickens in his coop. The time is speed up so quickly so it looks like it is in double time. He walks around the yard looking around. The yard looks very green and very nicely kept.","Some boys are in the pools playing with volleyballs. There is a large swimming team swimming and throwing the ball around to their team mates, scoring. Then, there is a team on the filed playing flag football. They are running around trying to score for their team."],"descriptions":[["A man lays out a scarf and puts some accessories in the middle of it."," He ties the end and folds it into double knots."," He opens it again and puts something else into the middle of it."," Then pulls it together and it closes, he made a little bag out of a scarf."],["Some team is playing a game on the field, one of them scores."," The audience goes crazy and then the teams are back to trying to score into the goal."," The guy from the yellow team has the ball on the stick, he's running quickly with it and he scores."," They put the trophy in the air and yell with excitement."],["A computer generated game of a man, he starts spinning."," He turns around quickly and lets go of the frisbee and the refs run up to mark where it lands."," The man starts to do it again, he spins and throws again."," The score shows up on the screen before he spins and throws again and then he cheers in excitment."],["A man is mowing his lawn, he has chickens in his coop."," The time is speed up so quickly so it looks like it is in double time."," He walks around the yard looking around."," The yard looks very green and very nicely kept."],["Some boys are in the pools playing with volleyballs."," There is a large swimming team swimming and throwing the ball around to their team mates, scoring."," Then, there is a team on the filed playing flag football."," They are running around trying to score for their team."]],"rates":[1,1,1,1,1],"timestaken":[257.251,331.02,1367.57,417.437,192.742],"pausetime":[2,10,6,2,1]}