{"names":["v_ILeNuidJc00.mp4","v_iM8ZD2PwKDg.mp4","v_ItpDcSURusI.mp4","v_j1oB2NAlYsQ.mp4","v_jkmbAc9BWaE.mp4"],"durations":[76.905,127.524,54.428,202.293,205.776],"timestamps":[[[11.15,73.83],[23.84,73.83],[44.99,73.83],[53.45,73.83],[71.14,73.83]],[[15.94,122.42],[34.43,122.42],[60.57,122.42],[87.99,122.42],[112.86,122.42]],[[6.26,52.25],[24.49,52.25],[35.11,52.25],[47.62,52.25]],[[25.29,194.2],[55.63,194.2],[94.07,194.2],[137.56,194.2],[156.78,194.2],[183.08,194.2]],[[1.03,197.54],[8.23,197.54],[40.13,197.54],[84.37,197.54],[112.15,197.54],[148.16,197.54],[186.23,197.54]]],"paragraph":["There's an outdoor swimming pool with a very high diving board. There's a woman in a green swim suit who dives down into the pool. She is doing various diving moves such as backward, forward and pike. She also does the hand stand before diving swiftly into the pool. She repeats her steps and dives several times into the pool.","There is a group of ladies in a gym dressed in workout tops and tights. They are all participating in a structured aerobics class. They are coordinating their steps and synchronizing their moves as they step on and off of the platform. They are dancing as they exercise to music. After they're done, they stop and raise remove the platforms.","A professional diver named Pandelela Rinong is getting ready to dive in a competition. She goes forward on the diving board and does a backward dive into the pool from several feet. She twists her body as she dives down into the pool. After she's done, she smiles and walks out of the pool.","There is a diver wearing yellow swim trunks is diving from a diving board in an indoor swimming pool. He jumps off of the diving board several times as some other people are leisurely swimming in the pool. He does the backward and forward diving moves as another young man watches him dive right into the pool. Then another young man dives from the same diving board. They both do the forward diving move. Another diver goes up much higher and dives right into to pool.","There's a man in a red shirt and a checked shirt over it, standing in a park. He throws a rubber tire on the ground. He is standing near a park bench with a skateboard in his hand. He is demonstrating how to do stunts on the skateboard by jumping up on the park bench. He repeats the same stunt over and over again. He falls off the skateboard a couple times but is successful most of the time. Then he holds the skateboard in his hand as he talks while pointing to the bench."],"descriptions":[["There's an outdoor swimming pool with a very high diving board."," There's a woman in a green swim suit who dives down into the pool."," She is doing various diving moves such as backward, forward and pike."," She also does the hand stand before diving swiftly into the pool."," She repeats her steps and dives several times into the pool."],["There is a group of ladies in a gym dressed in workout tops and tights."," They are all participating in a structured aerobics class."," They are coordinating their steps and synchronizing their moves as they step on and off of the platform."," They are dancing as they exercise to music."," After they're done, they stop and raise remove the platforms."],["A professional diver named Pandelela Rinong is getting ready to dive in a competition."," She goes forward on the diving board and does a backward dive into the pool from several feet."," She twists her body as she dives down into the pool."," After she's done, she smiles and walks out of the pool."],["There is a diver wearing yellow swim trunks is diving from a diving board in an indoor swimming pool."," He jumps off of the diving board several times as some other people are leisurely swimming in the pool."," He does the backward and forward diving moves as another young man watches him dive right into the pool."," Then another young man dives from the same diving board."," They both do the forward diving move."," Another diver goes up much higher and dives right into to pool."],["There's a man in a red shirt and a checked shirt over it, standing in a park."," He throws a rubber tire on the ground."," He is standing near a park bench with a skateboard in his hand."," He is demonstrating how to do stunts on the skateboard by jumping up on the park bench."," He repeats the same stunt over and over again."," He falls off the skateboard a couple times but is successful most of the time."," Then he holds the skateboard in his hand as he talks while pointing to the bench."]],"rates":[1,1,1,1,1],"timestaken":[246.711,180.272,142.359,268.729,297.232],"pausetime":[2,1,4,1,1]}