{"names":["v_EcQ7DcVefdw.mp4","v_erXZ0pZEtGE.mp4","v_EsVxUf4Ae2c.mp4","v_f0hh9bwVfV0.mp4","v_F_EHrfbYsRE.mp4"],"durations":[151.58,61.069,85.171,170.598,226.883],"timestamps":[[[0,5.31],[5.31,37.9],[38.65,46.23],[46.99,93.22],[93.98,151.58]],[[0,6.41],[6.72,14.35],[14.35,47.63],[47.94,54.35],[54.35,61.07]],[[0,7.67],[7.67,31.94],[31.94,50.25],[50.25,61.32],[61.32,73.67],[73.67,85.17]],[[0,6.82],[6.82,34.97],[34.97,93.83],[93.83,103.21],[103.21,121.98],[121.98,139.89],[139.89,170.6]],[[0,6.81],[6.81,11.34],[11.34,226.88]]],"paragraph":["A middle eastern news caster is talking about a recent event in another language. The scene switches to show group of people at an event of some kind. The people at the event are shown polishing shoes. A man in a red shirt is being interviewed while it shows others at the event on the split screen. The scene switches back to just the event with the newscaster talking over the footage.","A woman in a parking lot is bouncing up and down with some kind of pogo stick attachments on her legs. The woman walks around the parking lot. The woman starts bouncing up and down while walking around. A man walks up and talks to the woman. The woman holds the man's hands for balance while bouncing.","A man is standing on ice with his pole standing straight up beside him. The man grabs his fishing pole and starts fishing in the hole in the ice. The man appears to have caught something and kneels down to pull his fishing line by hand. The man pulls a fish out of the water and poses with it. The man unhooks the hook from the fish's mouth. The man kisses the fish and releases it back into the hole.","Some text appears on screen asking a question about a topic in SCUBA diving safety. The scene changes to show a lot of SCUBA air tanks and some more text explaining more about the question. A man is SCUBA diving underwater while holding his air tank in his hands and the text continues to explain. The air tank is seen floating on it's own on the sea bed. Another man is SCUBA diving and he lets go of his tank to demonstrate the buoyancy. The scene switches back to the group of air tanks with more text explaining. Another scene is shown with 2 tanks and a bag next to some trees.","A graphic with some keywords forming the number '2' is shown. The scene switches to a black screen with some text about an upcoming marathon. A man is shown jogging through a city on some sidewalks, a bridge, some paths in a park, etc, with a counter on the side showing his progress in kilometers as he goes."],"descriptions":[["A middle eastern news caster is talking about a recent event in another language."," The scene switches to show group of people at an event of some kind."," The people at the event are shown polishing shoes."," A man in a red shirt is being interviewed while it shows others at the event on the split screen."," The scene switches back to just the event with the newscaster talking over the footage."],["A woman in a parking lot is bouncing up and down with some kind of pogo stick attachments on her legs."," The woman walks around the parking lot."," The woman starts bouncing up and down while walking around."," A man walks up and talks to the woman."," The woman holds the man's hands for balance while bouncing."],["A man is standing on ice with his pole standing straight up beside him."," The man grabs his fishing pole and starts fishing in the hole in the ice."," The man appears to have caught something and kneels down to pull his fishing line by hand."," The man pulls a fish out of the water and poses with it."," The man unhooks the hook from the fish's mouth."," The man kisses the fish and releases it back into the hole."],["Some text appears on screen asking a question about a topic in SCUBA diving safety."," The scene changes to show a lot of SCUBA air tanks and some more text explaining more about the question."," A man is SCUBA diving underwater while holding his air tank in his hands and the text continues to explain."," The air tank is seen floating on it's own on the sea bed."," Another man is SCUBA diving and he lets go of his tank to demonstrate the buoyancy."," The scene switches back to the group of air tanks with more text explaining."," Another scene is shown with 2 tanks and a bag next to some trees."],["A graphic with some keywords forming the number '2' is shown."," The scene switches to a black screen with some text about an upcoming marathon."," A man is shown jogging through a city on some sidewalks, a bridge, some paths in a park, etc, with a counter on the side showing his progress in kilometers as he goes."]],"rates":[1,1,1,1,2],"timestaken":[1431.683,357.481,343.277,612.528,408.885],"pausetime":[20,8,6,12,15]}