{"names":["v_wbrnTczxvVw.mp4","v_wDlbcTFI90o.mp4","v_WiJMIl5Tp3A.mp4","v_Wm1CL_g91G4.mp4","v_WwDGutCfElc.mp4"],"durations":[234.847,null,167.997,157.223,106.162],"timestamps":[[[23.48,225.45],[54.01,225.45],[83.37,225.45],[124.47,225.45],[157.35,225.45],[186.7,225.45],[214.89,225.45]],[[10.4,90.79],[42.09,90.79],[62.89,90.79],[83.7,90.79]],[[2.52,161.28],[24.36,161.28],[28.56,161.28],[31.08,161.28],[68.04,161.28],[110.04,161.28],[147,161.28]],[[7.08,150.93],[31.44,150.93],[77.04,150.93],[117.13,150.93],[141.5,150.93]],[[13.27,101.92],[49.37,101.92],[95.55,101.92]]],"paragraph":["There are two women dressed in black and blue tank tops demonstrating how to use the hula hoop. They both begin spinning with blue and silver hula hoops. They are in a spacious room with little furniture and hardwood floors. The woman in the blue tank top shows how to hula hoop in fast motion. Then both the women show how to twirl the hoop by raising it high up above their heads. They bend their backs to lower themselves down as the continue to hula hoop. They talk to each other as they share tips about ways to hula hoop.","The video is a tutorial about installing deck tiles. There's a contractor working on a deck. He begins installing the interlocking wooden tiles on a concrete deck surface. He covers the entire deck with the wooden tiles to evenly cover the surface area.","There are a few girls doing gymnastics in a gym. There's a young girl wearing an athletic tank top and shorts doing back flips in her backyard. She continues to back flips in a fast manner. She also does a back flip on the beach. Then she does some more back flips in her backyard and in a park. The girl then stretches her leg towards the back of her head to make her toes touch her head. Several pictures of the girl are shown where she has participated as a cheerleader and in many gymnastic events.","There's a lady in green sanding the counter giving out tickets to people who are purchasing them for snow tubing. Several people are out snow tubing down a snow caped slope. People are going downhill on their snow tubes wearing winter gear and goggles. Some of them are snow tubing in groups of threes. They are enjoying themselves coming down the slope rapidly.","The video shows a man in glasses and headphones, wearing a brown hat and shirt doing a tutorial on how to play a PVC flute. He takes the flute in his hands and begins playing by moving his fingers along the holes as he blows into the flute. He continues playing the flute till he finishes the tune."],"descriptions":[["There are two women dressed in black and blue tank tops demonstrating how to use the hula hoop."," They both begin spinning with blue and silver hula hoops."," They are in a spacious room with little furniture and hardwood floors."," The woman in the blue tank top shows how to hula hoop in fast motion."," Then both the women show how to twirl the hoop by raising it high up above their heads."," They bend their backs to lower themselves down as the continue to hula hoop."," They talk to each other as they share tips about ways to hula hoop."],["The video is a tutorial about installing deck tiles."," There's a contractor working on a deck."," He begins installing the interlocking wooden tiles on a concrete deck surface."," He covers the entire deck with the wooden tiles to evenly cover the surface area."],["There are a few girls doing gymnastics in a gym."," There's a young girl wearing an athletic tank top and shorts doing back flips in her backyard."," She continues to back flips in a fast manner."," She also does a back flip on the beach."," Then she does some more back flips in her backyard and in a park."," The girl then stretches her leg towards the back of her head to make her toes touch her head."," Several pictures of the girl are shown where she has participated as a cheerleader and in many gymnastic events."],["There's a lady in green sanding the counter giving out tickets to people who are purchasing them for snow tubing."," Several people are out snow tubing down a snow caped slope."," People are going downhill on their snow tubes wearing winter gear and goggles."," Some of them are snow tubing in groups of threes."," They are enjoying themselves coming down the slope rapidly."],["The video shows a man in glasses and headphones, wearing a brown hat and shirt doing a tutorial on how to play a PVC flute."," He takes the flute in his hands and begins playing by moving his fingers along the holes as he blows into the flute."," He continues playing the flute till he finishes the tune."]],"rates":[1,1,1,1,1],"timestaken":[296.302,391.139,1057.4389999999999,236.889,220.753],"pausetime":[1,1,7,1,2]}