{"names":["v_w--HmpjK-s8.mp4","v_w-st-23ZQSs.mp4","v_W2Wjbhsuacw.mp4","v_w6P9JrTGRlE.mp4","v_wBgU5jXb_V4.mp4"],"durations":[90.187,234.615,20.62,102.354,76.812],"timestamps":[[[0,20.29],[20.74,53.66],[53.21,68.99],[68.99,90.19]],[[0,34.02],[34.02,62.17],[62.17,129.04],[129.04,234.62]],[[0,1.65],[1.55,5.57],[5.67,11.24],[11.34,20.62]],[[0,18.94],[12.79,32.24],[31.73,65.51],[65.51,81.37],[81.88,102.35]],[[0,11.52],[11.14,21.51],[21.51,41.09],[41.86,76.81]]],"paragraph":["A man with dreads is talking and getting his instruments together to make some music. he is jamming out in the car very happily. There is a lot of traffic and and ambulence driving by too. He records all of the music on a laptop.","Stacy is clapping and getting pumped up and ready to perform. She gets her pole and starts running with it and jumps onto the cushion. Then, other women follow suit doing the same after her scoring differently. Next is the men's turn to take their turns one by one following the women.","Outside in a bucket there is some wood and someone come out and starts to blow something on it. He is blowing fire on to it with some kind of fire contraption that looks like a gardening tool. It is catching nicely and the woods is burning quick. The fire dies down a little but is still burning.","A dog is dressed in clothes and a human is behind him only showing his hands. As to look like the dog is part human and doing human like stuff. He is feeding himself breakfast and then wipes his face. After that he grabs a cup of coffee to drink. He struggles to grab another napkin to wipe his face again.","A woman is walking her horse out to a field to ride. The horses tail is braided back and she is wearing pink. The lady gets on the horse and ride it around hitting a ball around. The horses tail is no longer braided as they ride around in the sand."],"descriptions":[["A man with dreads is talking and getting his instruments together to make some music."," he is jamming out in the car very happily."," There is a lot of traffic and and ambulence driving by too."," He records all of the music on a laptop."],["Stacy is clapping and getting pumped up and ready to perform."," She gets her pole and starts running with it and jumps onto the cushion."," Then, other women follow suit doing the same after her scoring differently."," Next is the men's turn to take their turns one by one following the women."],["Outside in a bucket there is some wood and someone come out and starts to blow something on it."," He is blowing fire on to it with some kind of fire contraption that looks like a gardening tool."," It is catching nicely and the woods is burning quick."," The fire dies down a little but is still burning."],["A dog is dressed in clothes and a human is behind him only showing his hands."," As to look like the dog is part human and doing human like stuff."," He is feeding himself breakfast and then wipes his face."," After that he grabs a cup of coffee to drink."," He struggles to grab another napkin to wipe his face again."],["A woman is walking her horse out to a field to ride."," The horses tail is braided back and she is wearing pink."," The lady gets on the horse and ride it around hitting a ball around."," The horses tail is no longer braided as they ride around in the sand."]],"rates":[1,1,1,1,1],"timestaken":[190.223,233.619,441.851,204.466,181.362],"pausetime":[1,13,4,1,1]}