{"names":["v_uokQq9Xrjf8.mp4","v_UUjXw1xjprU.mp4","v_V3uCGRAWG2M.mp4","v_vF-XFROSmv4.mp4","v_VQPfRCsSmQk.mp4"],"durations":[26.053,191.101,104.212,117.192,82.338],"timestamps":[[[4.95,24.75],[12.11,24.75],[21.62,24.75]],[[27.71,181.55],[52.55,181.55],[86,181.55],[111.79,181.55],[127.08,181.55],[143.33,181.55],[151.93,181.55],[162.44,181.55],[175.81,181.55]],[[13.55,99],[30.22,99],[46.37,99],[67.22,99],[77.12,99],[93.79,99]],[[10.55,111.33],[32.23,111.33],[67.39,111.33],[83.79,111.33],[107.23,111.33]],[[8.23,78.22],[43.64,78.22],[55.99,78.22],[67.93,78.22],[74.93,78.22]]],"paragraph":["There's a fitness trainer representing The FitCast fitness in a gym demonstrating how to do a tall kneeling palloff press. He is kneeling down on the floor in a black shirt and gray sweat pants. He is pulling the handles of the palloff press with both hands towards his chest while keeping his back and shoulders up straight.","There are several people gathered in a skating park with skateboards. There a young man wearing a red hat talking about a skateboarding event at Red Bull skate Arcade. Several spectators are gathered in the arcade along with a panel of judges. Some of the participants are beating the heat by splashing water on themselves. The participants begin their stunts on the skateboards as they go over ramps and steep slopes. Several participants are showing off their stunts as spectators cheer and clap for them. They show off their scary yet impressive stunts as the climb up walls and steep ramps without falling. The crowds cheer for them and applaud them. The winners are awarded certificates and prizes for winning.","A representative of the GCN Network is talking and demonstrating how to use tools to fix bike wheels. He is standing near an elevated blue bike with several tools displayed on a wall behind him. He is using an Allen key to lever the bike tire. He rotates the bike tire and then uses the Allen key to adjust the screws. Then he resets the pistons of the wheel to realign them. Then he precisely fits in the attachment into the wheel.","There's a man wearing a white colored vest and blue hard hat rowing in a yellow row boat with double sided oar. He is demonstrating the correct way to row the boat while staying afloat. He is in a water body that has some strong waves. He is showing how to do the strokes with the oars to go against the water current. He goes in circles as he demonstrates how to row against powerful waves.","There's a woman in a red sweater and white shirt and blue pants sitting in her living room on a brown leather sofa. She is holding a spray can of furniture polish in her hand. She also has a paper towel in her other hand which she uses to wipe the table. She sprays the wooden table surface with the spray and then wipes it with the white paper towel. She explains how to use the spray and wipe the furniture."],"descriptions":[["There's a fitness trainer representing The FitCast fitness in a gym demonstrating how to do a tall kneeling palloff press."," He is kneeling down on the floor in a black shirt and gray sweat pants."," He is pulling the handles of the palloff press with both hands towards his chest while keeping his back and shoulders up straight."],["There are several people gathered in a skating park with skateboards."," There a young man wearing a red hat talking about a skateboarding event at Red Bull skate Arcade."," Several spectators are gathered in the arcade along with a panel of judges."," Some of the participants are beating the heat by splashing water on themselves."," The participants begin their stunts on the skateboards as they go over ramps and steep slopes."," Several participants are showing off their stunts as spectators cheer and clap for them."," They show off their scary yet impressive stunts as the climb up walls and steep ramps without falling."," The crowds cheer for them and applaud them."," The winners are awarded certificates and prizes for winning."],["A representative of the GCN Network is talking and demonstrating how to use tools to fix bike wheels."," He is standing near an elevated blue bike with several tools displayed on a wall behind him."," He is using an Allen key to lever the bike tire."," He rotates the bike tire and then uses the Allen key to adjust the screws."," Then he resets the pistons of the wheel to realign them."," Then he precisely fits in the attachment into the wheel."],["There's a man wearing a white colored vest and blue hard hat rowing in a yellow row boat with double sided oar."," He is demonstrating the correct way to row the boat while staying afloat."," He is in a water body that has some strong waves."," He is showing how to do the strokes with the oars to go against the water current."," He goes in circles as he demonstrates how to row against powerful waves."],["There's a woman in a red sweater and white shirt and blue pants sitting in her living room on a brown leather sofa."," She is holding a spray can of furniture polish in her hand."," She also has a paper towel in her other hand which she uses to wipe the table."," She sprays the wooden table surface with the spray and then wipes it with the white paper towel."," She explains how to use the spray and wipe the furniture."]],"rates":[1,1,1,1,1],"timestaken":[201.47,577.673,225.363,416.561,355.087],"pausetime":[6,6,2,1,2]}