{"names":["v_Po3-9ktM5Do.mp4","v_pON-g7IJKEY.mp4","v_QeIsJBPG8EM.mp4","v_QrsOyEw4_7k.mp4","v_QvP8tPp8Wog.mp4"],"durations":[148.678,26.378,12.539,164.514,64.807],"timestamps":[[[15.61,141.24],[47.58,141.24],[75.83,141.24],[124.15,141.24],[133.81,141.24]],[[3.3,25.06],[9.89,25.06],[13.85,25.06],[19.12,25.06],[23.61,25.06]],[[2.01,11.91],[6.77,11.91],[10.34,11.91]],[[25.5,156.29],[34.55,156.29],[46.89,156.29],[59.23,156.29],[71.56,156.29],[131.61,156.29]],[[35.64,61.57],[45.36,61.57],[58,61.57]]],"paragraph":["A woman wearing a black top and with curly brown hair and bronze highlights is demonstrating how to use a diffuser to dry hair. She is using the blow dryer on medium heat to dry her hair. She blow dries the curls till the moisture from the hair is gone. After she's done using the blow dryer, she uses a wide tooth comb to comb through her curls. She then poofs up her hair and shows off her luscious curls.","There are many kids ranging from toddlers to teenagers enjoying themselves at a backyard birthday party. There is a Disney princess piñata hanging from a tree. The kids are enjoying hitting the piñata with a blue stick. they kids take turns to hit the piñata. A little girl dressed in a purple skirt tries to tear the piñata by hitting it hard with the stick.","There's a young boy dressed in a black shirt and black shorts in a field playing with a hockey stick. He is hitting the ball into the goal with his stick. He swings the stick when another person throws the ball to him and aims it towards the goal.","There's a girl with light eyes and dark brown hair talking about a colored eye lenses. She is doing a tutorial on how to wear colored lenses in your eyes. She opens a small glass bottle that contains the colored lenses. She removes the lens out and places it on her finger. Then she gently wears the lens in her right eye first and then in her left eye. She shows the yellow colored lens that she has worn.","There's a young man in a red shirt playing an acoustic guitar. He strums the guitar using his pick and moves his fingers along the chords. After he is done playing, he looks up and smiles."],"descriptions":[["A woman wearing a black top and with curly brown hair and bronze highlights is demonstrating how to use a diffuser to dry hair."," She is using the blow dryer on medium heat to dry her hair."," She blow dries the curls till the moisture from the hair is gone."," After she's done using the blow dryer, she uses a wide tooth comb to comb through her curls."," She then poofs up her hair and shows off her luscious curls."],["There are many kids ranging from toddlers to teenagers enjoying themselves at a backyard birthday party."," There is a Disney princess piñata hanging from a tree."," The kids are enjoying hitting the piñata with a blue stick."," they kids take turns to hit the piñata."," A little girl dressed in a purple skirt tries to tear the piñata by hitting it hard with the stick."],["There's a young boy dressed in a black shirt and black shorts in a field playing with a hockey stick."," He is hitting the ball into the goal with his stick."," He swings the stick when another person throws the ball to him and aims it towards the goal."],["There's a girl with light eyes and dark brown hair talking about a colored eye lenses."," She is doing a tutorial on how to wear colored lenses in your eyes."," She opens a small glass bottle that contains the colored lenses."," She removes the lens out and places it on her finger."," Then she gently wears the lens in her right eye first and then in her left eye."," She shows the yellow colored lens that she has worn."],["There's a young man in a red shirt playing an acoustic guitar."," He strums the guitar using his pick and moves his fingers along the chords."," After he is done playing, he looks up and smiles."]],"rates":[1,1,1,1,1],"timestaken":[281.215,299.58,196.129,261.948,94.093],"pausetime":[1,4,3,1,1]}