{"names":["v_63Zt34YuyRk.mp4","v_6GIWY4-491k.mp4","v_6hsOVkC7hxA.mp4","v_6lIi6-Y6q10.mp4","v_6PaTEwG8Ym4.mp4"],"durations":[null,203.268,6.432,138.74,20.806],"timestamps":[[[10.15,162.39],[115.03,162.39],[153.93,162.39]],[[22.36,195.14],[52.85,195.14],[93.5,195.14],[119.93,195.14],[138.22,195.14],[153.47,195.14],[171.76,195.14],[185.99,195.14]],[[1.25,6.17],[3.51,6.17],[5.72,6.17]],[[17.34,133.19],[47.17,133.19],[86.02,133.19],[122.09,133.19]],[[1.98,19.97],[7.28,19.97],[13,19.97],[18.41,19.97]]],"paragraph":["There's a NBC news reporter wearing a red sweater and white shirt talking about dog grooming by Scissor Wizard a grooming company. The representative from the company is talking about the services they offer and how those dogs participate in dog shows. A groomer is seen using shears to creatively trim the dog's hair and even dye it in colorful shades of red, green, yellow and blue.","A man dressed in winter gear is sitting out in winter on a frozen lake. He is sitting there with fishing equipment fishing on the frozen lake. He uses a bait to fish and catches a mid size gray fish. He shows the two fish that he has caught. Then he puts his fishing net in a hole in the lake and continues fishing. He catches another dark gray fish and tosses it in his box. He continues fishing and catches more fish in that same hole. He collects the fish in a white bucket.","There's a shirtless man wearing denim jeans out in a forest. He is chopping wood from a cut tree bark with a hammer. He he hitting the chopped log of wood with all his force.","There's a man dressed in a formal attire with shirt and tie demonstrating how to make a cocktail called Pimms. He puts some ice cubes in a talll glass and then adds some Pimms in it. He slices some lemons and puts the lemons along with a cherry on a toothpick. Then he puts a slice of cucumber that is cut lengthwise into the cocktail.","A man is seated on a chair in a hair salon. He is getting a haircut from a hairdresser who is wearing a blue dress. The man is sitting with a camera in his hand. The hairdresser finishes cutting his hair and then steps back."],"descriptions":[["There's a NBC news reporter wearing a red sweater and white shirt talking about dog grooming by Scissor Wizard a grooming company."," The representative from the company is talking about the services they offer and how those dogs participate in dog shows."," A groomer is seen using shears to creatively trim the dog's hair and even dye it in colorful shades of red, green, yellow and blue."],["A man dressed in winter gear is sitting out in winter on a frozen lake."," He is sitting there with fishing equipment fishing on the frozen lake."," He uses a bait to fish and catches a mid size gray fish."," He shows the two fish that he has caught."," Then he puts his fishing net in a hole in the lake and continues fishing."," He catches another dark gray fish and tosses it in his box."," He continues fishing and catches more fish in that same hole."," He collects the fish in a white bucket."],["There's a shirtless man wearing denim jeans out in a forest."," He is chopping wood from a cut tree bark with a hammer."," He he hitting the chopped log of wood with all his force."],["There's a man dressed in a formal attire with shirt and tie demonstrating how to make a cocktail called Pimms."," He puts some ice cubes in a talll glass and then adds some Pimms in it."," He slices some lemons and puts the lemons along with a cherry on a toothpick."," Then he puts a slice of cucumber that is cut lengthwise into the cocktail."],["A man is seated on a chair in a hair salon."," He is getting a haircut from a hairdresser who is wearing a blue dress."," The man is sitting with a camera in his hand."," The hairdresser finishes cutting his hair and then steps back."]],"rates":[1,1,1,1,1],"timestaken":[292.002,1810.5030000000002,86.676,241.867,135.744],"pausetime":[1,4,2,1,1]}