{"names":["v_4M4MXPP9oRY.mp4","v_548xC74c6MQ.mp4","v_5BAvlsHfTLk.mp4","v_5deGCvJOGg0.mp4","v_62h9hnNTKWM.mp4"],"durations":[181.302,14.374,151.766,198.926,135.559],"timestamps":[[[22.66,175.86],[51.67,175.86],[88.84,175.86],[134.16,175.86],[147.76,175.86],[166.8,175.86]],[[2.37,13.94],[12.43,13.94]],[[12.14,147.21],[30.35,147.21],[60.71,147.21],[75.12,147.21],[100.92,147.21],[121.41,147.21],[141.9,147.21]],[[29.84,192.96],[49.73,192.96],[52.72,192.96],[57.69,192.96],[144.22,192.96],[157.15,192.96],[168.09,192.96],[184.01,192.96]],[[9.49,131.49],[27.79,131.49],[56.26,131.49],[91.5,131.49],[109.12,131.49],[124.71,131.49]]],"paragraph":["There are several people gathered to watch a competitive game of water polo on a sunny day. There are two teams in an outdoor swimming pool playing against each other. The spectators are watching and cheering for the players. the players are playing with a yellow colored ball. After one of the team scores a point, the fellow teammates cheer for them. The winning team scores more points and receives applause from the crowd.","A colorful hexagonal shaped kite is flying high in the air. The clear blue skies and the bright sun shinning make the kite look very colorful and radiant.","Santa Cruz Nomad Bike company is demonstrating how to install a bike. The company representative is putting together the bike parts piece by piece. He starts with the main body and then goes to attach the wheels, the handle and the pedals. Then he goes ahead and attaches the rubber tires. After that he fixes the handles of the bike with black rubber tops. He finally reinforces all the parts and ensures the bike is ready for use. when he's done, he gets on the bike and rides it.","A man dressed in white curling gear is participating in the sport. He goes on the curling rink with his stick and rock. He is playing the sport while in another location there are two musicians performing. They are both singing as one musician is playing a guitar and the other is drumming a tambourine. The man continues to play curling on the ice rink as he pushes the rock with his curling stick. He is shown pictured with another young man. He is posing for pictures with different people while holding a broomstick in his hand. He is back in the curling rink, singing and twirling the curling stick in his hands.","Alexandra Raisman from Massachusetts is seen wearing purple leotards, getting ready to do gymnastics on the horse bar. She jumps right onto the horse bar and does some front and back flips. Then she does some back hand springs on the horse bar. she swiftly jumps on the horse bar while maintaining complete control over body and balance. She does a final back flip and a front flip and then, gets off the horse bar. The spectators cheer for her as she walks away."],"descriptions":[["There are several people gathered to watch a competitive game of water polo on a sunny day."," There are two teams in an outdoor swimming pool playing against each other."," The spectators are watching and cheering for the players."," the players are playing with a yellow colored ball."," After one of the team scores a point, the fellow teammates cheer for them."," The winning team scores more points and receives applause from the crowd."],["A colorful hexagonal shaped kite is flying high in the air."," The clear blue skies and the bright sun shinning make the kite look very colorful and radiant."],["Santa Cruz Nomad Bike company is demonstrating how to install a bike."," The company representative is putting together the bike parts piece by piece."," He starts with the main body and then goes to attach the wheels, the handle and the pedals."," Then he goes ahead and attaches the rubber tires."," After that he fixes the handles of the bike with black rubber tops."," He finally reinforces all the parts and ensures the bike is ready for use."," when he's done, he gets on the bike and rides it."],["A man dressed in white curling gear is participating in the sport."," He goes on the curling rink with his stick and rock."," He is playing the sport while in another location there are two musicians performing."," They are both singing as one musician is playing a guitar and the other is drumming a tambourine."," The man continues to play curling on the ice rink as he pushes the rock with his curling stick."," He is shown pictured with another young man."," He is posing for pictures with different people while holding a broomstick in his hand."," He is back in the curling rink, singing and twirling the curling stick in his hands."],["Alexandra Raisman from Massachusetts is seen wearing purple leotards, getting ready to do gymnastics on the horse bar."," She jumps right onto the horse bar and does some front and back flips."," Then she does some back hand springs on the horse bar."," she swiftly jumps on the horse bar while maintaining complete control over body and balance."," She does a final back flip and a front flip and then, gets off the horse bar."," The spectators cheer for her as she walks away."]],"rates":[1,1,1,1,1],"timestaken":[236.393,74.544,232.138,542.113,320.114],"pausetime":[1,1,1,5,6]}