{"names":["v_-ApIBtH_pVc.mp4","v_-ucwgrxTBEg.mp4","v_0kykNR9FUWU.mp4","v_1ILXipBgbTs.mp4","v_1Z3mjpu1I2A.mp4"],"durations":[114.312,193.028,97.664,60.349,152.602],"timestamps":[[[20,107.45],[57.16,107.45],[78.3,107.45],[100.59,107.45]],[[2.9,181.45],[27.02,181.45],[67.56,181.45],[84.93,181.45],[140.91,181.45],[169.86,181.45]],[[9.77,91.8],[22.95,91.8],[42,91.8],[83.99,91.8]],[[6.03,56.73],[30.48,56.73],[50.09,56.73]],[[12.97,143.45],[40.44,143.45],[91.56,143.45],[134.29,143.45]]],"paragraph":["There's a woman with a hand tattoo and red painted nails attaching and screwing a parts in the trunk of a car to attach the spare tire. Then she places the spare tire into the metal case. She takes the plastic dial and screws it in securely to fit the spare tire in the trunk. She places the cover over the tire inside the trunk.","Two people are demonstrating Tai Chi. There is a garden with colorful flowers shown outside the Tai Chi school building. The instructors wearing blue robes are showing the basic moves used in Tai Chi. They are swaying their hands above their heads from left to right. Then the instructor demonstrates arm strength by tapping his right arm over his extended left arm. Both the instructors stand facing each other as they demonstrate slow and gradual hand movements.","A girl gymnast in red sparkly leotard is doing gymnastics on a horse bar. She swiftly jumps and does handsprings and back flips on the horse bar. There is a panel of judges watching her in the stadium in Nanning, China. She continues to gracefully walk on the horse bar as she jumps and does a back flip right onto the ground and then walks away.","There are several people dressed in safety vests and helmets sailing in a speed boat to go tubing in water. They travel through the lake and arrive at a spot where they get off the boat and jump into the water with their tubes. They get onto the yellow tubes and float along the water.","There's a little girl washing dishes and spoons in the kitchen sink. She uses a blue dish scrub and plenty of dish soap and washes the glass and spoons while keeping the tap running. She has her hands covered with soap foam as she washes the spoons and knives under the tap. She then washes a pizza cutter and spoon thoroughly with the soap and water."],"descriptions":[["There's a woman with a hand tattoo and red painted nails attaching and screwing a parts in the trunk of a car to attach the spare tire."," Then she places the spare tire into the metal case."," She takes the plastic dial and screws it in securely to fit the spare tire in the trunk."," She places the cover over the tire inside the trunk."],["Two people are demonstrating Tai Chi."," There is a garden with colorful flowers shown outside the Tai Chi school building."," The instructors wearing blue robes are showing the basic moves used in Tai Chi."," They are swaying their hands above their heads from left to right."," Then the instructor demonstrates arm strength by tapping his right arm over his extended left arm."," Both the instructors stand facing each other as they demonstrate slow and gradual hand movements."],["A girl gymnast in red sparkly leotard is doing gymnastics on a horse bar."," She swiftly jumps and does handsprings and back flips on the horse bar."," There is a panel of judges watching her in the stadium in Nanning, China."," She continues to gracefully walk on the horse bar as she jumps and does a back flip right onto the ground and then walks away."],["There are several people dressed in safety vests and helmets sailing in a speed boat to go tubing in water."," They travel through the lake and arrive at a spot where they get off the boat and jump into the water with their tubes."," They get onto the yellow tubes and float along the water."],["There's a little girl washing dishes and spoons in the kitchen sink."," She uses a blue dish scrub and plenty of dish soap and washes the glass and spoons while keeping the tap running."," She has her hands covered with soap foam as she washes the spoons and knives under the tap."," She then washes a pizza cutter and spoon thoroughly with the soap and water."]],"rates":[1,1,1,1,1],"timestaken":[1065.916,234.159,174.775,173.602,361.48],"pausetime":[5,1,1,2,2]}