{"names":["v_yduDG8EcM0A.mp4","v_yJgC3-t_ciw.mp4","v_YS3Q47uz3HI.mp4","v_YUFPWt0VQ1Y.mp4","v_zahB34blHyk.mp4"],"durations":[67.942,61.255,159.777,88.91,40.171],"timestamps":[[[7.81,63.53],[23.44,63.53],[54.35,63.53],[60.81,63.53]],[[9.19,57.27],[22.66,57.27],[34.92,57.27],[43.8,57.27],[53.9,57.27]],[[13.58,149.39],[28.76,149.39],[47.93,149.39],[61.51,149.39],[79.89,149.39],[94.27,149.39],[106.25,149.39],[119.03,149.39],[131.02,149.39],[142.2,149.39]],[[14.67,83.13],[30.23,83.13],[57.79,83.13],[77.8,83.13]],[[10.85,37.56],[21.89,37.56],[35.95,37.56]]],"paragraph":["There's a little boy wearing a red Elmo shirt standing on a step stool in the kitchen with his grandmother. They are juicing a lemon on an electric juicer that is placed on the kitchen counter near the sink. the boy seems excited to help his grandmother juice the lemon. He puts his hand over her hand while she is juicing the lemon.","There are two men playing Foos ball with two young boys in a living room. There is a large decorated Christmas tree behind them. There is a woman sitting in the living room with a little girl. The boys play Foos ball with the men. They laugh and enjoy themselves as they continue to play.","There's a lady doing a tutorial on how to make a cotton soft Ogura cake. She begins by mixing the ingredients in a large bowl placed on her kitchen counter. She adds some eggs to the flour along with vanilla essence. Then she uses a hand mixer to blend the ingredients together. She then whips up some cream and sugar to make frosting. She adds the frosting to the cake batter and mixes it well. Then she pours the mixture in a baking bowl. She places the bowl in a cookie sheet and places it on the oven rack. She bakes the cake and pulls it out when it's done. She also shows some other baked goodies that she has prepared.","There is a group of marching band students playing the trumpets. They are dressed in maroon and yellow colored uniforms and white hats. There are some students playing the drums and some students playing the trumpet. They continue playing the band as they march along the streets.","There is a man wearing a blue hazmat suit spray painting a tall fence. He is using a spray paint hose to paint the wooden fence. He moves the hose back and forth to ensure he covers the entire surface area of the fence."],"descriptions":[["There's a little boy wearing a red Elmo shirt standing on a step stool in the kitchen with his grandmother."," They are juicing a lemon on an electric juicer that is placed on the kitchen counter near the sink."," the boy seems excited to help his grandmother juice the lemon."," He puts his hand over her hand while she is juicing the lemon."],["There are two men playing Foos ball with two young boys in a living room."," There is a large decorated Christmas tree behind them."," There is a woman sitting in the living room with a little girl."," The boys play Foos ball with the men."," They laugh and enjoy themselves as they continue to play."],["There's a lady doing a tutorial on how to make a cotton soft Ogura cake."," She begins by mixing the ingredients in a large bowl placed on her kitchen counter."," She adds some eggs to the flour along with vanilla essence."," Then she uses a hand mixer to blend the ingredients together."," She then whips up some cream and sugar to make frosting."," She adds the frosting to the cake batter and mixes it well."," Then she pours the mixture in a baking bowl."," She places the bowl in a cookie sheet and places it on the oven rack."," She bakes the cake and pulls it out when it's done."," She also shows some other baked goodies that she has prepared."],["There is a group of marching band students playing the trumpets."," They are dressed in maroon and yellow colored uniforms and white hats."," There are some students playing the drums and some students playing the trumpet."," They continue playing the band as they march along the streets."],["There is a man wearing a blue hazmat suit spray painting a tall fence."," He is using a spray paint hose to paint the wooden fence."," He moves the hose back and forth to ensure he covers the entire surface area of the fence."]],"rates":[1,1,1,1,1],"timestaken":[223.886,225.433,391.575,264.438,160.729],"pausetime":[4,1,6,1,2]}