{"names":["v_xSiT1pgUEm8.mp4","v_xUKQWr2aLTU.mp4","v_y-7ZKlq2UFw.mp4","v_Y6UKk3t8Hj8.mp4","v_yBjsQN4fzVY.mp4"],"durations":[233.756,194.328,147.656,37.895,164.793],"timestamps":[[[15.19,222.07],[63.11,222.07],[115.71,222.07],[156.62,222.07],[176.49,222.07],[210.38,222.07]],[[16.52,184.61],[25.26,184.61],[70.93,184.61],[112.71,184.61],[137,184.61],[170.04,184.61]],[[18.46,140.27],[45.04,140.27],[78.26,140.27],[102.62,140.27],[128.46,140.27]],[[7.77,36],[17.05,36],[27.28,36]],[[15.66,156.55],[31.31,156.55],[41.2,156.55],[56.85,156.55],[72.51,156.55],[99.7,156.55],[102.17,156.55],[133.48,156.55],[153.26,156.55]]],"paragraph":["There are six to eight people sailing down a turbulent water stream in a raft. They are all dressed in red gears and yellow helmets. They use the oars to sail themselves down the rapids. They are trying hard to stay afloat in the turbulent water as the boat gets bumpy sailing through the rapids. As they sail through they come across another group of rafters in the same rapids. They continue their journey through the rough water of the rapids.","The video is about Bristol BMX Club holding a biking event. There's a man drawing a white starting line on the ground for the race. The bikers get ready to begin their race. They start the race and go through ramps and bumps. The bikers are from various age groups ranging from teenagers to adults. The races continue as the bikers make their way through the obstacle course of going over ramps and bumps.","There's a guitarist in a green shirt demonstrating how to play an acoustic guitar. Various types of guitars made from a variety of wood are shown. The guitarist is strumming the guitar with his pick as he plays his music. There are images of the guitar store and the kinds of guitars sold scrolling through the bottom of the screen. The guitarist continues playing his guitar.","The Livestrong website is showing a video on boxing. A woman boxer, Jolie Glassman is demonstrating how to properly punch and box the punching bag. She is in a gym demonstrating kicking and punching techniques.","There's a woman in a pink dress sitting with a man in a gray shirt. They are talking about brushing teeth in underwear and how it is banned by Metacafe. The man has a script in his hand that he's reading. A man in folded pants is walking on the beach. He picks up a toothbrush from the sand and begins brushing his teeth. The woman in the bathroom is brushing her teeth and is attacked by a man with a knife. There is blood splattered all over the bathroom. The injured woman gets up and looks in the mirror only find out that she has the face of the man from the beach. The same man is now back on the beach, walking along the shore."],"descriptions":[["There are six to eight people sailing down a turbulent water stream in a raft."," They are all dressed in red gears and yellow helmets."," They use the oars to sail themselves down the rapids."," They are trying hard to stay afloat in the turbulent water as the boat gets bumpy sailing through the rapids."," As they sail through they come across another group of rafters in the same rapids."," They continue their journey through the rough water of the rapids."],["The video is about Bristol BMX Club holding a biking event."," There's a man drawing a white starting line on the ground for the race."," The bikers get ready to begin their race."," They start the race and go through ramps and bumps."," The bikers are from various age groups ranging from teenagers to adults."," The races continue as the bikers make their way through the obstacle course of going over ramps and bumps."],["There's a guitarist in a green shirt demonstrating how to play an acoustic guitar."," Various types of guitars made from a variety of wood are shown."," The guitarist is strumming the guitar with his pick as he plays his music."," There are images of the guitar store and the kinds of guitars sold scrolling through the bottom of the screen."," The guitarist continues playing his guitar."],["The Livestrong website is showing a video on boxing."," A woman boxer, Jolie Glassman is demonstrating how to properly punch and box the punching bag."," She is in a gym demonstrating kicking and punching techniques."],["There's a woman in a pink dress sitting with a man in a gray shirt."," They are talking about brushing teeth in underwear and how it is banned by Metacafe."," The man has a script in his hand that he's reading."," A man in folded pants is walking on the beach."," He picks up a toothbrush from the sand and begins brushing his teeth."," The woman in the bathroom is brushing her teeth and is attacked by a man with a knife."," There is blood splattered all over the bathroom."," The injured woman gets up and looks in the mirror only find out that she has the face of the man from the beach."," The same man is now back on the beach, walking along the shore."]],"rates":[1,1,1,1,1],"timestaken":[2430.102,608.118,455.605,193.01,344.68],"pausetime":[3,3,4,4,5]}