{"names":["v_gXKGS1N3zuM.mp4","v_GZiG-aSzIJI.mp4","v_h2HRRkwHoKw.mp4","v_h7cetqsBVn0.mp4","v_HddRC-twMLc.mp4"],"durations":[151.279,137.091,111.48,232.386,14.118],"timestamps":[[[12.1,113.46],[40.09,113.46],[67.32,141.45],[97.57,141.45],[114.22,141.45],[132.37,141.45]],[[18.51,128.18],[38.39,128.18],[56.21,128.18],[78.83,128.18],[86.37,128.18],[99.39,128.18],[106.93,128.18],[122.7,128.18]],[[3.9,104.23],[18.39,104.23],[34.56,104.23],[72.46,104.23],[85.84,104.23],[98.1,104.23]],[[40.67,217.28],[72.04,217.28],[102.25,217.28],[139.43,217.28],[164.99,217.28],[182.42,217.28],[211.47,217.28]],[[5.93,13.2],[12,13.2]]],"paragraph":["A belly dancer dressed in red and black is demonstrating how to hip circles and shimmy. She is standing with her feet hip width apart. Then she shows how to do the foot work as she moves her hips in circles. She simultaneously moves her hips and as she moves sideways. Then she extends her hands and up on one side as she continues to move along sideways. She repeats the steps going back and forth as she twirls her hips.","There are two white cars that arrive in secluded area where there are warehouses. Four men get off the car and walk towards a man wearing a mask to cover his face. There are some people hiding behind trucks with guns in their hands. One of the men comes out and opens fire. He shoots his gun in the air. That provokes the other people and a huge gun fight breaks out. The men randomly begin shooting at each other. During that time, one of the men get shot in the head and he collapses and falls down.","There is a busy restaurant by the lakeside where nearly all the tables are occupied by guests dining there. The server fills in ice in the glasses and barista makes coffee. The customers are busy eating their food that is served. The bartender is mixing drinks to make various cocktails. The barista is making latte and cappuccino. A lady customer is seen enjoying her drinks.","There is a line of camels sitting on the ground in the Outback area of Australia. there are tourists waiting to get onto the camels to enjoy a camel back ride. Men in red shirts and cowboy hats are helping the tourists get on the camels' backs. The camels slowly raise themselves up and begin walking around with the tourists on their backs. The tourists are happy as they wave to the camera as they enjoy the camel ride. The camels walk slowly through the dry and muddy grasslands. Then the tourists get off of the camels and walk towards an outdoor dinning area where several tables are arranged with white tablecloths and dinnerware.","There's man dressed in a blue shirt and blue shorts shooting darts in a room that has beige walls. He has two darts in his hands which he aims and shoots at a target."],"descriptions":[["A belly dancer dressed in red and black is demonstrating how to hip circles and shimmy."," She is standing with her feet hip width apart."," Then she shows how to do the foot work as she moves her hips in circles."," She simultaneously moves her hips and as she moves sideways."," Then she extends her hands and up on one side as she continues to move along sideways."," She repeats the steps going back and forth as she twirls her hips."],["There are two white cars that arrive in secluded area where there are warehouses."," Four men get off the car and walk towards a man wearing a mask to cover his face."," There are some people hiding behind trucks with guns in their hands."," One of the men comes out and opens fire."," He shoots his gun in the air."," That provokes the other people and a huge gun fight breaks out."," The men randomly begin shooting at each other."," During that time, one of the men get shot in the head and he collapses and falls down."],["There is a busy restaurant by the lakeside where nearly all the tables are occupied by guests dining there."," The server fills in ice in the glasses and barista makes coffee."," The customers are busy eating their food that is served."," The bartender is mixing drinks to make various cocktails."," The barista is making latte and cappuccino."," A lady customer is seen enjoying her drinks."],["There is a line of camels sitting on the ground in the Outback area of Australia."," there are tourists waiting to get onto the camels to enjoy a camel back ride."," Men in red shirts and cowboy hats are helping the tourists get on the camels' backs."," The camels slowly raise themselves up and begin walking around with the tourists on their backs."," The tourists are happy as they wave to the camera as they enjoy the camel ride."," The camels walk slowly through the dry and muddy grasslands."," Then the tourists get off of the camels and walk towards an outdoor dinning area where several tables are arranged with white tablecloths and dinnerware."],["There's man dressed in a blue shirt and blue shorts shooting darts in a room that has beige walls."," He has two darts in his hands which he aims and shoots at a target."]],"rates":[1,1,1,1,1],"timestaken":[215.296,857.265,267.928,341.114,104.357],"pausetime":[2,4,2,1,2]}