{"names":["v_drfE5oASHaU.mp4","v_DU36SNYN-rw.mp4","v_dWBnXy2nauU.mp4","v_E-6XZrDYRuM.mp4","v_e0Qj2F3V6fM.mp4"],"durations":[201.364,110.388,30.303,207.912,214.623],"timestamps":[[[0,10.07],[11.08,21.14],[22.15,96.65],[96.65,104.71]],[[0,12.14],[12.69,27.6],[27.6,64.03],[64.03,70.1],[70.1,110.39]],[[0,3.79],[3.94,12.27],[12.42,20.61],[20.76,30.3]],[[0,6.24],[6.24,36.38],[36.38,50.94],[50.94,171.53],[175.69,180.88],[181.92,207.91]],[[0,23.61],[23.61,60.09],[62.24,151.31],[152.38,189.94],[191.01,214.62]]],"paragraph":["The host enters a gun store and dances around. Afterward the into plays for the show. He then goes on to talk for a while in the store and plays around with a gun on a few cuts. Afterward a outro for the segment plays with credits.","The tile screen plays with a picture of a long field. A man walks up with a disk and a dog hold onto it as he passes a few people. The man starts playing with the dog by throwing the think and having him bring it back. He then claps for the dog. The credits roll at the end.","The tile screen shows up with some names. A man starts throwing a shot-put several different times as names scroll at the bottom. A group can be seen behind watch him. A man is behind the last one thrown.","The title shows as a man ride a horse through an arena. There is then a showcase of horses jumping over obstacles. One of the pictures rotates around in a circle and the next video squeezes in on itself. It continues to show horse jumping over obstacles with video effects. A man walks side my side with with partner. The credits role with some praise.","The video stats explaining how to make Omelette muffins. She shows the ingredients and tell what to set the oven to. She mixes everything together and stirs it up with seasoning. She then puts it into the tray and into the oven to bake. Afterward she takes it out and shows the finished product."],"descriptions":[["The host enters a gun store and dances around."," Afterward the into plays for the show."," He then goes on to talk for a while in the store and plays around with a gun on a few cuts."," Afterward a outro for the segment plays with credits."],["The tile screen plays with a picture of a long field."," A man walks up with a disk and a dog hold onto it as he passes a few people."," The man starts playing with the dog by throwing the think and having him bring it back."," He then claps for the dog."," The credits roll at the end."],["The tile screen shows up with some names."," A man starts throwing a shot-put several different times as names scroll at the bottom."," A group can be seen behind watch him."," A man is behind the last one thrown."],["The title shows as a man ride a horse through an arena."," There is then a showcase of horses jumping over obstacles."," One of the pictures rotates around in a circle and the next video squeezes in on itself."," It continues to show horse jumping over obstacles with video effects."," A man walks side my side with with partner."," The credits role with some praise."],["The video stats explaining how to make Omelette muffins."," She shows the ingredients and tell what to set the oven to."," She mixes everything together and stirs it up with seasoning."," She then puts it into the tray and into the oven to bake."," Afterward she takes it out and shows the finished product."]],"rates":[1,1,1,1,1],"timestaken":[383.335,191.928,369.848,359.253,268.566],"pausetime":[26,8,10,12,22]}