{"names":["v_FxGXQIH3-RQ.mp4","v_G7kqlq8WhRo.mp4","v_gjfa7WGhM6U.mp4","v_Gms3Yt6RrV4.mp4","v_GU_8hjy79VQ.mp4"],"durations":[159.799727,171.107845,115.797913,149.025668,24.171972],"timestamps":[[[0,159.8],[0,26.37],[26.37,40.75],[40.75,47.14],[47.94,150.21],[151.81,159.8]],[[4.28,5.99],[10.27,16.26],[17.11,24.81],[24.81,33.37],[33.37,39.35],[40.21,47.05],[47.91,52.19],[53.04,66.73],[67.59,73.58],[74.43,80.42],[81.28,87.27],[88.12,94.96],[94.96,99.24],[100.1,106.94],[107.8,113.79],[114.64,119.78],[120.63,157.42],[153.14,157.42],[161.7,165.97]],[[0,85.11],[85.11,93.22],[93.8,115.8]],[[0,14.16],[14.9,21.61],[22.35,29.06],[29.81,35.02],[35.02,105.06],[105.81,111.02],[35.02,122.95],[120.71,136.36],[137.85,149.03]],[[2.3,3.26],[2.3,24.17],[3.26,9.79],[9.91,13.05],[12.57,14.38],[14.5,15.83],[16.2,21.75],[16.2,21.63],[22.24,24.17]]],"paragraph":["People walk around cars and tents and sit in chairs in the background doing different things. A man and a dog are in the middle of a field preparing to play frisbee. The man throws a frisbee and the dog runs, catches it and brings it back. The dog is very excited preparing for his next trick. The man kneels down and throws frisbees for the dog as he rolls, flips and walks around. A second man joins the first man on the field and they both raise an arm and then turn to walk away together.","A large group of people is seen standing around several men holding a rope preparing to play tug of war. Another group of men is seen with pulling the rope while a crowd standing around cheers them on. A third group of men are seen playing tug of war with a crowd around them. A forth group of men is shown also playing tug of war in a crowd. A fifth group of men is shown playing tug of war in a crowd of people and dogs. A different group of men plays tug of war with a crowd watching. A seventh group of men is playing tug of war in a crowd. A different group of men is playing tug if war and appear to be winning while being cheered on by the crowd. Yet, another group of men is playing tug of war while a crowd watches on. Another group of men is shown playing tug if war up close while a crowd watches. Another group of men plays while people sit and stand in the background. A different group of men is seen playing while people sit and stand around them. A different group of men is shown up close while people sit and stand in the background. A group of men is shown up close playing tug of war with people around them. Another group of men is seen playing while people stand on the sidewalk watching. A group of men in all black plays tug of war while people stand around them. A different group of men plays tug of war among a large crowd cheering for them. Some of the men fall down as they win the game. Another group is seen up close with a crowd of people and a young girl screaming.","A young man is sitting in a chair with his head down shaving his leg with an electric razor. The man stops and cleans out the razor. The man shakes the razor when it stops working until it starts again and continues to shave his leg.","A man is seen talking with a camera very close to his face. Another man with a helmet on is standing near by. A third man is seen in a car next to the man talking. The man wearing the helmet starts down the street on a skateboard. The man goes down a few very steep hills on his skateboard. The man rides past a stop sign. The man with the camera and the man in the car follow filming the man on the skateboard. After the stop sign, the car passes the man on the skateboard. The car stops and the man on the skateboard stops just past them and picks up his skateboard.","A man is seen with a large pole. A large crowd is in the stands in the background. The man with the pole runs and throws it and then hits the ground. The pole flies through the air and lands just past the number 85 on a field. Several man run out to the pole. Men are seen in the stands clapping. The man that threw the pole is seen putting a jacket on. Many people walk around and sit on the field. The man is seen throwing the pole again."],"descriptions":[["People walk around cars and tents and sit in chairs in the background doing different things."," A man and a dog are in the middle of a field preparing to play frisbee."," The man throws a frisbee and the dog runs, catches it and brings it back."," The dog is very excited preparing for his next trick."," The man kneels down and throws frisbees for the dog as he rolls, flips and walks around."," A second man joins the first man on the field and they both raise an arm and then turn to walk away together."],["A large group of people is seen standing around several men holding a rope preparing to play tug of war."," Another group of men is seen with pulling the rope while a crowd standing around cheers them on."," A third group of men are seen playing tug of war with a crowd around them."," A forth group of men is shown also playing tug of war in a crowd."," A fifth group of men is shown playing tug of war in a crowd of people and dogs."," A different group of men plays tug of war with a crowd watching."," A seventh group of men is playing tug of war in a crowd."," A different group of men is playing tug if war and appear to be winning while being cheered on by the crowd."," Yet, another group of men is playing tug of war while a crowd watches on."," Another group of men is shown playing tug if war up close while a crowd watches."," Another group of men plays while people sit and stand in the background."," A different group of men is seen playing while people sit and stand around them."," A different group of men is shown up close while people sit and stand in the background."," A group of men is shown up close playing tug of war with people around them."," Another group of men is seen playing while people stand on the sidewalk watching."," A group of men in all black plays tug of war while people stand around them."," A different group of men plays tug of war among a large crowd cheering for them."," Some of the men fall down as they win the game."," Another group is seen up close with a crowd of people and a young girl screaming."],["A young man is sitting in a chair with his head down shaving his leg with an electric razor."," The man stops and cleans out the razor."," The man shakes the razor when it stops working until it starts again and continues to shave his leg."],["A man is seen talking with a camera very close to his face."," Another man with a helmet on is standing near by."," A third man is seen in a car next to the man talking."," The man wearing the helmet starts down the street on a skateboard."," The man goes down a few very steep hills on his skateboard."," The man rides past a stop sign."," The man with the camera and the man in the car follow filming the man on the skateboard."," After the stop sign, the car passes the man on the skateboard."," The car stops and the man on the skateboard stops just past them and picks up his skateboard."],["A man is seen with a large pole."," A large crowd is in the stands in the background."," The man with the pole runs and throws it and then hits the ground."," The pole flies through the air and lands just past the number 85 on a field."," Several man run out to the pole."," Men are seen in the stands clapping."," The man that threw the pole is seen putting a jacket on."," Many people walk around and sit on the field."," The man is seen throwing the pole again."]],"rates":[2,1,1,2,1],"timestaken":[453.105,1326.023,300.38,379.914,360.958],"pausetime":[10,20,7,8,9]}