{"names":["v_do_AQlxV9SI.mp4","v_drarkco9LfQ.mp4","v_duGxOdcqg3I.mp4","v_Dutm5TiFBqQ.mp4","v_dVLIfsEMD8Y.mp4"],"durations":[73.701,71.564,198.16,184.181,17.137],"timestamps":[[[0,12.53],[12.16,25.43],[25.06,43.48],[43.85,73.33]],[[1.43,9.66],[9.66,32.2],[32.2,50.81],[50.45,71.56]],[[0,29.72],[28.73,65.39],[65.39,178.34],[178.34,198.16]],[[0,11.05],[11.05,47.89],[46.97,98.54],[98.54,184.18]],[[0,1.89],[1.89,9.25],[9.17,12.34],[12.25,17.14]]],"paragraph":["A large man is doing behind the neck shoulder presses. He is holding his breath doing them and then he stands up and starts to walk. He gets back on the bench and does a few more pf the shoulder presses again. Then, he goes outside and practices spinning and throwing.","A man is about to do an arm wrestling match with an older gentlemen. The older man is struggling from the faces that he is making. The camera's are getting all in their faces basically. The older man wins the match and the referees and everyone start to talk.","Stone cold steve austin in the ring sweating profusely. He looks over at the other wrestler breathing and sweating, they just look at each other for a while. They open beers and bump the together, then they start throwing beers to the audience. Then, austin rolls out of the ring and starts walking to the back.","A very muscular shirtless man is about to arm wrestle with a man in an orange hoodie. Another man in a yellow hoodie comes over. They begin the match, the man in the orange hoodie looks to be struggling. The shirtless man wins and then wrestles the man in the yellow, he wins and they all stand around talking.","A man is throwing darts on to a dart board. He throws one and makes it to the center of the board. He throws again and also makes it to the center. Every single shot makes it right in the center of the board."],"descriptions":[["A large man is doing behind the neck shoulder presses."," He is holding his breath doing them and then he stands up and starts to walk."," He gets back on the bench and does a few more pf the shoulder presses again."," Then, he goes outside and practices spinning and throwing."],["A man is about to do an arm wrestling match with an older gentlemen."," The older man is struggling from the faces that he is making."," The camera's are getting all in their faces basically."," The older man wins the match and the referees and everyone start to talk."],["Stone cold steve austin in the ring sweating profusely."," He looks over at the other wrestler breathing and sweating, they just look at each other for a while."," They open beers and bump the together, then they start throwing beers to the audience."," Then, austin rolls out of the ring and starts walking to the back."],["A very muscular shirtless man is about to arm wrestle with a man in an orange hoodie."," Another man in a yellow hoodie comes over."," They begin the match, the man in the orange hoodie looks to be struggling."," The shirtless man wins and then wrestles the man in the yellow, he wins and they all stand around talking."],["A man is throwing darts on to a dart board."," He throws one and makes it to the center of the board."," He throws again and also makes it to the center."," Every single shot makes it right in the center of the board."]],"rates":[1,1,1,1,1],"timestaken":[192.512,209.295,292.615,274.457,170.426],"pausetime":[2,2,9,10,1]}