{"names":["v_cJcr6kWylI8.mp4","v_CkC1wxAaDjM.mp4","v_ct3uprBbPHw.mp4","v_d4prmED8v-w.mp4","v_D99jYbtGO38.mp4"],"durations":[145.496235,121.881541,158.61551,105.418594,8.800362],"timestamps":[[[0,29.83],[39.28,94.57],[110.58,134.58]],[[2.44,62.77],[90.8,96.29]],[[3.17,21.41],[38.86,68.2],[88.03,141.96]],[[0,6.33],[16.87,41.11],[42.69,94.35]],[[0,3.43],[4.66,7.61]]],"paragraph":["A barefoot man is touching up a piece of wood furniture with a brush. He then moves the piece around to show the scuffs and buffs them out with a brush. The man shows the cleaned edges with his fingers.","An archery tournament begins and the montage shows the players hiding behind shields and firing back and forth. The parents of the children are shown watching the battle.","A man stands in front of the camera, then starts combing his hair forward. He then focuses on the sides and back of his hair, again combing down. He brings the brush all around his hair, adding his left hand to swipe along.","A pole vaulter runs up and launches himself over the bar. The vaulter introduces his challenge to the camera, which is to make it over ten times in a row in 20 minutes. He launches himself over 10 times successfully and easily gets under the 20 minute limit.","A man throws a ball to his son, who catches it with a lacrosse stick. The boy flings it back and it sails to the right of the man."],"descriptions":[["A barefoot man is touching up a piece of wood furniture with a brush."," He then moves the piece around to show the scuffs and buffs them out with a brush."," The man shows the cleaned edges with his fingers."],["An archery tournament begins and the montage shows the players hiding behind shields and firing back and forth."," The parents of the children are shown watching the battle."],["A man stands in front of the camera, then starts combing his hair forward."," He then focuses on the sides and back of his hair, again combing down."," He brings the brush all around his hair, adding his left hand to swipe along."],["A pole vaulter runs up and launches himself over the bar."," The vaulter introduces his challenge to the camera, which is to make it over ten times in a row in 20 minutes."," He launches himself over 10 times successfully and easily gets under the 20 minute limit."],["A man throws a ball to his son, who catches it with a lacrosse stick."," The boy flings it back and it sails to the right of the man."]],"rates":[1,1,1,1,1],"timestaken":[232.088,70.08,107.359,101.182,107.726],"pausetime":[1,9,6,7,2]}