{"names":["v_pPn5f_ked3s.mp4","v_PSUGaj7_5LI.mp4","v_Pu85El6jhao.mp4","v_PV6OCwbp6nQ.mp4","v_qCnHgcP3tM8.mp4"],"durations":[9.823,181.859,119.885,119.746,138.345],"timestamps":[[[0,1.62],[1.57,4.27],[4.22,6.04],[6.43,9.82]],[[0,18.19],[18.19,63.65],[63.65,112.75],[112.75,181.86]],[[0,14.99],[14.99,41.36],[41.36,94.11],[94.71,119.89]],[[0,25.75],[25.75,69.45],[69.45,91.61],[91.61,119.75]],[[0,11.76],[11.07,24.21],[24.21,80.93],[80.93,138.35]]],"paragraph":["A woman clapping in the sidelines, cheering someone on. Coaches standing on the other side of the fence watching to rate. The runner runs down the turf super fast. He jumps at the end and lands smoothly into the sand, while one of the coaches pulls a string over.","At the bowling alley, there are a lot of people. The little boy rolls for his turn and he strikes. He waits for his ball to come back and gets prepared to take his next turn, it's another strike. He takes another turn and makes another strike, everyone is congratulating and hugging him.","A man in a red wet suit is sitting on a float talking casually. Next to hime are many other people on their own floats, just relaxing. They are floating through the river passing all the green scenery. The man in the red wet suit is leading the way.","A woman is speaking to her class about jump roping. She puts the rope under her feet and starts demonstrating a little bit. She begins to jump rope going very quickly. She stops and continue to talk more before starting to jump again.","Cars are driving down the highway fairly quickly. They stop, a man gets out and helps two women get out. They go into a bar and throw a ball into a girls drink starting a beer pong war. He wakes up in his dorm and then click on his ipad to start a beer pong championship."],"descriptions":[["A woman clapping in the sidelines, cheering someone on."," Coaches standing on the other side of the fence watching to rate."," The runner runs down the turf super fast."," He jumps at the end and lands smoothly into the sand, while one of the coaches pulls a string over."],["At the bowling alley, there are a lot of people."," The little boy rolls for his turn and he strikes."," He waits for his ball to come back and gets prepared to take his next turn, it's another strike."," He takes another turn and makes another strike, everyone is congratulating and hugging him."],["A man in a red wet suit is sitting on a float talking casually."," Next to hime are many other people on their own floats, just relaxing."," They are floating through the river passing all the green scenery."," The man in the red wet suit is leading the way."],["A woman is speaking to her class about jump roping."," She puts the rope under her feet and starts demonstrating a little bit."," She begins to jump rope going very quickly."," She stops and continue to talk more before starting to jump again."],["Cars are driving down the highway fairly quickly."," They stop, a man gets out and helps two women get out."," They go into a bar and throw a ball into a girls drink starting a beer pong war."," He wakes up in his dorm and then click on his ipad to start a beer pong championship."]],"rates":[1,1,1,1,1],"timestaken":[254.183,272.779,252.722,188.301,303.423],"pausetime":[2,7,1,1,6]}