{"names":["v_OxPzQ4yqfwg.mp4","v_OzRxQDkrhTg.mp4","v_PBxI7l0AqAY.mp4","v_pcFn1KBwn6Y.mp4","v_pLcrLi5oAvU.mp4"],"durations":[51.711,65.434,153.995,163.585,174.289],"timestamps":[[[0,2.33],[2.33,12.41],[12.41,35.68],[35.68,51.71]],[[0,10.47],[10.14,29.77],[29.45,48.42],[48.42,65.43]],[[0,26.95],[26.18,70.07],[70.84,119.35],[119.35,154]],[[0,18.81],[17.99,58.89],[58.89,109.6],[109.6,163.59]],[[0,37.47],[37.47,74.94],[74.07,122],[122.87,174.29]]],"paragraph":["An older woman sitting at the table reading her paper work. Her husband comes up behind her and reads through it with her. Roofers are on the roof fixing some issues, putting in some new shingles. A woman on the phone with the company walks up and hands the phone to her husband.","Two teams are on the field playa game trying to score. One of the players on the blue team falls down on the field. Another blue player gets the ball from out of bounds, puts it on the line and hits back into the game. Te coaches start jumping with joy as well as the players.","A man is speaking about how things works while a woman works on a horse. As he speaks he washes his hands with some hand sanitizer. Then he gets soap and starts to wash his hands very throughly. He grabs a napkin and dries his hands off still continuing to speak.","A man in a light blue shirt breaks the pool balls to start the game. He walks around the table looking for a good spot to hit. Then he moves around the table again and makes it in again.He finally hits the black ball in and ends the game.","A hair dresser is cutting a mans hair, starting at the top. Then, he starts at the back cut and combing back there. After that he uses some clippers to clip some of the harder areas. Finally using the comb to style it a bit and give it finishing touches."],"descriptions":[["An older woman sitting at the table reading her paper work."," Her husband comes up behind her and reads through it with her."," Roofers are on the roof fixing some issues, putting in some new shingles."," A woman on the phone with the company walks up and hands the phone to her husband."],["Two teams are on the field playa game trying to score."," One of the players on the blue team falls down on the field."," Another blue player gets the ball from out of bounds, puts it on the line and hits back into the game."," Te coaches start jumping with joy as well as the players."],["A man is speaking about how things works while a woman works on a horse."," As he speaks he washes his hands with some hand sanitizer."," Then he gets soap and starts to wash his hands very throughly."," He grabs a napkin and dries his hands off still continuing to speak."],["A man in a light blue shirt breaks the pool balls to start the game."," He walks around the table looking for a good spot to hit."," Then he moves around the table again and makes it in again.","He finally hits the black ball in and ends the game."],["A hair dresser is cutting a mans hair, starting at the top."," Then, he starts at the back cut and combing back there."," After that he uses some clippers to clip some of the harder areas."," Finally using the comb to style it a bit and give it finishing touches."]],"rates":[1,1,1,1,1],"timestaken":[224.384,253.703,235.335,391.341,278.039],"pausetime":[5,8,1,10,2]}