{"names":["v_NkJA_0tErGY.mp4","v_Nn4sVR3__DQ.mp4","v_NTZ_mWvnHVY.mp4","v_NyL7m4JV8vQ.mp4","v_oKdzcTnENks.mp4"],"durations":[194.723,39.126,162.587,98.476,32.16],"timestamps":[[[0,28.23],[28.23,73.99],[73.99,136.31],[136.31,194.72]],[[0,5.28],[5.28,12.32],[12.32,26.41],[26.41,39.13]],[[0,13.82],[13.01,73.16],[73.16,129.26],[130.88,162.59]],[[0,13.29],[13.79,34.96],[37.91,78.78],[78.29,98.48]],[[0,7.56],[7.4,11.26],[11.26,17.21],[17.04,22.19],[22.03,32.16]]],"paragraph":["A man is speaking, he had a china cabinet behind him filled with glass product. He begins to start to show step by step instructions on how to make a sauce . Then in another frying pan he adds some meat and cheese while his bread is toasting. He then adds all the ingredients on the bread and cuts it in halves and begins to eat.","A mom is sitting at the top of a slide with her little baby. She is contemplating going down for a while. She finally slides down it with baby. When they reach the bottom she lets him go and he starts to walk around.","Two people are standing by the water one of the grabs some board. He puts it in the water and rides it, it goes pretty fast. He turns it a few times and passes by someone else on another one. He gets off and walks to a field with it above his head.","A man in red runs jumps and flips over an obstacle. It is done over and over in slow motion. He then does it again for one last time. Then finally, they begin a race on a field a man wearing black crosses the finish line first.","A little boy is playing hop scotch on the pavement. There is a truck behind him. He doesn't really play it right. He jumps on all of the numbers. He kind of runs through the game."],"descriptions":[["A man is speaking, he had a china cabinet behind him filled with glass product."," He begins to start to show step by step instructions on how to make a sauce ."," Then in another frying pan he adds some meat and cheese while his bread is toasting."," He then adds all the ingredients on the bread and cuts it in halves and begins to eat."],["A mom is sitting at the top of a slide with her little baby."," She is contemplating going down for a while."," She finally slides down it with baby."," When they reach the bottom she lets him go and he starts to walk around."],["Two people are standing by the water one of the grabs some board."," He puts it in the water and rides it, it goes pretty fast."," He turns it a few times and passes by someone else on another one."," He gets off and walks to a field with it above his head."],["A man in red runs jumps and flips over an obstacle."," It is done over and over in slow motion."," He then does it again for one last time."," Then finally, they begin a race on a field a man wearing black crosses the finish line first."],["A little boy is playing hop scotch on the pavement."," There is a truck behind him."," He doesn't really play it right."," He jumps on all of the numbers."," He kind of runs through the game."]],"rates":[1,1,1,1,1],"timestaken":[506.167,152.431,263.753,234.108,199.066],"pausetime":[1,1,1,3,2]}