{"names":["v_MFvdMVCzfB0.mp4","v_MQ7k1wig4jk.mp4","v_MuOkEmd4Gp0.mp4","v_Mv2L6HxB2dk.mp4","v_nE0_PaRBXeA.mp4"],"durations":[null,16.162,223.376,33.251,36.224],"timestamps":[[[18.11,178.24],[63.86,178.24],[106.76,178.24],[142.98,178.24],[169.67,178.24]],[[6.38,15.11],[13.74,15.11]],[[23.45,208.86],[62.55,208.86],[101.64,208.86],[125.09,208.86],[144.08,208.86],[163.06,208.86],[179.82,208.86],[198.8,208.86]],[[4.99,31.09],[17.12,31.09],[27.27,31.09]],[[6.7,33.87],[17.57,33.87],[29.52,33.87]]],"paragraph":["A girl wearing a red shirt and white shorts is standing in her bathroom at the sink with a toothbrush in her hand. She takes some toothpaste and puts it on her brush and begins brushing. She starts to dance as she brushes her teeth and wiggles her body too. She continues brushing and dances faster and laughs. Then she realizes that her mouth is full of toothpaste foam and that it is coming out, she spits it out in the sink.","There are several men playing Foos ball in an indoor room that has wooden panels. They are all engrossed in the game as they hit the ball back and forth.","There are four people participating the BMX dirt biking competition. They are doing incredible stunts on their bikes by jumping up high over ditches and steep terrain. One of the bikers takes a fall after he leaps over a hilly road. Several other bikers go in full speed over hilly terrain and steep hills. People are gathered to watch and participate in the BMX event. The bikers continue doing their stunts as they go over hilly terrain and hilltops. The winners of the race are awarded trophies and certificates. They proudly raise their trophies high up to show their accomplishment.","There are several people skating on the main road in the downtown area of a city at night. The street is lit up with street lights and stores along the sidewalk. The people skate through the road where there are no cars driving.","There's a man in a blue shirt using the lat pull machine in a gym. There are a few other people running on the treadmill behind the man. He starts off by pulling the handles of the machine and then goes back and forth to exercise."],"descriptions":[["A girl wearing a red shirt and white shorts is standing in her bathroom at the sink with a toothbrush in her hand."," She takes some toothpaste and puts it on her brush and begins brushing."," She starts to dance as she brushes her teeth and wiggles her body too."," She continues brushing and dances faster and laughs."," Then she realizes that her mouth is full of toothpaste foam and that it is coming out, she spits it out in the sink."],["There are several men playing Foos ball in an indoor room that has wooden panels."," They are all engrossed in the game as they hit the ball back and forth."],["There are four people participating the BMX dirt biking competition."," They are doing incredible stunts on their bikes by jumping up high over ditches and steep terrain."," One of the bikers takes a fall after he leaps over a hilly road."," Several other bikers go in full speed over hilly terrain and steep hills."," People are gathered to watch and participate in the BMX event."," The bikers continue doing their stunts as they go over hilly terrain and hilltops."," The winners of the race are awarded trophies and certificates."," They proudly raise their trophies high up to show their accomplishment."],["There are several people skating on the main road in the downtown area of a city at night."," The street is lit up with street lights and stores along the sidewalk."," The people skate through the road where there are no cars driving."],["There's a man in a blue shirt using the lat pull machine in a gym."," There are a few other people running on the treadmill behind the man."," He starts off by pulling the handles of the machine and then goes back and forth to exercise."]],"rates":[1,1,1,1,1],"timestaken":[636.3729999999999,2331.959,321.16,230.482,147.745],"pausetime":[4,6,1,1,3]}