{"names":["v_L9MTwigRhmk.mp4","v_lgXtDr9pNAk.mp4","v_LOINRpWGrlw.mp4","v_LpTVTiu8oro.mp4","v_lSX_yj2ohls.mp4"],"durations":[174.568,63.995,146.472,89.165,237.541],"timestamps":[[[0,39.28],[38.4,75.06],[74.19,101.25],[101.25,174.57]],[[0,25.28],[24.96,42.88],[42.56,56.32],[56,64]],[[0,21.97],[21.24,46.14],[46.14,85.69],[85.69,146.47]],[[0,12.48],[12.48,29.87],[28.98,74.45],[74.01,89.17]],[[0,51.07],[51.07,133.02],[134.21,174.59],[174.59,237.54]]],"paragraph":["BMX biker going down a track practicing in his lane by himself. Then there is another biker too, they're probably racing, They're going super fast down the track turning and hitting high bumps that make them go high up in the air. The track opens again and they start another race. Two bikers are dancing around before getting back on their bikes to get back on the track for another little race.","A man up on the roof putting up some metal pieces through the shingles. He's putting little metal pieces on the metal to keep them held. He talks about it a little bit jokingly. Then he tried to adjust it a little more.","Someone is at the bowling alley on a lane with a red ball. He throws the ball, his foot goes up and the ball rolls to hit the pins. Multiple people take their turns doing the same stance and everything more or less. You never see the balls hit the pins just everyone throwing the ball.","A shirtless man with a machete walks out into the front yard. He starts hitting the grass repeatedly over and over cutting the grass. Instead of using a lawnmower he is cutting the grass with a machete. He stands right up and walks up to a patch and then starts to use the machete towards it also.","Two dudes are talking silly into the camera with things wrapped around their heads. Then you see everyone playing beer pong having a great time outside joking and dancing. A group starts taking selfies and everyone is dressed really funny. One of the dudes flick off the camera and everyone continues to play bee pong and be wild enjoying their time."],"descriptions":[["BMX biker going down a track practicing in his lane by himself."," Then there is another biker too, they're probably racing, They're going super fast down the track turning and hitting high bumps that make them go high up in the air."," The track opens again and they start another race."," Two bikers are dancing around before getting back on their bikes to get back on the track for another little race."],["A man up on the roof putting up some metal pieces through the shingles."," He's putting little metal pieces on the metal to keep them held."," He talks about it a little bit jokingly."," Then he tried to adjust it a little more."],["Someone is at the bowling alley on a lane with a red ball."," He throws the ball, his foot goes up and the ball rolls to hit the pins."," Multiple people take their turns doing the same stance and everything more or less."," You never see the balls hit the pins just everyone throwing the ball."],["A shirtless man with a machete walks out into the front yard."," He starts hitting the grass repeatedly over and over cutting the grass."," Instead of using a lawnmower he is cutting the grass with a machete."," He stands right up and walks up to a patch and then starts to use the machete towards it also."],["Two dudes are talking silly into the camera with things wrapped around their heads."," Then you see everyone playing beer pong having a great time outside joking and dancing."," A group starts taking selfies and everyone is dressed really funny."," One of the dudes flick off the camera and everyone continues to play bee pong and be wild enjoying their time."]],"rates":[1,1,1,1,1],"timestaken":[1624.969,314.647,278.594,187.864,304.804],"pausetime":[4,2,3,1,7]}