{"names":["v_k5lyc7zsox8.mp4","v_kBDTz-dwQ2k.mp4","v_KsKUIIHiMg0.mp4","v_kUTDgJmoRE8.mp4","v_L5nqeFWufrE.mp4"],"durations":[128.569,82.501,164.909,77.764,52.385],"timestamps":[[[26.36,120.21],[68.78,120.21],[111.86,120.21]],[[11.55,77.14],[34.65,77.14],[54.04,77.14],[70.95,77.14]],[[22.26,154.19],[59.37,154.19],[91.52,154.19],[125.33,154.19],[147.59,154.19]],[[11.28,72.71],[37.72,72.71],[66.1,72.71]],[[3.93,48.98],[9.95,48.98],[18.86,48.98],[28.81,48.98],[29.86,48.98],[41.91,48.98]]],"paragraph":["The Scottish Archery Association has gathered in their range with several people ready to participate in an event. the participants take turns to use their bow and arrow to aim art the target board placed several feet away from them. The archers aim their arrows and shoot at the target to aim for the bulls eye.","There is a woman in a white blouse along with a man in a white shirt in a studio practicing ballroom dancing. They are in a room with a wall full of mirrors. The lady is explaining the steps of the dance as they both demonstrate the moves and foot work involved in the dance. They go back and forth as they take their steps while holding each other's hands.","There are two women in a bathroom washing clothes in blue buckets filled with foamy soap water. The women soak the clothes in the soap water and rinse them out to clean them. Then she put the clothes in a large metal drum that spins rapidly to drain off excess water. They then go on top of their building in an open terrace where ropes are tied across the walls. They begin hanging the clothes on the clothesline for drying.","There's a young main in a white tank top and beige shorts practicing dancing with a woman wearing a gray shirt and blue shorts. They are practicing dancing in their living room with a flat screen television hanging on the wall. They are holding hands as they twirl around and dance.","There's a diver participating in an event in a large stadium in lots of spectators. He is jumping off the dash board and diving into the deep swimming pool. While diving he accidentally bumps his head on the diving board and injures himself. He expresses pain as he gets off the pool and his coach comes to help him. The second time when the diver dives, he manages to successfully make it into the swimming pool without injuries. Another historic diving event is shown where the diver accidentally hurts his head on the diving board while diving into the pool."],"descriptions":[["The Scottish Archery Association has gathered in their range with several people ready to participate in an event."," the participants take turns to use their bow and arrow to aim art the target board placed several feet away from them."," The archers aim their arrows and shoot at the target to aim for the bulls eye."],["There is a woman in a white blouse along with a man in a white shirt in a studio practicing ballroom dancing."," They are in a room with a wall full of mirrors."," The lady is explaining the steps of the dance as they both demonstrate the moves and foot work involved in the dance."," They go back and forth as they take their steps while holding each other's hands."],["There are two women in a bathroom washing clothes in blue buckets filled with foamy soap water."," The women soak the clothes in the soap water and rinse them out to clean them."," Then she put the clothes in a large metal drum that spins rapidly to drain off excess water."," They then go on top of their building in an open terrace where ropes are tied across the walls."," They begin hanging the clothes on the clothesline for drying."],["There's a young main in a white tank top and beige shorts practicing dancing with a woman wearing a gray shirt and blue shorts."," They are practicing dancing in their living room with a flat screen television hanging on the wall."," They are holding hands as they twirl around and dance."],["There's a diver participating in an event in a large stadium in lots of spectators."," He is jumping off the dash board and diving into the deep swimming pool."," While diving he accidentally bumps his head on the diving board and injures himself."," He expresses pain as he gets off the pool and his coach comes to help him."," The second time when the diver dives, he manages to successfully make it into the swimming pool without injuries."," Another historic diving event is shown where the diver accidentally hurts his head on the diving board while diving into the pool."]],"rates":[1,1,1,1,1],"timestaken":[157.648,229.736,213.997,125.448,587.658],"pausetime":[1,2,1,1,11]}