{"names":["v_JksdZ0YMkoQ.mp4","v_Jv7AjsdOk2I.mp4","v_jVp2BsFOIVA.mp4","v_Jz2xJx1ICCM.mp4","v_k4WHaby5jd8.mp4"],"durations":[127.223,190.404,115.311,29.188,133.051],"timestamps":[[[0,40.71],[40.71,71.88],[71.24,91.6],[90.96,126.59]],[[0,34.27],[34.27,72.35],[72.35,124.71],[124.71,183.74]],[[0,31.71],[31.13,64.57],[64,93.4],[93.98,115.31]],[[0,9.34],[9.34,15.62],[15.62,21.89],[21.89,29.19]],[[0,13.97],[13.97,33.26],[33.26,62.53],[62.53,133.05]]],"paragraph":["A man in red in outside screwing in his rotors and putting his tire back on his truck. He grabs pieces to tighten it and begins to make sure they are on super tight. He does it repeatedly to make sure they all stay on well. Otherwise it would be dangerous to drive on if they are loose.","A man is skateboarding, he jumps up on higher levels. He kicks to build up some speed and does some cool tricks . He gets off and then jumps back on the board and does more tricks all around. He jumps up on a rail and then gets back down and sits on the board and waves.","Three kids swinging on the play set in the back yard. One of the boys climb and slides down the slide. More kids join and and they go down the slide together and move around the set very quickly. They start to swing on their tummies and just overall having a great time playing.","Some kids in class are about to start arm wrestling, they get their arms in place to start. The other kid on the side feels on one of the wrestlers muscles. He's writing things down keeping score and what not. The female arm wrestler wins bringing down the other guys arm.","A man is in the garbage and he brings out a suitcase and takes a bike out of it. He begins to unravel the bike and start putting it all together.He screws in some pieces and put the hand bars on using a a pocket knife. He inflates the tires with air and finishes putting the rest together, and then he rides off."],"descriptions":[["A man in red in outside screwing in his rotors and putting his tire back on his truck."," He grabs pieces to tighten it and begins to make sure they are on super tight."," He does it repeatedly to make sure they all stay on well."," Otherwise it would be dangerous to drive on if they are loose."],["A man is skateboarding, he jumps up on higher levels."," He kicks to build up some speed and does some cool tricks ."," He gets off and then jumps back on the board and does more tricks all around."," He jumps up on a rail and then gets back down and sits on the board and waves."],["Three kids swinging on the play set in the back yard."," One of the boys climb and slides down the slide."," More kids join and and they go down the slide together and move around the set very quickly."," They start to swing on their tummies and just overall having a great time playing."],["Some kids in class are about to start arm wrestling, they get their arms in place to start."," The other kid on the side feels on one of the wrestlers muscles."," He's writing things down keeping score and what not."," The female arm wrestler wins bringing down the other guys arm."],["A man is in the garbage and he brings out a suitcase and takes a bike out of it."," He begins to unravel the bike and start putting it all together.","He screws in some pieces and put the hand bars on using a a pocket knife."," He inflates the tires with air and finishes putting the rest together, and then he rides off."]],"rates":[1,1,1,1,1],"timestaken":[257.023,320.904,233.401,241.103,440.16],"pausetime":[1,7,1,2,1]}