{"names":["v_bLqd98mmu3w.mp4","v_br8Ao_UBEZA.mp4","v_buhaBimF4M0.mp4","v_BxzOUJbq28s.mp4","v_C0F-xroK_Eg.mp4"],"durations":[94.645,82.478,209.63,225.42,205.358],"timestamps":[[[0,8.52],[8.52,14.2],[15.14,22.24],[24.61,60.1],[70.98,94.65]],[[0,8.66],[12.78,71.76],[75.05,78.35]],[[0,12.58],[9.43,20.96],[15.72,29.35],[35.64,199.15],[201.24,209.63]],[[0,225.42],[49.59,225.42],[181.46,225.42]],[[0,205.36],[19.51,36.96],[50.31,56.47],[68.79,82.14],[87.28,105.76],[124.24,130.4],[131.43,149.91],[151.96,205.36]]],"paragraph":["A woman is scared of going in the water and says she cant do this. A group of people are sitting in a pool of water that is precariously close to the edge of a waterfall. The woman jumps in the water and everyone cheers. The group of people are laughing and talking while more people jump in the water. Scenes of the waterfall are viewed.","Two men enter the racquetball room. The two men start playing racquetball, running around the room trying to hit the ball. A man leaved the room and looks into the camera.","A woman on roller blades moves backwards, falls on the grass and laughs. A friend is talking with the fallen woman as she tries to get up. A friend talks to her while holding the camera and offers her a hand to get up. Two women hold hand and start rollerblading, while the girl in the red shirt learns how. The girl in the red shirt falls and they all laugh.","A man with a beard is playing on a green drum. The man starts adding in a second drum to the mix. A third drum is added to the drumming mix.","A man is talking about making a spicy pasta dish. The man takes sausage and cooks it in a pan. Parsley is added to the sausage. White wine is added to the mixture. Heavy cream is added to the meat along with a jar of marinara sauce. Water is shown boiling in the pot. Pasta and sauce are mixed together in the pot. The final pasta is added to a bowl and Parmesan cheese is added."],"descriptions":[["A woman is scared of going in the water and says she cant do this."," A group of people are sitting in a pool of water that is precariously close to the edge of a waterfall."," The woman jumps in the water and everyone cheers."," The group of people are laughing and talking while more people jump in the water."," Scenes of the waterfall are viewed."],["Two men enter the racquetball room."," The two men start playing racquetball, running around the room trying to hit the ball."," A man leaved the room and looks into the camera."],["A woman on roller blades moves backwards, falls on the grass and laughs."," A friend is talking with the fallen woman as she tries to get up."," A friend talks to her while holding the camera and offers her a hand to get up."," Two women hold hand and start rollerblading, while the girl in the red shirt learns how."," The girl in the red shirt falls and they all laugh."],["A man with a beard is playing on a green drum."," The man starts adding in a second drum to the mix."," A third drum is added to the drumming mix."],["A man is talking about making a spicy pasta dish."," The man takes sausage and cooks it in a pan."," Parsley is added to the sausage."," White wine is added to the mixture."," Heavy cream is added to the meat along with a jar of marinara sauce."," Water is shown boiling in the pot."," Pasta and sauce are mixed together in the pot."," The final pasta is added to a bowl and Parmesan cheese is added."]],"rates":[1,1,1,1,1],"timestaken":[503.629,271.782,432.694,189.445,707.623],"pausetime":[4,3,11,6,4]}