{"names":["v_V90aT-d_FKo.mp4","v_v_Vg4a8igc0.mp4","v_VBY8feOQgy4.mp4","v_VcbMGRcN9Cc.mp4","v_VCldTcZi0aE.mp4"],"durations":[77.834,36.734,159.289,58.352,92.439],"timestamps":[[[19.85,77.06],[53.32,77.06],[60.71,77.06],[75.89,77.06]],[[5.51,36.37],[13.96,36.37],[29.02,36.37],[34.53,36.37]],[[24.69,157.7],[74.87,157.7],[116.28,157.7],[152.12,157.7]],[[10.21,57.77],[39.68,57.77],[54.85,57.77]],[[12.02,91.51],[30.04,91.51],[67.94,91.51],[88.74,91.51]]],"paragraph":["A woman is bathing two white colored puppies in an orange tub filled with water. She is joined by a man wearing a wrist watch, who helps the woman bathe the two puppies. One of the puppies tries to step out of the tub and the man holds him and puts him back in. The woman continues washing the puppies.","A woman is bathing a white and brown puppy dog in a bathtub. the woman is using a hand held shower to wash the dog. The woman is holding the dog with its two front legs. She continues to wash the dog with the shower.","There is an indoor gym where two contestants are fencing with each other. There is a person dressed in black who is their referee. Another pair of contestants are also fencing at the same event. Two men dressed in fencing gear continue to fence in the gym.","The video shows a slow motion of three people playing Foosball. There are two people standing on one side and a single player on the other side. They continue playing Foosball with each other.","There are several people gathered in an outdoor gymnasium. There are people standing and seated in the bleachers watching about twelve band students performing. Most of the players are drumming on the percussion instruments in a rhythmic tune. The percussion players begin going round in a circle as they play the instruments."],"descriptions":[["A woman is bathing two white colored puppies in an orange tub filled with water."," She is joined by a man wearing a wrist watch, who helps the woman bathe the two puppies."," One of the puppies tries to step out of the tub and the man holds him and puts him back in."," The woman continues washing the puppies."],["A woman is bathing a white and brown puppy dog in a bathtub."," the woman is using a hand held shower to wash the dog."," The woman is holding the dog with its two front legs."," She continues to wash the dog with the shower."],["There is an indoor gym where two contestants are fencing with each other."," There is a person dressed in black who is their referee."," Another pair of contestants are also fencing at the same event."," Two men dressed in fencing gear continue to fence in the gym."],["The video shows a slow motion of three people playing Foosball."," There are two people standing on one side and a single player on the other side."," They continue playing Foosball with each other."],["There are several people gathered in an outdoor gymnasium."," There are people standing and seated in the bleachers watching about twelve band students performing."," Most of the players are drumming on the percussion instruments in a rhythmic tune."," The percussion players begin going round in a circle as they play the instruments."]],"rates":[1,1,1,1,1],"timestaken":[279.458,123.662,269.57,187.845,484.97],"pausetime":[3,2,5,1,6]}