{"names":["v_iZtie23nW_A.mp4","v_j5V7kD_HeMw.mp4","v_jfFnL_o8QS0.mp4","v_jG1kgKJkf8c.mp4","v_jJ5t3ZUxP7Y.mp4"],"durations":[52.244897,179.467029,236.193378,191.448526,36.432108],"timestamps":[[[0,5.75],[7.84,13.32],[17.5,35.53],[39.71,52.24]],[[0,5.38],[7.18,13.46],[16.15,29.61],[28.71,35.89],[50.25,54.74],[56.53,65.51],[92.43,148.96],[158.83,179.47]],[[0,5.9],[7.09,42.51],[46.06,69.68],[72.04,122.82],[134.63,236.19]],[[0,61.26],[67.01,85.19],[86.15,154.12],[155.07,191.45]],[[0,6.01],[6.56,16.94],[17.85,36.43]]],"paragraph":["A red mustang is being hosed down. Next, the workers rub soap over the car. After that, they both work on washing the soap off before applying another soap over the vehicle. They then use hoses to wash the car clean.","A man descends from a steam slope on his snowboard. Another catches air as he flies over a snowy hill. Another snowboarder sharply slides down a steep hill to the base. A man in grey is shown performing some tricks in the air. First person perspective of a snowboarder going down a hill is shown. Another snowboarder flies down the hill, expertly cutting left and right. Various footage of snowboarders descending large slopes is shown. First person perspective of snowboarder with fellow rider in front of him closes the video.","A stopwatch is shown and a crowd gathers for a game of field hockey. The documentary features the voice of a former player as archival footage is shown in color. Photos and video in black and white depicts the history of the game. The documentary then focuses on a famous player. After that, a famous manager is highlighted and former players talk about him.","A street performer is sitting down on a crate and drumming on buckets and pans with drum sticks. He busts on of the buckets and in frustration, stabs it with the stick. He replaces the bucket and starts over in his beat as a crowd gathers. He rearranges the buckets once again and continues drumming.","A man walks over to the end of a table that has a bunch of red cups arranged in a triangle. He begins to toss a ball into the cups. The video goes to black and a graphic appears to close the clip."],"descriptions":[["A red mustang is being hosed down."," Next, the workers rub soap over the car."," After that, they both work on washing the soap off before applying another soap over the vehicle."," They then use hoses to wash the car clean."],["A man descends from a steam slope on his snowboard."," Another catches air as he flies over a snowy hill."," Another snowboarder sharply slides down a steep hill to the base."," A man in grey is shown performing some tricks in the air."," First person perspective of a snowboarder going down a hill is shown."," Another snowboarder flies down the hill, expertly cutting left and right."," Various footage of snowboarders descending large slopes is shown."," First person perspective of snowboarder with fellow rider in front of him closes the video."],["A stopwatch is shown and a crowd gathers for a game of field hockey."," The documentary features the voice of a former player as archival footage is shown in color."," Photos and video in black and white depicts the history of the game."," The documentary then focuses on a famous player."," After that, a famous manager is highlighted and former players talk about him."],["A street performer is sitting down on a crate and drumming on buckets and pans with drum sticks."," He busts on of the buckets and in frustration, stabs it with the stick."," He replaces the bucket and starts over in his beat as a crowd gathers."," He rearranges the buckets once again and continues drumming."],["A man walks over to the end of a table that has a bunch of red cups arranged in a triangle."," He begins to toss a ball into the cups."," The video goes to black and a graphic appears to close the clip."]],"rates":[1,1,1,1,1],"timestaken":[93.841,559.311,706.394,173.94,82.9],"pausetime":[1,13,10,10,8]}