{"names":["v_iH8eHkIHrg4.mp4","v_IRz9PYgpb8U.mp4","v_ISJodiRZ_uo.mp4","v_iuVi8QAWfCI.mp4","v_IWHN3TD8mMQ.mp4"],"durations":[188.220952,10.17034,130.844444,152.508662,139.946666],"timestamps":[[[0,0.94],[2.82,30.12],[33.88,88.46],[93.17,101.64],[106.34,188.22]],[[0,1.93],[3.31,10.17]],[[0,3.93],[8.5,30.75],[32.71,47.76],[50.38,69.35],[64.11,100.75],[105.33,130.84]],[[0,9.91],[14.49,26.69],[28.98,38.13],[51.09,80.83],[88.46,152.51]],[[0,18.89],[28.69,40.58],[41.98,51.08],[55.28,65.08],[69.27,97.26],[113.36,123.85]]],"paragraph":["Two men walk along the beach with their surfboards. They enter the water and the surfer with the white board catches a wave.White board catches another wave as the blue board opts out, more waves taken by white board are shown. The surfer on the blue board catches a few waves. The white board surfer is shown gliding across more waves, clearly like an expert.","A man uses a trimmer to trim the leaves on a tree in a backyard, starting in the middle. He moves to his left to continue trimming the tree.","A girl with braided hair asks a worker at an equestrian center some questions. The woman responds and talks about horse care. The girl brushes the horse's mane. The two continue going over horse care. The girl and woman both work on brushing techniques. The woman brushes the horses tail is lots of care as the girl watches.","A woman introduces her home decor video, standing next to a chair. She first scrubs the dirt from the chair with a sponge. Next, she applies a silver paint to the chair. She then dips her brush in a blue paint to cover the chair's seat, back, and then arms/legs. Lastly, she places stencils on the chair and paints the insides white to decorate.","A woman introduces herself to the camera and begins to talk about the topic of the video, pasta. The camera shows the ingredients that go into cooking pasta. The woman drops salt in a pot of water and turns the burners on. Once, boiling, she adds the pasta in the pot. She stirs the pasta, and then empties the pot in a colander once the pasta is al dente. She returns the pasta to the pot and adds olive oil."],"descriptions":[["Two men walk along the beach with their surfboards."," They enter the water and the surfer with the white board catches a wave.","White board catches another wave as the blue board opts out, more waves taken by white board are shown."," The surfer on the blue board catches a few waves."," The white board surfer is shown gliding across more waves, clearly like an expert."],["A man uses a trimmer to trim the leaves on a tree in a backyard, starting in the middle."," He moves to his left to continue trimming the tree."],["A girl with braided hair asks a worker at an equestrian center some questions."," The woman responds and talks about horse care."," The girl brushes the horse's mane."," The two continue going over horse care."," The girl and woman both work on brushing techniques."," The woman brushes the horses tail is lots of care as the girl watches."],["A woman introduces her home decor video, standing next to a chair."," She first scrubs the dirt from the chair with a sponge."," Next, she applies a silver paint to the chair."," She then dips her brush in a blue paint to cover the chair's seat, back, and then arms/legs."," Lastly, she places stencils on the chair and paints the insides white to decorate."],["A woman introduces herself to the camera and begins to talk about the topic of the video, pasta."," The camera shows the ingredients that go into cooking pasta."," The woman drops salt in a pot of water and turns the burners on."," Once, boiling, she adds the pasta in the pot."," She stirs the pasta, and then empties the pot in a colander once the pasta is al dente."," She returns the pasta to the pot and adds olive oil."]],"rates":[1,1,1,1,1],"timestaken":[178.685,59.003,239.146,283.902,302.685],"pausetime":[10,1,1,2,14]}