{"names":["v_hlwSgE7Epwo.mp4","v_hS7VEMlJ4N0.mp4","v_huI9TvxZxmM.mp4","v_hwP4uLVR-uc.mp4","v_iEqyqzKSEZ4.mp4"],"durations":[117.168,70.194,107.323,110.295,237.425],"timestamps":[[[0,15.82],[15.82,87.29],[87.88,102.52],[103.11,117.17]],[[0,22.46],[22.11,40.01],[40.01,54.05],[55.8,70.19]],[[0,15.56],[15.56,59.03],[59.03,86.93],[89.08,107.32]],[[0,16.54],[15.99,43.57],[43.57,72.24],[72.79,110.3]],[[0,29.68],[34.43,72.41],[72.41,170.95],[170.95,237.43]]],"paragraph":["A woman standing outside near a tennis court talking about things. A girl in all black with a baton practicing her moves and dances inside of the studio. Her coach does an interview while sitting down with her hands held together. The girl continues to practice by herself in the studio.","A female is outside in a sports bra and bikini bottoms walking around prepping. She take her hair down and puts it back up in a ponytail. She spanks her butt and stands there getting ready to start her run. She starts her run and she jumps over the course and lands.","A man and woman dressed up on stage waiting to start their performance. The performance begins and the start dancing very beautifully. They work very well together, he picks her up on his shoulders. They use the chair as a prop and dance until it time to stop and then they hug.","A band is on stage and a girl with a trumpet and boy beating the drums are playing. They have a little duet while the saxophones int he bank are paused. The trumpet player walks over and picks up a bell. Then it's just the drummer banging on the drums.","A car is driving down the highway at a fast speed, he takes an exit to park. Then, they're at the gym and it's a class full of people jumping rope. A woman coach and a child jump rope one on one together, she goes around instructing some other students in the class. The class ends with pictures of the coach and her students."],"descriptions":[["A woman standing outside near a tennis court talking about things."," A girl in all black with a baton practicing her moves and dances inside of the studio."," Her coach does an interview while sitting down with her hands held together."," The girl continues to practice by herself in the studio."],["A female is outside in a sports bra and bikini bottoms walking around prepping."," She take her hair down and puts it back up in a ponytail."," She spanks her butt and stands there getting ready to start her run."," She starts her run and she jumps over the course and lands."],["A man and woman dressed up on stage waiting to start their performance."," The performance begins and the start dancing very beautifully."," They work very well together, he picks her up on his shoulders."," They use the chair as a prop and dance until it time to stop and then they hug."],["A band is on stage and a girl with a trumpet and boy beating the drums are playing."," They have a little duet while the saxophones int he bank are paused."," The trumpet player walks over and picks up a bell."," Then it's just the drummer banging on the drums."],["A car is driving down the highway at a fast speed, he takes an exit to park."," Then, they're at the gym and it's a class full of people jumping rope."," A woman coach and a child jump rope one on one together, she goes around instructing some other students in the class."," The class ends with pictures of the coach and her students."]],"rates":[1,1,1,1,1],"timestaken":[338.369,224.433,246.691,182.159,251.091],"pausetime":[1,1,1,1,13]}