{"names":["v_XPctbL-V1ww.mp4","v_XTErpg4IdiE.mp4","v_YnFDzvuDJSQ.mp4","v_yPEf9ajKwI8.mp4","v_yWCrbhU_X_U.mp4"],"durations":[120.721,201.55,204.22,216.945,117.192],"timestamps":[[[0,20.52],[19.32,36.22],[36.82,78.47],[78.47,120.72]],[[0,39.3],[39.3,92.71],[91.71,146.12],[146.12,201.55]],[[0,32.68],[33.7,86.79],[88.84,148.06],[148.06,204.22]],[[0,40.13],[40.13,105.22],[104.13,168.13],[167.05,216.95]],[[0,17.58],[17.58,43.36],[43.36,78.52],[78.52,117.19]]],"paragraph":["A little boy in his pajamma's standing in the mirror watching himself brush his teeth. He moves forward a little and spits out some toothpaste. Then continues to brush, he puts the tooth brush down and grabs a cup of water gargles a bit and spits it out. He finds this very amusing, and does it over and over until the cup of water is empty and then he gets down off his stool and cleans his face with a towel.","A man is on the floor with some gadget looking at it and messing around with it. He puts a hose in one sde of it and starts ro mess around with it some more. He then moves it to the corer of the carpet and starts working on it. He moves it down more and pushing the carpet down, he does this to basically the entire room.","A woman in red is standing beside a table explaining some things. she puts her hand on the christmas tree and talks some more about it. She grabs some red ribbon and begins to tie into a bow. She then goes to place it on to the christmas tree and continues to speak about it.","people are moving the furniture out of the living room, even the carpet and everything. They come in and sweep the floor and then start putting down some tarp and wood. They are remodeling the floor from carpet to wood floors. Once the floor is done they bring back all the furniture.","Two little kids are eating an ice cream cone at mcdonalds. They are licking and so happy to have ice cream. The little girl is playing peek a boo with someone and both of their faces have ice cream on them. They are just enjoying the ice cream very much."],"descriptions":[["A little boy in his pajamma's standing in the mirror watching himself brush his teeth."," He moves forward a little and spits out some toothpaste."," Then continues to brush, he puts the tooth brush down and grabs a cup of water gargles a bit and spits it out."," He finds this very amusing, and does it over and over until the cup of water is empty and then he gets down off his stool and cleans his face with a towel."],["A man is on the floor with some gadget looking at it and messing around with it."," He puts a hose in one sde of it and starts ro mess around with it some more."," He then moves it to the corer of the carpet and starts working on it."," He moves it down more and pushing the carpet down, he does this to basically the entire room."],["A woman in red is standing beside a table explaining some things."," she puts her hand on the christmas tree and talks some more about it."," She grabs some red ribbon and begins to tie into a bow."," She then goes to place it on to the christmas tree and continues to speak about it."],["people are moving the furniture out of the living room, even the carpet and everything."," They come in and sweep the floor and then start putting down some tarp and wood."," They are remodeling the floor from carpet to wood floors."," Once the floor is done they bring back all the furniture."],["Two little kids are eating an ice cream cone at mcdonalds."," They are licking and so happy to have ice cream."," The little girl is playing peek a boo with someone and both of their faces have ice cream on them."," They are just enjoying the ice cream very much."]],"rates":[1,1,1,1,1],"timestaken":[290.225,249.65,212.657,223.169,204.349],"pausetime":[5,3,18,7,10]}