{"names":["v_wSGrM1nrWq4.mp4","v_WVM8itzRVjs.mp4","v_x0HMqVvqHJE.mp4","v_XCXcwMyrqYM.mp4","v_xmvwhxB1q30.mp4"],"durations":[144.938956,105.697233,183.739501,75.627392,192.261224],"timestamps":[[[0,22.47],[23.91,74.64],[74.64,107.25],[109.43,144.94]],[[0,15.85],[16.38,17.44],[17.97,19.55],[20.08,21.14],[21.67,25.37],[25.9,41.75],[42.28,58.13],[59.19,71.35],[72.93,85.61],[86.14,89.31],[89.84,95.13],[95.66,105.7]],[[0,183.74],[6.43,153.42],[7.35,170.88],[37.67,183.74],[81.76,181.9],[152.5,179.15],[157.1,175.47]],[[0,16.26],[17.02,54.83],[31.01,42.73],[0,75.63],[55.21,75.63]],[[0,192.26]]],"paragraph":["A hair dryer and advertisement are shown with some info about the dryer. A woman shows how to use the dryer with different brushes. The same woman then shows how to use the dryer with different attachments for different kinds of hair. The dryer and advertising info are shown again.","Four men in sports uniforms are shown along with information about AIB. The first man introduces himself. The second man introduces himself. the third man introduces himself. Finally, the fourth man introduces himself. The first man is then shown practicing by trying to hit targets on the wall. The second man to introduce himself takes a turn trying to hit the targets on the wall. The man wearing white shorts then tries the practice wall out. And finally the man with red hair gives it a try. The first man to practice gives a comment on his performance. The last man to practice with red hair talks. Info about the AIB and the upcoming game are shown.","Many females, some in blue shirts and some in white shirts, run around on a field playing a game. A few people watch from the bleachers in the background. Two referees runs about and down the field with the players. Other players watch from the sideline near a fence. A group of people keeping score sit at a table on the sideline. Some of the people watching from the bleachers are standing now. A man in a blue sweatshirt walks on the sideline.","A man talks about a bow he is using in front of an open field. The man shows how to use the bow by hitting a target in the field. Several vehicles drive down a road behind the field. Cows graze behind the road. The man hits his last target and walks away.","Several people are in canoes paddling down a river while a man in one of the canoes instructs them and films the adventure."],"descriptions":[["A hair dryer and advertisement are shown with some info about the dryer."," A woman shows how to use the dryer with different brushes."," The same woman then shows how to use the dryer with different attachments for different kinds of hair."," The dryer and advertising info are shown again."],["Four men in sports uniforms are shown along with information about AIB."," The first man introduces himself."," The second man introduces himself."," the third man introduces himself."," Finally, the fourth man introduces himself."," The first man is then shown practicing by trying to hit targets on the wall."," The second man to introduce himself takes a turn trying to hit the targets on the wall."," The man wearing white shorts then tries the practice wall out."," And finally the man with red hair gives it a try."," The first man to practice gives a comment on his performance."," The last man to practice with red hair talks."," Info about the AIB and the upcoming game are shown."],["Many females, some in blue shirts and some in white shirts, run around on a field playing a game."," A few people watch from the bleachers in the background."," Two referees runs about and down the field with the players."," Other players watch from the sideline near a fence."," A group of people keeping score sit at a table on the sideline."," Some of the people watching from the bleachers are standing now."," A man in a blue sweatshirt walks on the sideline."],["A man talks about a bow he is using in front of an open field."," The man shows how to use the bow by hitting a target in the field."," Several vehicles drive down a road behind the field."," Cows graze behind the road."," The man hits his last target and walks away."],["Several people are in canoes paddling down a river while a man in one of the canoes instructs them and films the adventure."]],"rates":[1,1,1,1,1],"timestaken":[262.965,857.527,611.635,227.412,219.231],"pausetime":[2,16,12,1,1]}