{"names":["v_vygPNS-eAYM.mp4","v_W6Sz8ajVsjc.mp4","v_WiGOn6O-S1g.mp4","v_wjcCl0jPxO4.mp4","v_wRKFbuczjsw.mp4"],"durations":[49.366,149.119,15.674,84.405,143.778],"timestamps":[[[5.68,47.89],[17.28,47.89],[25.42,47.89],[32.83,47.89],[38.75,47.89],[46.16,47.89]],[[7.46,144.65],[9.69,144.65],[11.18,144.65],[116.31,144.65]],[[3.61,15.2],[8.07,15.2],[14.03,15.2]],[[5.91,81.87],[55.71,81.87],[61.19,81.87]],[[12.22,139.46],[30.91,139.46],[54.64,139.46],[109.27,139.46],[129.4,139.46]]],"paragraph":["A father and daughter are playing hop scotch on their tiled porch. The girl is wearing a blue sleeveless shirt and shorts and the father is wearing a gray shirt and shorts. They take turns to jump on the squares. Then she little girl is joined by her mother who begins hopping on the squares. She gives the daughter a high five. then the girl begins to hop and jump across the squares.","There's a man in a black shirt representing Pev's Paintball talking about the recreational game. He is holding a paintball gun in his hand as he talks about how the sport is played. A man dressed in a camouflage print outfit is hiding and running with a paintball gun. The Pev representative is explaining the features of the paintball gun and how to use if effectively.","There are several swimmers standing on the tallest diving board of a swimming pool. The divers are getting ready to dive into the pool. One of the divers dives and jumps into the pool from a great height.","There's a woman in a maroon shirt washing her face in the sink. An aesthetician is talking about skin care routines and giving tips on how to keep facial skin clean. The model washes her face and then dabs it dry gently with a towel.","There's a woman in a pink shirt and black shorts training a dog on a large open lawn. she is throwing pink colored Frisbee discs for the dog to run and fetch. Every time she throws the disc, the dog gets excited and runs and fetches the disc for her. The dog is well trained to catch the disc in its mouth almost every time without missing it. there are are few people standing and watching the trainer and the dog."],"descriptions":[["A father and daughter are playing hop scotch on their tiled porch."," The girl is wearing a blue sleeveless shirt and shorts and the father is wearing a gray shirt and shorts."," They take turns to jump on the squares."," Then she little girl is joined by her mother who begins hopping on the squares."," She gives the daughter a high five."," then the girl begins to hop and jump across the squares."],["There's a man in a black shirt representing Pev's Paintball talking about the recreational game."," He is holding a paintball gun in his hand as he talks about how the sport is played."," A man dressed in a camouflage print outfit is hiding and running with a paintball gun."," The Pev representative is explaining the features of the paintball gun and how to use if effectively."],["There are several swimmers standing on the tallest diving board of a swimming pool."," The divers are getting ready to dive into the pool."," One of the divers dives and jumps into the pool from a great height."],["There's a woman in a maroon shirt washing her face in the sink."," An aesthetician is talking about skin care routines and giving tips on how to keep facial skin clean."," The model washes her face and then dabs it dry gently with a towel."],["There's a woman in a pink shirt and black shorts training a dog on a large open lawn."," she is throwing pink colored Frisbee discs for the dog to run and fetch."," Every time she throws the disc, the dog gets excited and runs and fetches the disc for her."," The dog is well trained to catch the disc in its mouth almost every time without missing it."," there are are few people standing and watching the trainer and the dog."]],"rates":[1,1,1,1,1],"timestaken":[183.986,255.998,130.095,174.563,193.145],"pausetime":[2,2,2,1,1]}