{"names":["v_VTwQgMELGVE.mp4","v_vV_d5bfNmBQ.mp4","v_vWEbHvnkogA.mp4","v_vWGkTOLx57s.mp4","v_vX8L1RcZ4cc.mp4"],"durations":[52.408,106.092,190.915,66.154,52.57],"timestamps":[[[0,9.96],[9.7,25.68],[25.68,41.66],[41.14,52.41]],[[0,10.61],[10.08,31.3],[31.3,62.06],[62.06,106.09]],[[0,33.41],[33.41,74.46],[74.46,134.6],[134.6,190.92]],[[0,9.59],[9.59,19.18],[19.52,48.95],[49.95,66.15]],[[0,9.2],[9.2,21.55],[21.03,37.06],[39.69,52.57]]],"paragraph":["A woman behind the bar talking, she has a bottle of corona. She sucks on the bottle of a few times. Then, she grabs it with just her mouth and holds it up chugging the beer.She chugs and chugs until it is completely empty.","Men on the beach playing volleyball in the sand. One of the guys hits the ball over to the other side and they hit it back. Then on the other side of the beach there is a group of women also playing volleyball. They are playing a really good game, one of the girl lands right on her stomach.","A jazz musicians is teaching how to play the saxophone. He is giving instructions and talking about music and scales. Then he starts to play some for a little before going back to lecturing. He talks about the notes he has written on the chalk board and goes back to lecturing more about it all.","A young gymnastic boy gets on a bar and starts doing flips and other things. It seems like he is being judged for a tournament. He is on the bars doing excellent, looking awesome and having fun while doing it. Then, he lands and poses and the audience is shown.","A little boy doing karate is yelling commands. He starts to do some of his karate moves, moving all around the court. He is a blue belt being judged for his skills. He bows gracefully before walking off and the judges throw up their flags."],"descriptions":[["A woman behind the bar talking, she has a bottle of corona."," She sucks on the bottle of a few times."," Then, she grabs it with just her mouth and holds it up chugging the beer.","She chugs and chugs until it is completely empty."],["Men on the beach playing volleyball in the sand."," One of the guys hits the ball over to the other side and they hit it back."," Then on the other side of the beach there is a group of women also playing volleyball."," They are playing a really good game, one of the girl lands right on her stomach."],["A jazz musicians is teaching how to play the saxophone."," He is giving instructions and talking about music and scales."," Then he starts to play some for a little before going back to lecturing."," He talks about the notes he has written on the chalk board and goes back to lecturing more about it all."],["A young gymnastic boy gets on a bar and starts doing flips and other things."," It seems like he is being judged for a tournament."," He is on the bars doing excellent, looking awesome and having fun while doing it."," Then, he lands and poses and the audience is shown."],["A little boy doing karate is yelling commands."," He starts to do some of his karate moves, moving all around the court."," He is a blue belt being judged for his skills."," He bows gracefully before walking off and the judges throw up their flags."]],"rates":[1,1,1,1,1],"timestaken":[307.367,222.444,214.489,233.355,181.519],"pausetime":[3,3,1,1,5]}