{"names":["v_uY0ngQlbIZc.mp4","v_uZC3WPkta-I.mp4","v_vbWdGj1sfO8.mp4","v_VJyNbaAz6Xs.mp4","v_vLEz1mHahdM.mp4"],"durations":[59.56,95.411,11.076,167.44,49.32],"timestamps":[[[0,15.49],[15.19,31.27],[30.97,42.29],[42.88,59.26]],[[0,22.9],[23.85,50.09],[35.3,63.93],[63.93,95.41]],[[0,2.1],[2.1,4.15],[4.1,7.14],[7.14,11.08]],[[0.84,19.26],[14.23,39.35],[39.35,97.95],[97.95,167.44]],[[0,9.37],[9.37,20.47],[19.97,33.54],[34.03,49.32]]],"paragraph":["Two men that are matching each other are playing a game of racket ball. They are in an indoor enclosed court area playing the game. They are moving around all over the court trying to hit the ball. The bald man begins to walk out of the court smiling.","A group of people are outside playing a game of croquet in the yard. One of the women in a kirt has her hand behind her back just watching them play. The other woman is the only female playing, she take her turn and then it's back to the men. The man in sandals hit the black ball and then it is once again the woman's turn.","A female is laying on her back exercising inside of a gym. She is wearing black and pink and just looks very comfortable while she works out. She brings her arms up and her legs up to the center of her body. She does that repeatedly for a little while.","A man in a red coat is outside on a snowboard. He starts going down a course and doing some really cool tricks while moving. Some men are rubbing down their boards and another gets on the field and starts doing some flips and stuff in mid air. These are all pretty experienced people on the boards, they are even boarding through water and having a good time.","A man in military uniform is standing in front of a group of soldiers. He is playing the bagpipes while the other soldiers stand and watch him. It may be a parade they are practicing for because they are standing and watching him on top of trailer. Once the soldier is done with his song on the bagpipe all the soldiers clap and cheer for him."],"descriptions":[["Two men that are matching each other are playing a game of racket ball."," They are in an indoor enclosed court area playing the game."," They are moving around all over the court trying to hit the ball."," The bald man begins to walk out of the court smiling."],["A group of people are outside playing a game of croquet in the yard."," One of the women in a kirt has her hand behind her back just watching them play."," The other woman is the only female playing, she take her turn and then it's back to the men."," The man in sandals hit the black ball and then it is once again the woman's turn."],["A female is laying on her back exercising inside of a gym."," She is wearing black and pink and just looks very comfortable while she works out."," She brings her arms up and her legs up to the center of her body."," She does that repeatedly for a little while."],["A man in a red coat is outside on a snowboard."," He starts going down a course and doing some really cool tricks while moving."," Some men are rubbing down their boards and another gets on the field and starts doing some flips and stuff in mid air."," These are all pretty experienced people on the boards, they are even boarding through water and having a good time."],["A man in military uniform is standing in front of a group of soldiers."," He is playing the bagpipes while the other soldiers stand and watch him."," It may be a parade they are practicing for because they are standing and watching him on top of trailer."," Once the soldier is done with his song on the bagpipe all the soldiers clap and cheer for him."]],"rates":[1,1,1,1,1],"timestaken":[1485724343.164,336.377,203.213,252.384,204.015],"pausetime":[1,3,2,1,1]}