{"names":["v_uG2sRzp5Bk4.mp4","v_ULZpTYSwlTs.mp4","v_Uw_4gKpmAhI.mp4","v_uWnlmM2uOs4.mp4","v_uX-UwKfRvJY.mp4"],"durations":[null,27.888,48.159,30.395,124.994],"timestamps":[[[14.4,185.33],[34.57,185.33],[61.46,185.33],[94.11,185.33],[119.07,185.33],[137.32,185.33],[160.36,185.33],[177.65,185.33]],[[5.02,26.91],[9.2,26.91],[17.15,26.91],[24.82,26.91]],[[8.67,46.47],[9.63,46.47],[17.82,46.47],[41.18,46.47]],[[4.56,29.33],[11.85,29.33],[26.29,29.33]],[[13.12,120.62],[36.25,120.62],[80,120.62],[113.12,120.62]]],"paragraph":["Information about Blackjack site iis provided. There are two people shown playing in a casino. A representative from Blackjack is showing a casino gambling game. He lays playing cards on the table against tokens. There are several tokens stacked up on the table. He is explaining how to play the gambling game to maximize one's money. He puts more cards on the table and takes a hand to earn more tokens. Information on how to download the app is provided on the screen.","There are some weightlifters on stage participating in weightlifting events. There are several spectators watching the event. One of the weightlifters successfully lifts the weight bar high up and then drops it down. He raises his right hand feeling triumphant.","There are three contractors remodeling a house that is torn down for renovation. One of the contractors is cementing a brick wall. The other contractor is breaking an existing wall in the living room. The entire house is under renovation with furniture and boxes lying around the house with dust.","There are many people in bathing suits standing in a lake with motor boats behind them. One girl wearing a bikini and holding a Coke can in her hand is rubbing sunscreen on another woman's chest. There are some men standing in swim trunks behind them, talking to each other.","The video begins with four pictures of contracted human abdomens. There's a young girl dressed in a blue tank top and black tights demonstrating the proper way to do planks and crunches. She is laying on a blue Yoga mat as she does crunches. Then she lays on her stomach by raising herself up on her elbows to show how to do planks."],"descriptions":[["Information about Blackjack site iis provided."," There are two people shown playing in a casino."," A representative from Blackjack is showing a casino gambling game."," He lays playing cards on the table against tokens."," There are several tokens stacked up on the table."," He is explaining how to play the gambling game to maximize one's money."," He puts more cards on the table and takes a hand to earn more tokens."," Information on how to download the app is provided on the screen."],["There are some weightlifters on stage participating in weightlifting events."," There are several spectators watching the event."," One of the weightlifters successfully lifts the weight bar high up and then drops it down."," He raises his right hand feeling triumphant."],["There are three contractors remodeling a house that is torn down for renovation."," One of the contractors is cementing a brick wall."," The other contractor is breaking an existing wall in the living room."," The entire house is under renovation with furniture and boxes lying around the house with dust."],["There are many people in bathing suits standing in a lake with motor boats behind them."," One girl wearing a bikini and holding a Coke can in her hand is rubbing sunscreen on another woman's chest."," There are some men standing in swim trunks behind them, talking to each other."],["The video begins with four pictures of contracted human abdomens."," There's a young girl dressed in a blue tank top and black tights demonstrating the proper way to do planks and crunches."," She is laying on a blue Yoga mat as she does crunches."," Then she lays on her stomach by raising herself up on her elbows to show how to do planks."]],"rates":[1,1,1,1,1],"timestaken":[223.589,860.701,212.07,192.755,343.106],"pausetime":[0,5,3,5,2]}