{"names":["v_tS-MHCJKMgM.mp4","v_TTDruR5Vin4.mp4","v_U0IJmOHoa1M.mp4","v_uBCLX7hfZLQ.mp4","v_ubgCjUUmP9I.mp4"],"durations":[40.566,173.245,230.551,149.328,107.161],"timestamps":[[[7.71,39.35],[30.22,39.35]],[[8.66,168.05],[45.91,168.05],[78.83,168.05],[121.27,168.05],[140.33,168.05],[162.85,168.05]],[[21.9,223.63],[55.33,223.63],[103.75,223.63],[142.94,223.63],[162.54,223.63],[179.83,223.63],[194.82,223.63],[212.11,223.63]],[[16.43,144.85],[50.77,144.85],[73.92,144.85],[86.61,144.85],[109.01,144.85],[134.4,144.85]],[[9.64,103.95],[23.04,103.95],[50.37,103.95],[70.73,103.95],[80.91,103.95],[100.73,103.95]]],"paragraph":["A welding specialist from Tulsa Welding School is demonstrating how to weld. He explains the techniques of welding with the help of welder wearing protective gear and mask, using the blow torch.","Two bikers are riding their motor bikes through rough terrain. They are dressed in biking gear with protective helmets and clothing.They are going on hilly slopes and uneven terrain on their motorbikes. They go through extremely steep and dangerous dirt roads at high speed. They also go over ramps created in the dirt road. They continue biking through the dirt at high speed as they create a cloud of dust behind them.","The cricket team of Sri Lanka is playing against another country. the cricketers are playing a competitive game in the field. The Sri Lanka team is represented by the blue uniform. The batsman scores four runs as the bowler throws an overhand ball. The video shows different cricket matches taking place where Sri Lanka is playing against teams from different countries. The stadium is filled with spectators cheering for the cricketers. The match goes on full swing as the batsmen score four runs. The fielder runs to catch the ball after the batsman hits it high, almost catching the ball to make him clean bold.","A woman wearing a white shirt is sitting with her black and white cat on her lap. She is clipping the cats nails by holding the cat's paws in her hands. She continues clipping the cat's nails one by one. When she's done she kisses the cat. then she begins clipping a brown cat's nails. The cat sits calmly on her lap as she finishes clipping its nails.","A male gymnast dressed red and white leotards is performing on a horse bar. He climbs up the horse bar and does backhand springs. He continues swiftly over the horse bar as he raises his body by pushing his body weight on his arms. He continues doing front and back hand springs. After he's done, he gets off the bar and walks towards the judges and other contestants. The spectators cheer for him and the judges shake hands with the gymnast."],"descriptions":[["A welding specialist from Tulsa Welding School is demonstrating how to weld."," He explains the techniques of welding with the help of welder wearing protective gear and mask, using the blow torch."],["Two bikers are riding their motor bikes through rough terrain."," They are dressed in biking gear with protective helmets and clothing.","They are going on hilly slopes and uneven terrain on their motorbikes."," They go through extremely steep and dangerous dirt roads at high speed."," They also go over ramps created in the dirt road."," They continue biking through the dirt at high speed as they create a cloud of dust behind them."],["The cricket team of Sri Lanka is playing against another country."," the cricketers are playing a competitive game in the field."," The Sri Lanka team is represented by the blue uniform."," The batsman scores four runs as the bowler throws an overhand ball."," The video shows different cricket matches taking place where Sri Lanka is playing against teams from different countries."," The stadium is filled with spectators cheering for the cricketers."," The match goes on full swing as the batsmen score four runs."," The fielder runs to catch the ball after the batsman hits it high, almost catching the ball to make him clean bold."],["A woman wearing a white shirt is sitting with her black and white cat on her lap."," She is clipping the cats nails by holding the cat's paws in her hands."," She continues clipping the cat's nails one by one."," When she's done she kisses the cat."," then she begins clipping a brown cat's nails."," The cat sits calmly on her lap as she finishes clipping its nails."],["A male gymnast dressed red and white leotards is performing on a horse bar."," He climbs up the horse bar and does backhand springs."," He continues swiftly over the horse bar as he raises his body by pushing his body weight on his arms."," He continues doing front and back hand springs."," After he's done, he gets off the bar and walks towards the judges and other contestants."," The spectators cheer for him and the judges shake hands with the gymnast."]],"rates":[1,1,1,1,1],"timestaken":[133.873,488.831,605.995,192.391,350.239],"pausetime":[1,2,1,1,1]}