{"names":["v_unz00-r84NY.mp4","v_uO9qoK8zGQc.mp4","v_uPqh5uA1mhA.mp4","v_UvuXGKesWS0.mp4","v_UxlDSfC7S-0.mp4"],"durations":[49.668,189.499,118.144,102.795,156.34],"timestamps":[[[0,14.65],[14.4,16.14],[16.14,18.63],[19.37,35.02],[35.51,49.67]],[[0,45.48],[45.48,57.8],[57.8,69.17],[69.17,78.64],[78.64,116.54],[116.54,156.34],[156.34,167.71],[167.71,189.5]],[[0,2.95],[2.95,13],[13.59,18.31],[18.31,33.67],[33.67,42.53],[41.35,48.44],[48.44,60.25],[60.25,90.97],[92.15,103.97],[103.97,118.14]],[[0,8.22],[8.22,33.41],[33.41,39.58],[39.58,65.27],[65.27,70.41],[70.41,102.8]],[[0,7.04],[7.04,44.56],[44.56,84.42],[84.42,156.34]]],"paragraph":["A boy plays with a ball in a yard. A boy swings and hits the ball out of the yard. The boy walks to retrieve the ball. The boy plays a game where he hits the ball and knocks down trash can lids. The boy swings a stick at the balls to hit them through a goal.","A man is doing Tai Chi moves on a beach alone in front of the sun. A group of people all dressed in white joins the man on the beach and does the martial arts moves. The man is alone again doing the moves. The people are with the man doing Tai Chi back on the beach. The man is alone on a hill doing the moves. The man is back on the beach doing the moves as the sun begins to set. The people are doing the moves with him on the beach. Words come across the screen.","The screen shows the words Shot Put Men. Kurt Roberts, in a yellow top, throws the ball and a man rushes to measure the throw. Kurt drinks from a Gatorade bottle. Reese Hoffa steps up and throws the ball and a man rushes to measure the throw. Reese adjusts his shirt and waits for his score. Davis Storl sits and is featured on the screen. He then throws the ball and the man rushes to measure the distance. He is shown standing with his team and an instant replay of the throw is shown. The score is shown on the screen. Fans are shown doing the wave.","The words Freestyle Swimming float across the screen. A man jumps in the pool and swims freestyle. The words BackStroke Style float across the screen. The same man swims backstroke down the lane from where he came. The words BreastStroke show up on the screen. The man does the breaststroke back across the pool.","A bag of Spill Master Absorbant is shown on the screen. A man stands in a warehouse talking to the camera and pours some liquid on the ground. He takes a bowl of some material and sprinkled it over the spills. He then sweeps up the material with a broom and dust pan."],"descriptions":[["A boy plays with a ball in a yard."," A boy swings and hits the ball out of the yard."," The boy walks to retrieve the ball."," The boy plays a game where he hits the ball and knocks down trash can lids."," The boy swings a stick at the balls to hit them through a goal."],["A man is doing Tai Chi moves on a beach alone in front of the sun."," A group of people all dressed in white joins the man on the beach and does the martial arts moves."," The man is alone again doing the moves."," The people are with the man doing Tai Chi back on the beach."," The man is alone on a hill doing the moves."," The man is back on the beach doing the moves as the sun begins to set."," The people are doing the moves with him on the beach."," Words come across the screen."],["The screen shows the words Shot Put Men."," Kurt Roberts, in a yellow top, throws the ball and a man rushes to measure the throw."," Kurt drinks from a Gatorade bottle."," Reese Hoffa steps up and throws the ball and a man rushes to measure the throw."," Reese adjusts his shirt and waits for his score."," Davis Storl sits and is featured on the screen."," He then throws the ball and the man rushes to measure the distance."," He is shown standing with his team and an instant replay of the throw is shown."," The score is shown on the screen."," Fans are shown doing the wave."],["The words Freestyle Swimming float across the screen."," A man jumps in the pool and swims freestyle."," The words BackStroke Style float across the screen."," The same man swims backstroke down the lane from where he came."," The words BreastStroke show up on the screen."," The man does the breaststroke back across the pool."],["A bag of Spill Master Absorbant is shown on the screen."," A man stands in a warehouse talking to the camera and pours some liquid on the ground."," He takes a bowl of some material and sprinkled it over the spills."," He then sweeps up the material with a broom and dust pan."]],"rates":[1,1,1,1,1],"timestaken":[176.558,826.872,464.908,249.43,301.845],"pausetime":[2,6,5,4,2]}