{"names":["v_t3Zg4mSksXk.mp4","v_Taw5ILRt9hI.mp4","v_TfIGKODkpPY.mp4","v_ti3EHJLR2mU.mp4","v_tPiuksisb4E.mp4"],"durations":[187.943,48.739,122.88,207.424,165.234],"timestamps":[[[20.67,187.94],[63.9,187.94],[118.4,187.94],[150.35,187.94],[180.43,187.94]],[[7.55,48.74],[23.88,48.74],[44.84,48.74]],[[22.12,122.88],[71.88,122.88],[109.36,122.88]],[[17.63,207.42],[28,207.42],[52.89,207.42],[77.78,207.42],[108.9,207.42],[146.23,207.42],[169.05,207.42],[179.42,207.42],[197.05,207.42]],[[3.3,165.23],[43.79,165.23],[92.53,165.23],[125.58,165.23],[154.49,165.23]]],"paragraph":["There are a few teenage boys skateboarding on a quiet streets in a neighborhood. They are going down the street, trying some stunts on the skateboard. There are a some leaves fallen on the curb. One of the boys bends down and skates in a seated position. The boys continue skateboarding through the streets, going past houses in the residential area.","There's a woman with red colored hair wearing a black tank top and printed black tights skating on roller blades through the streets of a city. The streets don't have any cars but people are riding bikes or skateboarding. The woman swiftly skates through the crowded streets as she passes by several tourists walking leisurely.","There are people flying kites collectively in a huge parking lot where several cars and mini vans are parked. There's a man in a blue striped shirt standing with another man in a brown shirt, both getting ready to fly their orange kite. They pull the strings out of the spool and begin flying the kite.","The video is a tutorial on how to make Alfredo sauce pasta. A lady with blond hair wearing a maroon tank top is demonstrating how to boil water to make bow-tie pasta. She then strains the pasta out in a bowl by throwing out the excess water. Then she takes a stick of butter and cuts it and adds to a saucepan. then she adds some milk and cheese to it and stirs it in with the cooked pasta. She adds some more milk and cheese to the pasta to make the sauce. She continues stirring the pasta in the saucepan. She serves the pasta in a square brown plate and takes a spoonful of the pasta to taste it. She is happy with the way it turned out.","There is a hookah placed on a kitchen counter. A man wearing a black sleeveless shirt comes there and kneels down to begins smoking the hookah. He smokes the hookah and blows out smoke. He takes a few puffs of the hookah and exhales the smoke out. He continues smoking by taking long puffs of the hookah and then leaves."],"descriptions":[["There are a few teenage boys skateboarding on a quiet streets in a neighborhood."," They are going down the street, trying some stunts on the skateboard."," There are a some leaves fallen on the curb."," One of the boys bends down and skates in a seated position."," The boys continue skateboarding through the streets, going past houses in the residential area."],["There's a woman with red colored hair wearing a black tank top and printed black tights skating on roller blades through the streets of a city."," The streets don't have any cars but people are riding bikes or skateboarding."," The woman swiftly skates through the crowded streets as she passes by several tourists walking leisurely."],["There are people flying kites collectively in a huge parking lot where several cars and mini vans are parked."," There's a man in a blue striped shirt standing with another man in a brown shirt, both getting ready to fly their orange kite."," They pull the strings out of the spool and begin flying the kite."],["The video is a tutorial on how to make Alfredo sauce pasta."," A lady with blond hair wearing a maroon tank top is demonstrating how to boil water to make bow-tie pasta."," She then strains the pasta out in a bowl by throwing out the excess water."," Then she takes a stick of butter and cuts it and adds to a saucepan."," then she adds some milk and cheese to it and stirs it in with the cooked pasta."," She adds some more milk and cheese to the pasta to make the sauce."," She continues stirring the pasta in the saucepan."," She serves the pasta in a square brown plate and takes a spoonful of the pasta to taste it."," She is happy with the way it turned out."],["There is a hookah placed on a kitchen counter."," A man wearing a black sleeveless shirt comes there and kneels down to begins smoking the hookah."," He smokes the hookah and blows out smoke."," He takes a few puffs of the hookah and exhales the smoke out."," He continues smoking by taking long puffs of the hookah and then leaves."]],"rates":[1,1,1,1,1],"timestaken":[254.077,2836.615,490.182,311.76,295.591],"pausetime":[2,6,2,2,3]}