{"names":["v_rojFvhZw_z8.mp4","v_rzsp_r9fq_A.mp4","v_sLtQvJXnrOE.mp4","v_sR0hZeYm06I.mp4","v_sx_npA4wRrw.mp4"],"durations":[161.751,201.085,21.316,72.098,203.663],"timestamps":[[[12.94,150.43],[25.07,150.43],[36.39,150.43],[58.23,150.43],[71.17,150.43],[92.2,150.43],[116.46,150.43],[142.34,150.43]],[[7.04,187.01],[19.1,187.01],[25.14,187.01],[56.3,187.01],[109.59,187.01],[118.64,187.01],[134.73,187.01],[159.86,187.01],[177.96,187.01]],[[4.16,19.82],[12.79,19.82],[17.91,19.82]],[[7.57,67.05],[16.58,67.05],[34.61,67.05],[48.67,67.05],[56.24,67.05],[63.45,67.05]],[[11.2,189.41],[25.46,189.41],[47.86,189.41],[80.45,189.41],[98.78,189.41],[115.07,189.41],[142.56,189.41],[179.22,189.41]]],"paragraph":["A woman is getting ready to bath her dog in her front yard. She takes a hose and wets the dog first. There is another little puppy running around the dog and a little kitten too. The woman takes some liquid soap and scrubs it on the dog. After she's done washing, she wipes him dry with a towel. then she bathes the little puppy the same way with soap and water. The dog is playing on a rug after the bath is over with wet fur on his body. The little puppy is running around the dog with wet fur too.","There's a woman in a black raincoat standing next to a wooden fence. She is joined by a little girl wearing a polka dotted jacket who brings her some green paint. The woman begins painting the fence with a bush. There are several other people in the neighborhood who are seen volunteering to paint the fence with green paint. The volunteers are being interviewed. There are two boys dressed in Batman costumes standing there. The volunteers continue to paint the fence. Some people from the community gather around the parking lot. The people continue painting the fence.","There's a guy wearing yellow rubber gloves demonstrating how to fix a tire on a car wheel. He is unscrewing the screws that hold the plates of the wheel. He loosens the screws to remove the tire.","There's a little boy dressed in a red shirt and blue jeans seated on a black leather recliner. He is sitting with his hands stretched out. A man standing next to him with a small stick is tickling the boy's hand with the stick. The boy seems to like it and asks him to do it on his other hand too. The man tickles the little boy's other hand too. The boy smiles and asks for more.","A chef is mixing water and vinegar in a glass bowl and adding dried chilies to it. Then in a blender, the chef mixes capers, garlic, anchovies and black olives along with some olive oil. The chef mashes the ingredients into a paste. The chef adds some garlic to oil in a saute pan and sautes it with some sun dried tomatoes. Then adds in the olive tapenade to the pan. The chef then chops some parsley and garlic together. Then he adds some spaghetti to boiling salt water and cooks it. He adds the chopped parsley to the spaghetti and mixes it well along with the olive tapenade."],"descriptions":[["A woman is getting ready to bath her dog in her front yard."," She takes a hose and wets the dog first."," There is another little puppy running around the dog and a little kitten too."," The woman takes some liquid soap and scrubs it on the dog."," After she's done washing, she wipes him dry with a towel."," then she bathes the little puppy the same way with soap and water."," The dog is playing on a rug after the bath is over with wet fur on his body."," The little puppy is running around the dog with wet fur too."],["There's a woman in a black raincoat standing next to a wooden fence."," She is joined by a little girl wearing a polka dotted jacket who brings her some green paint."," The woman begins painting the fence with a bush."," There are several other people in the neighborhood who are seen volunteering to paint the fence with green paint."," The volunteers are being interviewed."," There are two boys dressed in Batman costumes standing there."," The volunteers continue to paint the fence."," Some people from the community gather around the parking lot."," The people continue painting the fence."],["There's a guy wearing yellow rubber gloves demonstrating how to fix a tire on a car wheel."," He is unscrewing the screws that hold the plates of the wheel."," He loosens the screws to remove the tire."],["There's a little boy dressed in a red shirt and blue jeans seated on a black leather recliner."," He is sitting with his hands stretched out."," A man standing next to him with a small stick is tickling the boy's hand with the stick."," The boy seems to like it and asks him to do it on his other hand too."," The man tickles the little boy's other hand too."," The boy smiles and asks for more."],["A chef is mixing water and vinegar in a glass bowl and adding dried chilies to it."," Then in a blender, the chef mixes capers, garlic, anchovies and black olives along with some olive oil."," The chef mashes the ingredients into a paste."," The chef adds some garlic to oil in a saute pan and sautes it with some sun dried tomatoes."," Then adds in the olive tapenade to the pan."," The chef then chops some parsley and garlic together."," Then he adds some spaghetti to boiling salt water and cooks it."," He adds the chopped parsley to the spaghetti and mixes it well along with the olive tapenade."]],"rates":[1,1,1,1,1],"timestaken":[243.253,310.115,142.793,206.545,381.52],"pausetime":[1,4,2,2,8]}