{"names":["v_qdMjXJTsX94.mp4","v_RBkieLmOUlQ.mp4","v_RcDEaYPwI6I.mp4","v_rF1n8L571vM.mp4","v_rgrzN8ELIxI.mp4"],"durations":[172.803,36.781,120.976,166.557,208.562],"timestamps":[[[0,10.37],[10.37,163.3]],[[0,2.39],[1.47,35.13],[24.46,29.24]],[[0,4.23],[4.23,15.73],[16.94,28.43],[22.38,26.01],[27.82,42.95],[35.69,57.46],[58.67,113.72]],[[0,6.66],[7.5,157.4]],[[0,16.68],[17.73,19.81],[19.81,22.94],[22.94,205.43]]],"paragraph":["A spinning logo with a purple background then text are seen on the screen. A woman in blue dress plays a drum set in a studio.","Two boys in karate pants wrestle one another in the background. The group forms a circle and two of the boys begin to spar in a martial arts practice. the boy in pink top does a spinning kick.","A group of dancers in red outfits dance on stage. A group of cheerleaders in pink stand on a field while a group in white walk up to great the coach. A solo woman in a red blouse discusses the events in a room with lit up letters in the background. Both teams of women line up on the field together. Both groups of women dance together in unison with the coach leading in front. The women in pink uniforms dance on the field. The women in white uniforms dance on the field.","A logo with engine pistons is seen and a disclaimer is shown. Two women in gym exercise pants ride on stationary bikes in a gym together.","A collage of drawings and logos are seen in black and white that make up a larger logo. A beach is seen from the distance and houses are seen on a hillside in a small beach town. A surfer walks down towards the beach. Surfers ride large waves in the ocean."],"descriptions":[["A spinning logo with a purple background then text are seen on the screen."," A woman in blue dress plays a drum set in a studio."],["Two boys in karate pants wrestle one another in the background."," The group forms a circle and two of the boys begin to spar in a martial arts practice."," the boy in pink top does a spinning kick."],["A group of dancers in red outfits dance on stage."," A group of cheerleaders in pink stand on a field while a group in white walk up to great the coach."," A solo woman in a red blouse discusses the events in a room with lit up letters in the background."," Both teams of women line up on the field together."," Both groups of women dance together in unison with the coach leading in front."," The women in pink uniforms dance on the field."," The women in white uniforms dance on the field."],["A logo with engine pistons is seen and a disclaimer is shown."," Two women in gym exercise pants ride on stationary bikes in a gym together."],["A collage of drawings and logos are seen in black and white that make up a larger logo."," A beach is seen from the distance and houses are seen on a hillside in a small beach town."," A surfer walks down towards the beach."," Surfers ride large waves in the ocean."]],"rates":[1,1,1,1,1],"timestaken":[1413.226,594.311,2819.068,1026.494,993.988],"pausetime":[14,7,32,15,20]}