{"names":["v_u2uoYvo8J5s.mp4","v_U6M5hbiHn5Q.mp4","v_UA_RDwuO47s.mp4","v_UCOn2HkJJt8.mp4","v_uHmoFLB-PLc.mp4"],"durations":[208.864,70.775,72.54,185.156,118.538],"timestamps":[[[0,11.49],[0,43.86],[9.4,32.37],[25.06,30.29],[36.55,45.95],[43.86,77.28],[76.24,99.21],[99.21,115.92],[115.92,171.27],[152.47,154.56],[174.4,208.86]],[[0,15.22],[6.72,10.62],[16.28,39.99],[39.99,44.94],[44.94,59.45],[59.45,70.78]],[[0,2.9],[2.9,63.47],[5.8,63.47],[11.97,26.48],[69.64,72.54]],[[0,15.74],[15.74,25],[25,64.8],[64.8,87.02],[87.02,91.65],[91.65,180.53],[181.45,185.16]],[[0,118.54]]],"paragraph":["A man is opening his back door to let a little girl outside. The man is following the little girl. A little girl walks and points toward the camera. A dog enters the scene and the little girl jumps with happiness. The little girl walks around her slide. The little girl starts to climb up the slide and the man helps her get to the top. The little girl begins to play with the wheel and gets on her knees. The man helps the little girl go down the slide. The little girl goes to the swing and the man helps her into it. The little girl points at the camera. The man pushes the little girl on the swing.","Man does acrobatic moves down a mat. Another man is running down a mat in the background. Several replays of acrobatic moves occurs. Young man runs and hugs what looks to be his coach. Another set of replays occur. Words go across the screen directing people to social media and websites.","The word funkin is on the screen and underneath it says Bacardi cocktail. A man in a funkin shirt talks about and demonstrates how to make the Bacardi cocktail from behind a bar. The man is showing people how to make a drink in a martini glass. The man puts ingredients in a regular glass while showing the bottles of ingredients he is using. The word funkin is on the screen.","A man rides a four wheeler in a field. The man stands up on the four wheeler and hits his break lights to inspect a target. A man holding a bow and arrow is talking and demonstrating features on the bow he's holding. A website scrolls across the screen while the man fires the bow at a target. The camera then zooms in on the target. The website scrolls across the screen again and the man fires three more arrows. The screen changes to gray and the man shows the brand of bow is a Bowtech.","A person in a black shirt, with a ring on, is sitting on a bed and playing an acoustic guitar."],"descriptions":[["A man is opening his back door to let a little girl outside."," The man is following the little girl."," A little girl walks and points toward the camera."," A dog enters the scene and the little girl jumps with happiness."," The little girl walks around her slide."," The little girl starts to climb up the slide and the man helps her get to the top."," The little girl begins to play with the wheel and gets on her knees."," The man helps the little girl go down the slide."," The little girl goes to the swing and the man helps her into it."," The little girl points at the camera."," The man pushes the little girl on the swing."],["Man does acrobatic moves down a mat."," Another man is running down a mat in the background."," Several replays of acrobatic moves occurs."," Young man runs and hugs what looks to be his coach."," Another set of replays occur."," Words go across the screen directing people to social media and websites."],["The word funkin is on the screen and underneath it says Bacardi cocktail."," A man in a funkin shirt talks about and demonstrates how to make the Bacardi cocktail from behind a bar."," The man is showing people how to make a drink in a martini glass."," The man puts ingredients in a regular glass while showing the bottles of ingredients he is using."," The word funkin is on the screen."],["A man rides a four wheeler in a field."," The man stands up on the four wheeler and hits his break lights to inspect a target."," A man holding a bow and arrow is talking and demonstrating features on the bow he's holding."," A website scrolls across the screen while the man fires the bow at a target."," The camera then zooms in on the target."," The website scrolls across the screen again and the man fires three more arrows."," The screen changes to gray and the man shows the brand of bow is a Bowtech."],["A person in a black shirt, with a ring on, is sitting on a bed and playing an acoustic guitar."]],"rates":[1,1,1,1,1],"timestaken":[1150.168,385.495,1064.795,347.582,186.328],"pausetime":[18,14,6,2,2]}