{"names":["v_Sw7iRtHxMSs.mp4","v_syy0FVZ7SkQ.mp4","v_T9JSNxOyUQA.mp4","v_tQT-iQIv-KY.mp4","v_tuhHQ-lHIs4.mp4"],"durations":[90.790022,192.307664,228.089614,91.579501,95.666213],"timestamps":[[[0,16.8],[16.8,20.88],[0,90.79],[29.96,34.05],[35.41,44.49],[38.59,44.03],[46.76,60.38],[52.66,57.2],[61.74,65.37],[69,81.71],[82.62,83.53]],[[0,12.5],[21.15,25.96],[25.96,86.54],[87.5,91.35],[92.31,105.77],[106.73,115.38],[116.35,188.46]],[[0,19.39],[19.39,21.67],[22.81,38.78],[41.06,50.18],[52.46,58.16],[59.3,70.71],[59.3,228.09],[94.66,182.47],[143.7,151.68],[166.51,212.12]],[[0,91.58],[8.7,86.08],[14.19,62.73],[62.73,87.46],[64.56,71.43],[84.71,91.58]],[[3.35,6.7],[8.13,10.52],[11,13.39],[13.87,16.26],[16.74,19.13],[19.61,20.09],[20.09,21.52],[22,23.44],[23.92,25.83],[26.31,27.74],[28.22,29.18],[30.13,30.61],[31.09,33],[33.48,34.44],[34.92,35.87],[36.35,36.83],[37.31,39.7],[40.18,41.14],[41.61,42.09],[42.57,45.44],[45.92,51.18],[52.14,53.09],[53.57,54.05],[55.01,59.31],[59.79,75.1],[75.58,85.14]]],"paragraph":["A group of young men poses and goofs around in front of a table full of red cups. A young man in black puts two shot glasses down on the table. Another group of young men sit in chairs outside. A young man in grey bounces a ball on the table and in to one of the cups and celebrates with the young man next to him. A young man in black bounces a ball toward the cups but misses. Another man holds his hand up next to the cups. The two men that bounced the balls at the cups clink the shot glasses together and then drink the shot. A young man in black pats the back of the young man in grey. The young man in grey drinks from one of the red cups on the table while the young man in black pretends to punch him. Another young man rearranges the remaining cups on the table. The young man in grey and the young man in black fist bump.","A middle aged man talks while holding a mop. The man throws a mop pad on the floor and puts the mop on it picking up the pad. The man goes around the room mopping the floor. The same man is standing in a kitchen. The man runs water over the mop pad and then wrings it out. The man throws the mop pad on the floor again and picks it up with the mop. The man mops the floor going around the furniture.","A large group of people is standing and walking around several stacks of inner-tubes and a bus. Two young children are sitting in one of the bus seats. A group of adults is riding in the bus talking. Several kids are in their inner-tubes in the water among other people floating on inner-tubes in the water. Several people are shown in canoes with people in inner-tubes in the background. A young girl sinks down in the middle of her inner-tube and jumps back up with her head soaked. Someone shows a first person view floating down the river. Various other people are shown in inner-tubes and canoes in the water. A few people are seen buying food from two women at a a concession stand. A man holds a young boy in a life vest who looks like he is sleeping.","A group of coaches, gymnasts and parents stand and sit around a gym while a few of the gymnasts perform or practice. A young girl in purple does a balance beam routine. A girl in the back ground does a floor routine. When the floor routine ends the crowd all claps and several young gymnasts get up and walk around. A woman hold up a sign that says 965. The girl on the balance beam ends her routine and walks over and hugs a woman in purple.","A group of kids poses with the arms in the air. Another group of kids poses holding up peace signs. A third group of kids poses with their arms around each other. A fourth group of kids poses with their mouths open. A fifth group of kids poses smiling. A group of kids stands on a line in a gym. A girl flips across the gym. A young boy bounces a dodge ball. A group of kids in blue all run toward the center of the gym. A young boy aims a dodge ball at a group of kids on the opposite side of the gym and throws the ball hitting one of them. A young boy in blue celebrates. Another older boy in blue throws a dodge ball. A little boy runs to the line holding two balls and throws one of them. A boy in blue throws a ball while a boy behind him runs. A boy in pink throws a ball. A young boy in white dips down and a ball flies over his head. A boy in pink and then a girl in pink throw a ball. several kids in white celebrate. A group of kids runs toward the center of the gym. The white team plays and a very young player throws the ball. A boy in green throws the ball and the blue team runs to throw several balls back. Another boy and girl run and throw a ball at the same time. A boy in white throws a ball. A group of adults stands on the line on the gym floor. The adults play do0dge ball. A group of kids and adults hold up trophy's and wave."],"descriptions":[["A group of young men poses and goofs around in front of a table full of red cups."," A young man in black puts two shot glasses down on the table."," Another group of young men sit in chairs outside."," A young man in grey bounces a ball on the table and in to one of the cups and celebrates with the young man next to him."," A young man in black bounces a ball toward the cups but misses."," Another man holds his hand up next to the cups."," The two men that bounced the balls at the cups clink the shot glasses together and then drink the shot."," A young man in black pats the back of the young man in grey."," The young man in grey drinks from one of the red cups on the table while the young man in black pretends to punch him."," Another young man rearranges the remaining cups on the table."," The young man in grey and the young man in black fist bump."],["A middle aged man talks while holding a mop."," The man throws a mop pad on the floor and puts the mop on it picking up the pad."," The man goes around the room mopping the floor."," The same man is standing in a kitchen."," The man runs water over the mop pad and then wrings it out."," The man throws the mop pad on the floor again and picks it up with the mop."," The man mops the floor going around the furniture."],["A large group of people is standing and walking around several stacks of inner-tubes and a bus."," Two young children are sitting in one of the bus seats."," A group of adults is riding in the bus talking."," Several kids are in their inner-tubes in the water among other people floating on inner-tubes in the water."," Several people are shown in canoes with people in inner-tubes in the background."," A young girl sinks down in the middle of her inner-tube and jumps back up with her head soaked."," Someone shows a first person view floating down the river."," Various other people are shown in inner-tubes and canoes in the water."," A few people are seen buying food from two women at a a concession stand."," A man holds a young boy in a life vest who looks like he is sleeping."],["A group of coaches, gymnasts and parents stand and sit around a gym while a few of the gymnasts perform or practice."," A young girl in purple does a balance beam routine."," A girl in the back ground does a floor routine."," When the floor routine ends the crowd all claps and several young gymnasts get up and walk around."," A woman hold up a sign that says 965."," The girl on the balance beam ends her routine and walks over and hugs a woman in purple."],["A group of kids poses with the arms in the air."," Another group of kids poses holding up peace signs."," A third group of kids poses with their arms around each other."," A fourth group of kids poses with their mouths open."," A fifth group of kids poses smiling."," A group of kids stands on a line in a gym."," A girl flips across the gym."," A young boy bounces a dodge ball."," A group of kids in blue all run toward the center of the gym."," A young boy aims a dodge ball at a group of kids on the opposite side of the gym and throws the ball hitting one of them."," A young boy in blue celebrates."," Another older boy in blue throws a dodge ball."," A little boy runs to the line holding two balls and throws one of them."," A boy in blue throws a ball while a boy behind him runs."," A boy in pink throws a ball."," A young boy in white dips down and a ball flies over his head."," A boy in pink and then a girl in pink throw a ball."," several kids in white celebrate."," A group of kids runs toward the center of the gym."," The white team plays and a very young player throws the ball."," A boy in green throws the ball and the blue team runs to throw several balls back."," Another boy and girl run and throw a ball at the same time."," A boy in white throws a ball."," A group of adults stands on the line on the gym floor."," The adults play do0dge ball."," A group of kids and adults hold up trophy's and wave."]],"rates":[1,1,2,1,1],"timestaken":[743.456,446.928,749.234,415.007,1160.82],"pausetime":[13,2,15,4,28]}