{"names":["v_s9Q8SZbixV4.mp4","v_SID0y9y6Uk4.mp4","v_sJFgo9H6zNo.mp4","v_sjyZWmvTGA4.mp4","v_srXhWAGzd-s.mp4"],"durations":[234.847,140.179,139.042,35.968,218.268],"timestamps":[[[5.87,17.61],[15.27,30.53],[30.53,132.69],[12.92,211.36],[41.1,59.89],[35.23,190.23],[69.28,82.2],[106.86,176.14],[173.79,204.32],[185.53,205.49]],[[2.8,11.21],[2.8,133.87],[12.62,21.73],[12.62,115.65],[28.74,84.81],[72.19,84.81],[6.31,124.76]],[[3.48,17.38],[3.48,13.9],[9.04,18.77],[19.47,27.11],[27.11,38.24],[33.37,45.19],[45.88,51.45],[65.35,78.56],[84.82,98.02],[111.93,130.7]],[[0.54,27.34],[3.06,27.34],[5.75,25.18],[10.07,12.95],[27.34,35.25]],[[5.46,25.1],[89.49,105.86],[106.95,175.71],[137.51,156.06],[127.69,210.63],[181.16,210.63]]],"paragraph":["A group of people are in a high school gym. Males are partnered with females and they are holding hands. Now they are all dancing the same dance. It appears to be some sort of tango dance. The men are twirling the girls around their hands. The men are leading the girls in the dance. The girls are twirling around the boys. The dancing continues for many more moments. The girls and boys separate. The girls twirl scarfs around, then the boys pick them up to finish.","Two men prepare for a fencing match. The video shows several highlights of people fencing each other in various matches. Some win the matches quite quickly. Two men constantly go back and fourth towards each other. The man wins over and over again. He is shown practicing for his upcoming matches against another. He seems to win over and over again.","A little boy playing on a jungle gym. He is climbing up a set of stairs. Now is sliding fast down a slide. Another boy is shown playing in the grass. Now the first boy is being picked up by a woman. Now he is going to go down the slide once again. The boy likes playing with a large wheel on the playground. Once again he goes down the slide, but with dad right behind him. He goes down the slide a 4th time but with another little boy. He goes down the slide several more times.","Several men are blowing leaves in front of a home. One man is going all throughout the yard to blow the leaves. He clears out in front of the home. He also clears out by the shed. Another man is shown wandering through the yard.","A person is shown cleaning off the outside of a car. The car is then driven inside of a shop. Inside a man starts detailing the car once again and cleaning off the outside. He spray paints parts of the car. He sprays cleaner on the inside and outside of the car. He wipes down all surfaces from inside and outside the car."],"descriptions":[["A group of people are in a high school gym."," Males are partnered with females and they are holding hands."," Now they are all dancing the same dance."," It appears to be some sort of tango dance."," The men are twirling the girls around their hands."," The men are leading the girls in the dance."," The girls are twirling around the boys."," The dancing continues for many more moments."," The girls and boys separate."," The girls twirl scarfs around, then the boys pick them up to finish."],["Two men prepare for a fencing match."," The video shows several highlights of people fencing each other in various matches."," Some win the matches quite quickly."," Two men constantly go back and fourth towards each other."," The man wins over and over again."," He is shown practicing for his upcoming matches against another."," He seems to win over and over again."],["A little boy playing on a jungle gym."," He is climbing up a set of stairs."," Now is sliding fast down a slide."," Another boy is shown playing in the grass."," Now the first boy is being picked up by a woman."," Now he is going to go down the slide once again."," The boy likes playing with a large wheel on the playground."," Once again he goes down the slide, but with dad right behind him."," He goes down the slide a 4th time but with another little boy."," He goes down the slide several more times."],["Several men are blowing leaves in front of a home."," One man is going all throughout the yard to blow the leaves."," He clears out in front of the home."," He also clears out by the shed."," Another man is shown wandering through the yard."],["A person is shown cleaning off the outside of a car."," The car is then driven inside of a shop."," Inside a man starts detailing the car once again and cleaning off the outside."," He spray paints parts of the car."," He sprays cleaner on the inside and outside of the car."," He wipes down all surfaces from inside and outside the car."]],"rates":[1,1,1,0.5,1],"timestaken":[577.068,219.828,255.34,102.098,169.521],"pausetime":[9,4,4,5,10]}