{"names":["v_ql7I6qtyhBU.mp4","v_qsTCTQo-wI8.mp4","v_R4ES1QLRvtg.mp4","v_rhOtqArO-3Y.mp4","v_rs7er4e67ec.mp4"],"durations":[187.78,196.232,187.386,231.248,107.671],"timestamps":[[[5.63,187.78],[8.45,187.78],[9.39,187.78],[15.96,187.78],[25.35,187.78],[32.86,187.78],[46.01,187.78],[128.63,187.78],[148.35,187.78],[153.98,187.78],[171.82,187.78]],[[10.79,196.23],[36.3,196.23],[72.61,196.23],[118.72,196.23],[187.4,196.23]],[[23.42,187.39],[53.41,187.39],[113.37,187.39],[149.91,187.39],[177.08,187.39]],[[0,231.25],[12.72,231.25],[37,231.25],[76.31,231.25],[137.59,231.25],[173.44,231.25],[150.31,231.25],[172.28,231.25],[223.15,231.25]],[[18.84,107.67],[32.84,107.67],[49.53,107.67],[64.6,107.67],[97.98,107.67]]],"paragraph":["The screen shows company sponsors for a winter club event. A blue convertible drives past the North shore Winter Club. A couple enters the club while a silver mini van is parked outside. Several people are entering the Curling room inside the club. The coach representing the Brasil team, wearing a green jersey is giving instructions to the players. The coach talks to the players while they prepare themselves. The players begin playing with their sticks as they push the rocks through the floor, Several other players are practicing curling on the floor as they glide through the slippery surface. Players continue to play and exchange high fives as they practice. About nine of the contestants receive medals of victory from the judge. They applaud themselves and each other high fives to express their victory. The video ends with details about all the sponsors responsible for the event.","A man is explaining how to play the drums on bongos. He demonstrates how he alternates between three bongos. He later switches to a much slower beat and rhythm by drumming on the bongos. He explains how the beats on the drum changes as the rhythm changes. He then switches back to a faster beat and rhythm on the drums by alternating between two drums.","A person in dark winter gear is using a shovel to shovel the walkway of a parking garage. It is night time and the street is dimly lit with the street lights. He continues shoveling the entire pathway while several cars drive by on the main road nearby.He picks up the up snow and piles it up on the corner. After he finishes, he walks away.","The video shows a canopy representing the Eastern Mountain Sports event. Several players are getting ready for the sporting event in an outdoor setting on a bright sunny day. There is a boy balancing on a tight rope. There are several other contestants walking on the tight rope. Several people watch the contestants perform. Two people are playing with a Frisbee as one person walks on the rope. A girl and boy try the tight rope together. There are people enjoying themselves on a hammock. The end credits thank the people and organizers of the event.","The video begins with details of a field hockey team's victory in the final championship game. The stadium shows the two teams competing in the game hockey. The crowd is loudly cheering as one team becomes victorious. The players jump on each other with joy as they celebrate. There is a stage of singers performing live music as they celebrate the victory of the winning team."],"descriptions":[["The screen shows company sponsors for a winter club event."," A blue convertible drives past the North shore Winter Club."," A couple enters the club while a silver mini van is parked outside."," Several people are entering the Curling room inside the club."," The coach representing the Brasil team, wearing a green jersey is giving instructions to the players."," The coach talks to the players while they prepare themselves."," The players begin playing with their sticks as they push the rocks through the floor, Several other players are practicing curling on the floor as they glide through the slippery surface."," Players continue to play and exchange high fives as they practice."," About nine of the contestants receive medals of victory from the judge."," They applaud themselves and each other high fives to express their victory."," The video ends with details about all the sponsors responsible for the event."],["A man is explaining how to play the drums on bongos."," He demonstrates how he alternates between three bongos."," He later switches to a much slower beat and rhythm by drumming on the bongos."," He explains how the beats on the drum changes as the rhythm changes."," He then switches back to a faster beat and rhythm on the drums by alternating between two drums."],["A person in dark winter gear is using a shovel to shovel the walkway of a parking garage."," It is night time and the street is dimly lit with the street lights."," He continues shoveling the entire pathway while several cars drive by on the main road nearby.","He picks up the up snow and piles it up on the corner."," After he finishes, he walks away."],["The video shows a canopy representing the Eastern Mountain Sports event."," Several players are getting ready for the sporting event in an outdoor setting on a bright sunny day."," There is a boy balancing on a tight rope."," There are several other contestants walking on the tight rope."," Several people watch the contestants perform."," Two people are playing with a Frisbee as one person walks on the rope."," A girl and boy try the tight rope together."," There are people enjoying themselves on a hammock."," The end credits thank the people and organizers of the event."],["The video begins with details of a field hockey team's victory in the final championship game."," The stadium shows the two teams competing in the game hockey."," The crowd is loudly cheering as one team becomes victorious."," The players jump on each other with joy as they celebrate."," There is a stage of singers performing live music as they celebrate the victory of the winning team."]],"rates":[1,1,1,1,1],"timestaken":[657.258,312.19,257.528,489.048,405.103],"pausetime":[11,1,1,4,7]}