{"names":["v_p800u2wCKbE.mp4","v_plZs-3GtoOo.mp4","v_Ptw9hFDV4ow.mp4","v_PyM_VG5KFa4.mp4","v_PziLzNjG2bI.mp4"],"durations":[40.473,65.202,103.701,93.414,21.107],"timestamps":[[[3.84,40.47],[8.7,40.47],[13.96,40.47],[33.19,40.47],[36.83,40.47],[39.46,40.47]],[[3.91,65.2],[5.87,65.2],[10.11,65.2],[14.34,65.2],[18.91,65.2],[34.56,65.2],[61.29,65.2]],[[19.18,103.7],[27.48,103.7],[74.15,103.7],[102.15,103.7]],[[4.67,93.41],[14.95,93.41],[19.62,93.41],[44.37,93.41],[85.47,93.41],[92.01,93.41]],[[4.75,21.11],[6.86,21.11],[11.93,21.11],[20.37,21.11]]],"paragraph":["A news reporter is talking about a local fund raiser held by a nursery school. There are several people gathered to support the cause. There is a lemonade stand set up where people are purchasing lemonade to donate money for a cause. One of the parents is talking to the news reporter about the fund raiser. Three more parents are standing are chatting as they sip lemonade. A picture the girl, Hannah is shown for whom the fund raiser was held.","A barber is shown using clippers on his client's head in a hair salon. He is shaving a man's head with shaving cream and a razor. He is also styling a boy's hair with gel and a comb. He is shaving a man's beard with shaving gel and a razor. He is also cutting a man's hair with scissors to give him a Mohawk. He is using clippers on a young man. The website is advertised on the screen with pictures of the website.","A coach is training a boy and a girl to do kickboxing. There is a woman standing in a purple shirt, filming the coach teach the kids. Both the girl and the boy are taking turns in returning the punches and kicks to the coach. The coach is encouraging the students to constantly punch and return the kicks.","A channel is displaying some cool and incredible videos. A young boy is sitting outdoors on a wooden bench and drumming on a drum set that is made out of steel plates, cans and pots. A man just walked past him while the boy was drumming loudly. He continues to drum on the handmade drum set rhythmically. He plays in a fast manner without stopping. The screen shows details of how to subscribe to the channel.","There are two contestants participating in the athletic jump competition. There are several spectators and judges watching them as they jump over the bar in a large indoor stadium. Both the contestants successfully jump over the bar. There is a slow motion video of the contestant jumping over the bar."],"descriptions":[["A news reporter is talking about a local fund raiser held by a nursery school."," There are several people gathered to support the cause."," There is a lemonade stand set up where people are purchasing lemonade to donate money for a cause."," One of the parents is talking to the news reporter about the fund raiser."," Three more parents are standing are chatting as they sip lemonade."," A picture the girl, Hannah is shown for whom the fund raiser was held."],["A barber is shown using clippers on his client's head in a hair salon."," He is shaving a man's head with shaving cream and a razor."," He is also styling a boy's hair with gel and a comb."," He is shaving a man's beard with shaving gel and a razor."," He is also cutting a man's hair with scissors to give him a Mohawk."," He is using clippers on a young man."," The website is advertised on the screen with pictures of the website."],["A coach is training a boy and a girl to do kickboxing."," There is a woman standing in a purple shirt, filming the coach teach the kids."," Both the girl and the boy are taking turns in returning the punches and kicks to the coach."," The coach is encouraging the students to constantly punch and return the kicks."],["A channel is displaying some cool and incredible videos."," A young boy is sitting outdoors on a wooden bench and drumming on a drum set that is made out of steel plates, cans and pots."," A man just walked past him while the boy was drumming loudly."," He continues to drum on the handmade drum set rhythmically."," He plays in a fast manner without stopping."," The screen shows details of how to subscribe to the channel."],["There are two contestants participating in the athletic jump competition."," There are several spectators and judges watching them as they jump over the bar in a large indoor stadium."," Both the contestants successfully jump over the bar."," There is a slow motion video of the contestant jumping over the bar."]],"rates":[1,1,1,1,1],"timestaken":[440.543,568.586,190.791,302.506,211.462],"pausetime":[7,9,1,7,6]}