{"names":["v_NiaE7amNW7s.mp4","v_o2mqzjWJJNw.mp4","v_oOu5vC3EB5E.mp4","v_Ou24uqaFRPg.mp4","v_P5Sg_kACPRM.mp4"],"durations":[189.893,72.702,65.132,50.481,15.628],"timestamps":[[[0,5.7],[5.7,8.55],[0,84.5],[0,81.65],[7.6,13.29],[28.48,30.38],[13.29,83.55],[37.03,38.93],[85.45,87.35],[87.35,90.2],[90.2,92.1],[89.25,92.1],[93.05,95.9],[95.9,100.64],[101.59,117.73],[119.63,159.51],[162.36,167.11],[169,182.3],[179.45,187.04],[184.2,189.89]],[[0,4.36],[4.36,29.44],[19.63,29.44],[30.53,34.17],[34.53,45.08],[45.44,53.07],[53.44,59.62],[60.71,65.8],[66.16,72.7]],[[0,62.53],[2.61,4.23],[17.26,18.24],[40.06,41.36],[51.45,62.53],[63.18,65.13]],[[0,50.48],[9.84,12.87],[15.4,17.42],[17.67,25.49],[25.75,37.1],[31.05,37.1],[37.36,41.14],[41.65,50.48]],[[0,15.63],[4.22,5.78],[2.42,13.6],[15.08,15.63],[14.14,15.63]]],"paragraph":["A young female gymnast wearing red prepares for her balance beam routine in the Olympics. The female gymnast runs to the springboard and jumps from it to the balance beam. The female gymnast then does her tumbling routine on the balance beam while commentators explain what she is doing and how difficult it is. A huge crowd watches and cheers the gymnast on. An Asian man walks to the balance beam and pulls the springboard away from the beam. The gymnast performs a difficult tumbling sequence and the crowd cheers louder than before. People in the crowd that is watching the gymnast enter the gym and find seats while others stand up and exit the gym. Another female gymnast walks past the balance beam in the background. The female gymnast prepares for her dismount. The female gymnast runs and completes a tumbling sequence to exit the balance beam. The female gymnast lands perfectly and throws her arms straight up in the air with a huge smile on her face Other gymnasts in the background watch and clap. A large group of photographers watch and take photographs of the gymnast. The gymnast waves while spinning in a circle and then runs to the side of the gym floor. Three Asian gymnasts in yellow watch and clap without smiling. The gymnast in red hugs and talks to her other teammates and her coach while several photographers take photos of her. The commentators replay several of the gymnasts more difficult tumbling sequences and her dismount in slow motion while explaining what she is doing. The female gymnast hugs another coach and another one of her teammates while a man films them with a large camera. All of the gymnasts on the United States team and their coaches walk through the gym while the crowd cheers very loudly. Several gymnasts from other teams also walk past. The female gymnast talks with her team while waiting for her score to be displayed.","A man wearing a heavy apron, heavy gloves and large plastic mask over his face walks over to a tool sitting on a wooden table. The man picks up the tool and touches it to something on the table making sparks fly. A continuous spray of sparks shoots off of the tool. The man stops and and takes a step back while pulling his face mask up and looking at the item on the table. The man pulls his face mask back down and begins to use the tool again sending sparks flying again. The man pauses and backs away looking at the item on the table. He touches the tool to the item one more time. The man then looks at the tool he is using and shakes it a little before sitting it down on the table. The man then removes one of his gloves and walks away.","A man wearing a yellow shirt and a man wearing a black shirt play racket ball. The man in black serves the ball. The man in yellow serves the ball. The man in yellow serves the ball again. The man in yellow plays alone while the man in black stands by. A hand covers the camera lens.","A furniture renovation company advertises their services by showing several homes and tools they have worked on and use and what type of work they do. A man in an apron carefully puts a colored substance on a plate. The man mixes two of the different colored substances with a paint brush. The man carefully touches the paint brush to an old table coloring portions of the table that have been damaged. A different man in an apron and face mask sands an old table. The man then puts polish on a rag and polishes the table. The man polishes a different old table. Information on how to reach the restoration company is displayed.","Two men run on a track while a large crowd of spectators and press watch. A man in the grass in the background runs with the men for a moment. The man on the inside lane of the track starts running very fast and then jumps into a sand pit. the other man runs past the sand pit. The man that jumped steps out of the sand pit and walks to the side."],"descriptions":[["A young female gymnast wearing red prepares for her balance beam routine in the Olympics."," The female gymnast runs to the springboard and jumps from it to the balance beam."," The female gymnast then does her tumbling routine on the balance beam while commentators explain what she is doing and how difficult it is."," A huge crowd watches and cheers the gymnast on."," An Asian man walks to the balance beam and pulls the springboard away from the beam."," The gymnast performs a difficult tumbling sequence and the crowd cheers louder than before."," People in the crowd that is watching the gymnast enter the gym and find seats while others stand up and exit the gym."," Another female gymnast walks past the balance beam in the background."," The female gymnast prepares for her dismount."," The female gymnast runs and completes a tumbling sequence to exit the balance beam."," The female gymnast lands perfectly and throws her arms straight up in the air with a huge smile on her face Other gymnasts in the background watch and clap."," A large group of photographers watch and take photographs of the gymnast."," The gymnast waves while spinning in a circle and then runs to the side of the gym floor."," Three Asian gymnasts in yellow watch and clap without smiling."," The gymnast in red hugs and talks to her other teammates and her coach while several photographers take photos of her."," The commentators replay several of the gymnasts more difficult tumbling sequences and her dismount in slow motion while explaining what she is doing."," The female gymnast hugs another coach and another one of her teammates while a man films them with a large camera."," All of the gymnasts on the United States team and their coaches walk through the gym while the crowd cheers very loudly."," Several gymnasts from other teams also walk past."," The female gymnast talks with her team while waiting for her score to be displayed."],["A man wearing a heavy apron, heavy gloves and large plastic mask over his face walks over to a tool sitting on a wooden table."," The man picks up the tool and touches it to something on the table making sparks fly."," A continuous spray of sparks shoots off of the tool."," The man stops and and takes a step back while pulling his face mask up and looking at the item on the table."," The man pulls his face mask back down and begins to use the tool again sending sparks flying again."," The man pauses and backs away looking at the item on the table."," He touches the tool to the item one more time."," The man then looks at the tool he is using and shakes it a little before sitting it down on the table."," The man then removes one of his gloves and walks away."],["A man wearing a yellow shirt and a man wearing a black shirt play racket ball."," The man in black serves the ball."," The man in yellow serves the ball."," The man in yellow serves the ball again."," The man in yellow plays alone while the man in black stands by."," A hand covers the camera lens."],["A furniture renovation company advertises their services by showing several homes and tools they have worked on and use and what type of work they do."," A man in an apron carefully puts a colored substance on a plate."," The man mixes two of the different colored substances with a paint brush."," The man carefully touches the paint brush to an old table coloring portions of the table that have been damaged."," A different man in an apron and face mask sands an old table."," The man then puts polish on a rag and polishes the table."," The man polishes a different old table."," Information on how to reach the restoration company is displayed."],["Two men run on a track while a large crowd of spectators and press watch."," A man in the grass in the background runs with the men for a moment."," The man on the inside lane of the track starts running very fast and then jumps into a sand pit."," the other man runs past the sand pit."," The man that jumped steps out of the sand pit and walks to the side."]],"rates":[1,1,1,1,1],"timestaken":[1388.808,730.989,375.057,496.393,277.858],"pausetime":[32,15,7,10,5]}