{"names":["v_mQHY2uMOMP4.mp4","v_MTC0fs4QyEY.mp4","v_mTtBz5d83C4.mp4","v_mvQxhjjVWOk.mp4","v_MYRsm8m9mk4.mp4"],"durations":[115.473,225.257,21.34,176.495,141.247],"timestamps":[[[8.08,115.47],[15.01,115.47],[25.98,115.47],[41.57,115.47],[86.03,115.47],[100.46,115.47],[110.85,115.47]],[[18.02,225.26],[92.36,225.26],[186.96,225.26],[217.37,225.26]],[[2.03,21.34],[17.18,21.34],[20.59,21.34]],[[13.24,176.5],[48.54,176.5],[73.25,176.5],[112.96,176.5],[135.9,176.5],[170.32,176.5]],[[9.89,141.25],[26.84,141.25],[47.32,141.25],[98.87,141.25],[132.77,141.25]]],"paragraph":["The video instructor, Stephanie is talking about a hair tutorial. She is demonstrating how to cut long hair on men. Her model is seated in a chair next to her as she combs his wet hair. She shows how the hair is parted and sectioned before cutting the hair She uses scissors to point cut the tips of the model's hair. She continues the procedure on the model's hair. She then explains how to blow dry the hair to get the finished look on the model. She finally gives information about her website.","There is an old man doing Tai Chi on a sidewalk while pedestrians walk by. The man continues doing Tai Chi on the sidewalk as several people walk by him. He then stands next to some well pruned shrubs and continues his exercise in the open while it rains heavily. He then takes his shirt and walks away after he is done with his Tai Chi exercise.","There are several people sledding down a snowy slope in round snow tubes. They are going down the steep snowy slope at high speed. One of the people going down the slope raises his hand to his friend as he goes downhill.","There is a woman representing Jamaica participating on a long jump event. There is another woman doing long jump from another country. Several other contestant are participating in the same long jump competition. There are spectators watching them as they compete against each other. The contestant from Istanbul makes very long jump in the sand pit. The contestants continue competing in the sporting event.","There are several men playing tug of war on a sandy ground that is surrounded by mountains. They continue pulling the rope with force. Several spectators are watching them and cheering them as they continue to play. The players continue to pull the rope with concentration. Finally the victorious team raises their hands up and cheer and dance around in a circle."],"descriptions":[["The video instructor, Stephanie is talking about a hair tutorial."," She is demonstrating how to cut long hair on men."," Her model is seated in a chair next to her as she combs his wet hair."," She shows how the hair is parted and sectioned before cutting the hair She uses scissors to point cut the tips of the model's hair."," She continues the procedure on the model's hair."," She then explains how to blow dry the hair to get the finished look on the model."," She finally gives information about her website."],["There is an old man doing Tai Chi on a sidewalk while pedestrians walk by."," The man continues doing Tai Chi on the sidewalk as several people walk by him."," He then stands next to some well pruned shrubs and continues his exercise in the open while it rains heavily."," He then takes his shirt and walks away after he is done with his Tai Chi exercise."],["There are several people sledding down a snowy slope in round snow tubes."," They are going down the steep snowy slope at high speed."," One of the people going down the slope raises his hand to his friend as he goes downhill."],["There is a woman representing Jamaica participating on a long jump event."," There is another woman doing long jump from another country."," Several other contestant are participating in the same long jump competition."," There are spectators watching them as they compete against each other."," The contestant from Istanbul makes very long jump in the sand pit."," The contestants continue competing in the sporting event."],["There are several men playing tug of war on a sandy ground that is surrounded by mountains."," They continue pulling the rope with force."," Several spectators are watching them and cheering them as they continue to play."," The players continue to pull the rope with concentration."," Finally the victorious team raises their hands up and cheer and dance around in a circle."]],"rates":[1,1,1,1,1],"timestaken":[406.462,302.788,184.884,269.586,199.137],"pausetime":[5,1,3,2,1]}