{"names":["v_lVMMPkvnid8.mp4","v_M9uQCTr2-r0.mp4","v_M_LSDRzVN38.mp4","v_maXU1lGguxs.mp4","v_MbCAiWBhAjo.mp4"],"durations":[158.175,184.576,43.584,85.218,135.35],"timestamps":[[[0,28.47],[28.47,77.51],[77.51,100.44],[101.23,117.84],[129.7,143.94],[143.94,158.18]],[[0,40.61],[40.61,71.06],[71.06,107.98],[107.98,124.59],[124.59,184.58]],[[0,15.04],[15.04,32.91],[32.91,43.58]],[[0,9.8],[9.8,76.7],[76.7,85.22]],[[0,9.47],[9.47,26.39],[26.39,39.93],[39.93,64.97],[64.97,92.04],[92.04,135.35]]],"paragraph":["Team of Bolivian bowlers get ready to start bowling by practicing a technique taught by Jason Belmont by putting two fingers in the holes and using two hands to spin the ball. The young amateur players begin to bowl using the two handed technique. The president of the Bowling Federation Marcelo Garafulic is introduced. The announcer begins explaining how the team of Bolivian bowlers are training and more practice is shown. Garafulic starts to explain clinics and the medals they have won breaking perfect games. The bowlers are shown practicing once again.","Young boys are shown playing ping pong with one another in a large gymnasium serving one after the other. Another boy walks up to the table and starts playing with the other boys, which then turns into a two versus two game of Ping Pong. The boys take turns serving back and forth scoring points at random. The boy that was first shown is playing a third game now that is being kept score of by an official and scores the first 4 points. The boy is playing yet another tournament with a different child in Ping Pong and seems to possibly be falling behind a little in points.","A blindfolded young woman swings a stick around wildly as a man holds a piñata high above her head on a string at a birthday party. Then woman swings a few more times as the man brings the piñata up and down with the attached string and as she does this knocks a piece of the piñata off and a few kids gather round her to see if any candy fell out. The woman feels for the piñata a few times with the stick, but does not swing as kids continue to look up in amazement.","A beautiful young woman holding a violin in hand begins to motion back and forth against the strings with the bow to play a song that she has practiced. The nicely dressed woman in black with white sleeves continues playing and smiling intermittently while eloquently holding down different chords and notes in the corner of the room next to a piano dancing back and forth as she plays. The woman stops playing and smiles once more before walking out of view of the camera putting the violin down and ending the song.","Lemons are thrown onto a counter and glasses of lemon-aid appear with ice in mason jars on the counter as well. Lemons are then rolled around against the counter back and forth evenly with the palm of a hand using firm pressure. The lemons are scraped back and forth against a metal food grater to get the zest off of them leaving the skin of the lemon in a bowl. Water is added into a saucepan along with sugar, and then the lemon zest that was extracted with the metal shredder is added to the water as well. The lemons are cut and juiced over a glass bowl and then the juice is poured through a strainer along with the sugar water with zest that was previously mixed in the saucepan. The mixture is stirred with added water and ice is then added."],"descriptions":[["Team of Bolivian bowlers get ready to start bowling by practicing a technique taught by Jason Belmont by putting two fingers in the holes and using two hands to spin the ball."," The young amateur players begin to bowl using the two handed technique."," The president of the Bowling Federation Marcelo Garafulic is introduced."," The announcer begins explaining how the team of Bolivian bowlers are training and more practice is shown."," Garafulic starts to explain clinics and the medals they have won breaking perfect games."," The bowlers are shown practicing once again."],["Young boys are shown playing ping pong with one another in a large gymnasium serving one after the other."," Another boy walks up to the table and starts playing with the other boys, which then turns into a two versus two game of Ping Pong."," The boys take turns serving back and forth scoring points at random."," The boy that was first shown is playing a third game now that is being kept score of by an official and scores the first 4 points."," The boy is playing yet another tournament with a different child in Ping Pong and seems to possibly be falling behind a little in points."],["A blindfolded young woman swings a stick around wildly as a man holds a piñata high above her head on a string at a birthday party."," Then woman swings a few more times as the man brings the piñata up and down with the attached string and as she does this knocks a piece of the piñata off and a few kids gather round her to see if any candy fell out."," The woman feels for the piñata a few times with the stick, but does not swing as kids continue to look up in amazement."],["A beautiful young woman holding a violin in hand begins to motion back and forth against the strings with the bow to play a song that she has practiced."," The nicely dressed woman in black with white sleeves continues playing and smiling intermittently while eloquently holding down different chords and notes in the corner of the room next to a piano dancing back and forth as she plays."," The woman stops playing and smiles once more before walking out of view of the camera putting the violin down and ending the song."],["Lemons are thrown onto a counter and glasses of lemon-aid appear with ice in mason jars on the counter as well."," Lemons are then rolled around against the counter back and forth evenly with the palm of a hand using firm pressure."," The lemons are scraped back and forth against a metal food grater to get the zest off of them leaving the skin of the lemon in a bowl."," Water is added into a saucepan along with sugar, and then the lemon zest that was extracted with the metal shredder is added to the water as well."," The lemons are cut and juiced over a glass bowl and then the juice is poured through a strainer along with the sugar water with zest that was previously mixed in the saucepan."," The mixture is stirred with added water and ice is then added."]],"rates":[1,1,1,1,1],"timestaken":[1017.929,652.868,387.84,662.773,1502.438],"pausetime":[19,14,7,11,26]}