{"names":["v_adz3kDJLCF4.mp4","v_amCD-2TIKw0.mp4","v_b5GrYqt5tRQ.mp4","v_bDkSq9T55RI.mp4","v_BfnM0eyjB5Q.mp4"],"durations":[68.848,124.181,164.096,40.403,185.621],"timestamps":[[[0,2.41],[0,9.98],[0,12.05],[0,13.43],[0,15.15],[0,24.79],[0,32.7],[0,40.28],[0,44.75],[0,47.85],[0,53.36],[0,54.73],[0,64.37],[0,68.85]],[[9.93,124.18],[15.52,124.18],[19.87,124.18],[24.22,124.18],[29.18,124.18],[31.05,124.18],[35.39,124.18],[42.84,124.18],[57.74,124.18],[120.46,124.18]],[[7.38,164.1],[20.51,164.1],[47.59,164.1],[71.38,164.1],[112.41,164.1],[163.28,164.1]],[[4.85,40.4],[11.31,40.4],[19.8,40.4],[27.07,40.4],[31.11,40.4],[40.2,40.4]],[[12.07,185.62],[27.84,185.62],[46.41,185.62],[62.18,185.62],[82.6,185.62],[103.95,185.62],[119.73,185.62],[133.65,185.62],[151.28,185.62],[181.91,185.62]]],"paragraph":["A woman is using a pink brush to brush her teeth. She is brushing very fast and vigorously. She is brushing her upper and lower teeth. She sticks her tongue out to clean the toothpaste. She checks her teeth to see if they're clean enough. While she continues brushing, she opens her mouth. Some of the toothpaste falls down. She starts brushing her tongue thoroughly. Then she continues brushing her upper and lower teeth again. She then sticks her tongue out and scrapes it against her teeth. She spits out some toothpaste. Some of the toothpaste falls on her chin making it look like a white beard. She pretends to be Santa Claus and says, ho, ho, Merry Christmas. Then she laughs as she shows her teeth with a wide smile.","A woman is playing music on a stereo in a busy city. Another woman is standing on the sidewalk with headphones. They both smile at each other as they groove to the music. The woman picks up the stereo and starts walking. The other woman follows her on the same sidewalk. They walk together holding the stereo. A man in a red shirt starts dancing next to a car with another woman. They join the woman walking with the stereo in her hand. Several other people join them as they walk and dance to the music. All the people break into a synchronized dance right on the street.","A group of men are holding maracas in the their hands and playing to some Reggae music. One of the men begins singing in the microphone. The rest of the men join him in singing the chorus. They play the maracas as they sing the song. The men also dance as they sing and play the maracas The lead singer sings solo for some time while the others play their maracas. Then all the men join him in singing the song while playing their maracas.","A man wearing a red shirt is decorating a Christmas tree. He is using white lights to wrap the tree around to decorate it. He goes around the tree several times. Then he takes a gold colored garland and wraps the tree. Then he turns the lights on to light up the tree. He then stands besides the tree, pointing to it after the lights turn on.","A woman is giving instructions on how to install and adjust a saddle on a bike. She uses a Allen key wrench to loosen up the bolt. Then she demonstrates how she can move the saddle after she loosens it. She hits it with her hand to push the jammed saddle. Then she shows how to adjust the saddle by moving it back and forth. She later demonstrates how to remove the saddle off. She puts the new one on and then uses tools to tighten it back on. She uses a screwdriver to tighten the screws and adjust the level. She then shows another saddle and demonstrates how to tighten the bolts to adjust the level of the saddle. She shows how to tighten the bolt to make sure the saddle fits snugly."],"descriptions":[["A woman is using a pink brush to brush her teeth."," She is brushing very fast and vigorously."," She is brushing her upper and lower teeth."," She sticks her tongue out to clean the toothpaste."," She checks her teeth to see if they're clean enough."," While she continues brushing, she opens her mouth."," Some of the toothpaste falls down."," She starts brushing her tongue thoroughly."," Then she continues brushing her upper and lower teeth again."," She then sticks her tongue out and scrapes it against her teeth."," She spits out some toothpaste."," Some of the toothpaste falls on her chin making it look like a white beard."," She pretends to be Santa Claus and says, ho, ho, Merry Christmas."," Then she laughs as she shows her teeth with a wide smile."],["A woman is playing music on a stereo in a busy city."," Another woman is standing on the sidewalk with headphones."," They both smile at each other as they groove to the music."," The woman picks up the stereo and starts walking."," The other woman follows her on the same sidewalk."," They walk together holding the stereo."," A man in a red shirt starts dancing next to a car with another woman."," They join the woman walking with the stereo in her hand."," Several other people join them as they walk and dance to the music."," All the people break into a synchronized dance right on the street."],["A group of men are holding maracas in the their hands and playing to some Reggae music."," One of the men begins singing in the microphone."," The rest of the men join him in singing the chorus."," They play the maracas as they sing the song."," The men also dance as they sing and play the maracas The lead singer sings solo for some time while the others play their maracas."," Then all the men join him in singing the song while playing their maracas."],["A man wearing a red shirt is decorating a Christmas tree."," He is using white lights to wrap the tree around to decorate it."," He goes around the tree several times."," Then he takes a gold colored garland and wraps the tree."," Then he turns the lights on to light up the tree."," He then stands besides the tree, pointing to it after the lights turn on."],["A woman is giving instructions on how to install and adjust a saddle on a bike."," She uses a Allen key wrench to loosen up the bolt."," Then she demonstrates how she can move the saddle after she loosens it."," She hits it with her hand to push the jammed saddle."," Then she shows how to adjust the saddle by moving it back and forth."," She later demonstrates how to remove the saddle off."," She puts the new one on and then uses tools to tighten it back on."," She uses a screwdriver to tighten the screws and adjust the level."," She then shows another saddle and demonstrates how to tighten the bolts to adjust the level of the saddle."," She shows how to tighten the bolt to make sure the saddle fits snugly."]],"rates":[1,1,1,1,1],"timestaken":[2092.248,562.051,843.506,2563.704,531.267],"pausetime":[41,13,6,13,12]}