{"names":["v_4rKTw99bM8g.mp4","v_4XavNhCs-Do.mp4","v_5LveCNjz_zg.mp4","v_5YsdlM3Stjo.mp4","v_60CCYfec2vQ.mp4"],"durations":[9.567,134.142,161.519,150.326,61.533],"timestamps":[[[1.1,9.57],[4.97,9.57],[4.97,7.61]],[[18.11,106.64],[40.24,106.64],[59.02,126.76],[91.22,126.76],[111.34,118.72]],[[6.46,142.94],[24.23,142.94],[46.03,142.94],[59.76,142.94],[93.68,142.94],[131.64,142.94]],[[3.01,133.04],[9.77,133.04],[32.32,133.04],[47.35,133.04],[77.42,133.04],[102.22,133.04],[124.02,133.04]],[[7.69,54.46],[29.54,54.46],[48,54.46]]],"paragraph":["A person wearing a blue jacket and orange helmet is on an overturned raft in the water. The raft completely overturns as he tries to make his way up. Then the man straightens the raft and sits up straight in the raft.","There is man wearing a blue shirt and another man in black seated on a rock, talking about rock climbing. They are seated at a very high altitude in the mountains. The person in blue is demonstrating how the rope is fastened from the rocks. He is also showing tight rope walking from one end to another. Then the person in black also walks on a tight rope.","A woman is holding a black cat snuggled in a purple blanket. The cat is meowing as the woman holds her paws. there's another man with nail clippers, slipping the cat's nails. The cat meows loudly in pain and the woman kisses the cat to calm her down. The man continues to clip the cat's nails as the woman cajoles the cat and kisses the cat's ears. The man continues clipping the nails until he's done.","There's a brown horse tied in a stable. A woman in a green shirt and brown boots walks in and begins scrubbing the horse. She continues scrubbing and cleaning the horse on his stomach. She scrubs the horse's neck area and back area thoroughly. She then walks to the horse's other side and continues scrubbing. The horse begins moving his neck and head as she continues scrubbing. Then she goes in front of the horse and cleans his mouth.","There are several workers on top of a roof working on repairing the roof. They are removing the old shingles with the help of a roof jacks. They continue removing the shingles while standing on top of the roof."],"descriptions":[["A person wearing a blue jacket and orange helmet is on an overturned raft in the water."," The raft completely overturns as he tries to make his way up."," Then the man straightens the raft and sits up straight in the raft."],["There is man wearing a blue shirt and another man in black seated on a rock, talking about rock climbing."," They are seated at a very high altitude in the mountains."," The person in blue is demonstrating how the rope is fastened from the rocks."," He is also showing tight rope walking from one end to another."," Then the person in black also walks on a tight rope."],["A woman is holding a black cat snuggled in a purple blanket."," The cat is meowing as the woman holds her paws."," there's another man with nail clippers, slipping the cat's nails."," The cat meows loudly in pain and the woman kisses the cat to calm her down."," The man continues to clip the cat's nails as the woman cajoles the cat and kisses the cat's ears."," The man continues clipping the nails until he's done."],["There's a brown horse tied in a stable."," A woman in a green shirt and brown boots walks in and begins scrubbing the horse."," She continues scrubbing and cleaning the horse on his stomach."," She scrubs the horse's neck area and back area thoroughly."," She then walks to the horse's other side and continues scrubbing."," The horse begins moving his neck and head as she continues scrubbing."," Then she goes in front of the horse and cleans his mouth."],["There are several workers on top of a roof working on repairing the roof."," They are removing the old shingles with the help of a roof jacks."," They continue removing the shingles while standing on top of the roof."]],"rates":[1,1,1,1,1],"timestaken":[137.288,259.277,215.99,307.892,160.311],"pausetime":[2,2,1,5,3]}