{"names":["v_2zvN1cL1uik.mp4","v_30y8Uy0B_uk.mp4","v_3HBAcaU552I.mp4","v_3xmgPNrmUYM.mp4","v_4q7LmVSgIPk.mp4"],"durations":[191.635,172.664,123.925,56.425,203.314],"timestamps":[[[0,10.54],[10.54,89.11],[22.04,39.29],[32.58,77.61],[84.32,99.65],[84.32,174.39]],[[6.91,157.12],[16.4,30.22],[25.04,45.76],[46.62,114.82],[144.17,159.71]],[[1.86,114.63],[8.67,34.08],[28.5,67.54],[30.98,74.97],[60.72,101],[87.99,117.11]],[[0.85,4.8],[3.39,25.67],[25.96,50.5]],[[1.02,28.46],[26.43,42.7],[51.85,91.49],[95.56,165.7],[165.7,197.21]]],"paragraph":["An intro starts with music player and foreign letter are presented across the screen. A man sits down in front of a hookah and begins talking to the camera. The man takes a hit of the hookah and coughs a bit. The man shows how to avoid coughing with a hookah by moving the tobacco around on the bowl. He sits down and takes another puff off the hookah. He then continues taking puffs off the device and talking about how to get clear hits.","A man is hanging on a rock wall and talking to the camera. The man swings back and fourth and how to keep your balance when rock climbing. He begins climbing up the wall and talking about keeping straight arms. He continues climbing up the wall and where to position your feet and how to push. He finally makes it to the top of the rock wall and faces the camera.","A young boy and girl are standing over a sink with their mother talking. The mother instructs them on how to brush their teeth while laughing. The boy helps his younger sister brush his teeth. She gets them some water to gargle in their mouths. The boy and girl begin playing in the sink. The woman laughs at the children dribbling water.","A camera zooms in on a weight with a person standing nearby. A woman is then standing with weights in her hands and doing lunges. A second woman comes in as well as a man doing various weight lifting moves.","A person is talking on camera while showing various tools on the ground. A person is putting objects in front of a tire to move the car. A person drives the car over the object to move it. The tire is now sitting on top of an object and they take it off. A person brings out an old bike and talk about what needs to be done."],"descriptions":[["An intro starts with music player and foreign letter are presented across the screen."," A man sits down in front of a hookah and begins talking to the camera."," The man takes a hit of the hookah and coughs a bit."," The man shows how to avoid coughing with a hookah by moving the tobacco around on the bowl."," He sits down and takes another puff off the hookah."," He then continues taking puffs off the device and talking about how to get clear hits."],["A man is hanging on a rock wall and talking to the camera."," The man swings back and fourth and how to keep your balance when rock climbing."," He begins climbing up the wall and talking about keeping straight arms."," He continues climbing up the wall and where to position your feet and how to push."," He finally makes it to the top of the rock wall and faces the camera."],["A young boy and girl are standing over a sink with their mother talking."," The mother instructs them on how to brush their teeth while laughing."," The boy helps his younger sister brush his teeth."," She gets them some water to gargle in their mouths."," The boy and girl begin playing in the sink."," The woman laughs at the children dribbling water."],["A camera zooms in on a weight with a person standing nearby."," A woman is then standing with weights in her hands and doing lunges."," A second woman comes in as well as a man doing various weight lifting moves."],["A person is talking on camera while showing various tools on the ground."," A person is putting objects in front of a tire to move the car."," A person drives the car over the object to move it."," The tire is now sitting on top of an object and they take it off."," A person brings out an old bike and talk about what needs to be done."]],"rates":[1,1,1,1,1],"timestaken":[161.335,129.662,179.997,98.597,225.994],"pausetime":[7,4,5,0,8]}