{"names":["v_1Cdqwg7Giv4.mp4","v_1GXQLnTalcg.mp4","v_1qi8ZXUH_wY.mp4","v_2gc7pCOg-NE.mp4","v_2WzsyEvhPPI.mp4"],"durations":[186.364,110.04,82.571,155.574,223.051],"timestamps":[[[12.11,19.57],[20.5,30.75],[30.75,44.73],[47.52,58.7],[68.95,82.93],[82.93,168.66]],[[1.65,99.59],[14.31,22.56],[25.86,33.01],[34.66,72.08],[92.98,101.24]],[[2.06,75.97],[7.84,72.66],[15.69,57.39],[33.44,69.36],[62.75,82.57]],[[0,7.78],[8.56,17.11],[8.56,21],[21,74.68],[73.9,151.68]],[[0,17.84],[17.84,37.92],[40.15,88.11],[88.11,131.6],[131.6,210.78]]],"paragraph":["A man is spinning in circles and throwing a discuss for a competition. The video slows down and shows the same throw but in slow motion. Another man comes up to the plate and throws the discuss. Again the video slows down and shows the same throw in slow motion. A third player steps up and throws the discuss in slow motion. Several other players step up and take their turn throwing the disk.","A video tutorial plays with a woman talking in the background about how to brush your teeth. She lists out the tools you need and steps to brush. A man opens a bottle and puts toothpaste on it. He begins brushing his teeth following the woman's instructions. The man rinses his mouth out with water and smiles with the woman's voice.","A group of men are wrapping boxes on a table. Several people are walking around the area. A man is getting very in depth on his wrapping and wraps the box tightly. Another man appears and grabs paper then walks away. The man wrapping finishes his box.","A person is walking around a tennis court. Another man appears swinging around a tennis racket. He bounces a tennis ball on the floor while the other man walks into frame. They talk for a bit while walking around and preparing to play. The man run back and fourth and hit the ball off the wall to each other.","A man talking to the camera while holding a poster. He grabs various objects off the table and explains his instructions. He wraps a box with tin foil then writes on the box with a marker. He lays out more tin foil and wraps another object with it. He finishes wrapping all objects with tin foil and showing how."],"descriptions":[["A man is spinning in circles and throwing a discuss for a competition."," The video slows down and shows the same throw but in slow motion."," Another man comes up to the plate and throws the discuss."," Again the video slows down and shows the same throw in slow motion."," A third player steps up and throws the discuss in slow motion."," Several other players step up and take their turn throwing the disk."],["A video tutorial plays with a woman talking in the background about how to brush your teeth."," She lists out the tools you need and steps to brush."," A man opens a bottle and puts toothpaste on it."," He begins brushing his teeth following the woman's instructions."," The man rinses his mouth out with water and smiles with the woman's voice."],["A group of men are wrapping boxes on a table."," Several people are walking around the area."," A man is getting very in depth on his wrapping and wraps the box tightly."," Another man appears and grabs paper then walks away."," The man wrapping finishes his box."],["A person is walking around a tennis court."," Another man appears swinging around a tennis racket."," He bounces a tennis ball on the floor while the other man walks into frame."," They talk for a bit while walking around and preparing to play."," The man run back and fourth and hit the ball off the wall to each other."],["A man talking to the camera while holding a poster."," He grabs various objects off the table and explains his instructions."," He wraps a box with tin foil then writes on the box with a marker."," He lays out more tin foil and wraps another object with it."," He finishes wrapping all objects with tin foil and showing how."]],"rates":[1,1,1,1,1],"timestaken":[240.883,156.245,91.904,219.659,184.881],"pausetime":[3,5,5,6,8]}