{"names":["v_0A-p1Q0rseE.mp4","v_0acEl97ZBME.mp4","v_0dgmG3h9RLA.mp4","v_0FTaJwbFdZI.mp4","v_0rDb-zfhH0E.mp4"],"durations":[102.517,102.749,78.414,203.663,201.085],"timestamps":[[[2.05,15.38],[10.25,25.12],[23.07,39.98],[43.57,64.07],[70.74,102.52]],[[0,8.73],[7.19,19.52],[16.44,102.75]],[[1.18,9.41],[6.67,14.9],[16.07,78.41]],[[8.15,203.66],[31.57,60.08],[50.92,107.94],[89.61,172.1],[89.61,197.55]],[[0,69.37],[11.06,27.15],[19.1,43.23],[45.24,70.38],[73.4,156.85],[156.85,201.09]]],"paragraph":["A mixologist is talking about how to make alcoholic drinks. She talks about the drinks she makes a lot of favorites. She starts with a voda soda and how to make one. The next drink she makes is vodka seven. Then she makes a screwdriver, a greyhound, and then mixed with cranberry juice.","A camera pans up to a man sitting and smoking a cigarette. Another man walks over with a cart and begins digging through trash. The man smoking cigarettes begins talking to the homeless man about how life sucks and how he can relate to the homeless man.","A person is playing bagpipes out in a park. A man and two boys watching from a far. The camera shoots areas all around the park while the bagpipes play.","A woman is doing a dance routine on a stage. She twirls and kicks her legs around. She moves all around the stages and bends her body in numerous ways. She continues shaking her body for the audience to see. She shakes her hips back and fourth while moving her arms in various ways.","A boy and girl in a karate uniform are playing in front of a camera. They talk about how they earned their karate uniforms and what they like about karate. The girl talks about her brother and more about karate. The girl plays effects on her brother. The girl does various karate moves for the camera. Then the brother does several different karate moves for the camera."],"descriptions":[["A mixologist is talking about how to make alcoholic drinks."," She talks about the drinks she makes a lot of favorites."," She starts with a voda soda and how to make one."," The next drink she makes is vodka seven."," Then she makes a screwdriver, a greyhound, and then mixed with cranberry juice."],["A camera pans up to a man sitting and smoking a cigarette."," Another man walks over with a cart and begins digging through trash."," The man smoking cigarettes begins talking to the homeless man about how life sucks and how he can relate to the homeless man."],["A person is playing bagpipes out in a park."," A man and two boys watching from a far."," The camera shoots areas all around the park while the bagpipes play."],["A woman is doing a dance routine on a stage."," She twirls and kicks her legs around."," She moves all around the stages and bends her body in numerous ways."," She continues shaking her body for the audience to see."," She shakes her hips back and fourth while moving her arms in various ways."],["A boy and girl in a karate uniform are playing in front of a camera."," They talk about how they earned their karate uniforms and what they like about karate."," The girl talks about her brother and more about karate."," The girl plays effects on her brother."," The girl does various karate moves for the camera."," Then the brother does several different karate moves for the camera."]],"rates":[1,1,1,1,1],"timestaken":[155.991,502.903,71.207,138.3,314.746],"pausetime":[4,4,6,1,9]}