{"names":["v_-5h2E52tl4Q.mp4","v_-HaFSqzE4Nc.mp4","v_-wFNUGYf298.mp4","v_0-F3q8Aj9Zk.mp4","v_07GFy_Z7Nuc.mp4"],"durations":[114.521,53.522,224.096,207.401,60.163],"timestamps":[[[0,114.52],[12.02,23.48],[24.05,50.39],[53.82,54.97],[62.99,111.66]],[[0,53.52],[4.01,52.72]],[[14.57,22.41],[23.53,203.93],[203.93,209.53]],[[0,6.22],[20.74,25.93],[26.96,28],[29.04,30.07],[31.11,34.22],[46.67,71.55],[72.59,85.03],[99.55,140],[143.11,150.37],[162.81,207.4]],[[0,10.23],[8.72,11.13],[0,60.16],[9.33,55.95],[6.02,60.16],[57.76,60.16]]],"paragraph":["A middle aged female talks about a cleaning product. The female opens a container of cleaner and puts it on a rag. The female then uses the rag to rub the inside of the sink. The same female then uses a different rag to rub the sink surface. The female puts more cleaner on the rag and cleans the counter top.","A teenage boy and girl are sitting in s car smoking from a hose. The girl and boy take turns blowing smoke rings.","A young adult male punches and kicks a suspended punching bag. The young male then starts to move around the punching bag while still punching and kicking it. The young male then walks away while removing his gloves.","A teenage boy dances around in the background while another teenage boy wearing practices high jump in a school cafeteria. A teenage boy completes a high jump landing on his back on the mat. Several adults and teenagers are standing and sitting around the high jump mat while a boy in black does the high jump. The boy in black does another high jump while another teenage boy watches in the background. The same boy in black does a high jump while a taller boy in white walks past. The same high jump is shown slowly to point out mistakes the boy is making. A different boy wearing white does the high jump while other people stand and sit nearby. The high jump from the boy wearing white is replayed to point out mistakes. A third boy wearing blue does the high jump three times in a row with others in the background. A replay of the boy in blue is played to point out mistakes he is making.","A male gymnast walks up to the parallel bars and uses a spring board to jump up. Another man pulls the spring board out of the way. A large crowd watches from the stands in the gym. The gymnast does a parallel bar routine. Several other male gymnasts walk around in the background. The male gymnast completes his routine and runs off of the gym floor."],"descriptions":[["A middle aged female talks about a cleaning product."," The female opens a container of cleaner and puts it on a rag."," The female then uses the rag to rub the inside of the sink."," The same female then uses a different rag to rub the sink surface."," The female puts more cleaner on the rag and cleans the counter top."],["A teenage boy and girl are sitting in s car smoking from a hose."," The girl and boy take turns blowing smoke rings."],["A young adult male punches and kicks a suspended punching bag."," The young male then starts to move around the punching bag while still punching and kicking it."," The young male then walks away while removing his gloves."],["A teenage boy dances around in the background while another teenage boy wearing practices high jump in a school cafeteria."," A teenage boy completes a high jump landing on his back on the mat."," Several adults and teenagers are standing and sitting around the high jump mat while a boy in black does the high jump."," The boy in black does another high jump while another teenage boy watches in the background."," The same boy in black does a high jump while a taller boy in white walks past."," The same high jump is shown slowly to point out mistakes the boy is making."," A different boy wearing white does the high jump while other people stand and sit nearby."," The high jump from the boy wearing white is replayed to point out mistakes."," A third boy wearing blue does the high jump three times in a row with others in the background."," A replay of the boy in blue is played to point out mistakes he is making."],["A male gymnast walks up to the parallel bars and uses a spring board to jump up."," Another man pulls the spring board out of the way."," A large crowd watches from the stands in the gym."," The gymnast does a parallel bar routine."," Several other male gymnasts walk around in the background."," The male gymnast completes his routine and runs off of the gym floor."]],"rates":[2,1,1,0.5,1],"timestaken":[354.079,138.312,410.603,1313.146,364.281],"pausetime":[4,1,3,14,3]}