{"names":["v_yxSBQXuOwuc.mp4","v_yxZ4ouqcld4.mp4","v_Z4OyG8ZzUpg.mp4","v_Z8yNbpjUSLc.mp4","v_zDBpa2miW8A.mp4"],"durations":[144.011,137.3,176.356,166.511,52.385],"timestamps":[[[0,10.8],[14.4,33.12],[14.4,127.45],[127.45,144.01]],[[0,73.46],[19.22,72.77],[15.79,30.21],[24.03,38.44],[22.65,32.27],[36.38,48.06],[43.94,62.47],[57.67,118.76],[70.02,81.69],[78.26,129.75]],[[0,40.56],[8.82,40.56],[7.05,45.85],[29.98,37.03],[43.21,84.65],[84.65,125.21],[126.98,175.47]],[[6.66,116.56],[24.14,51.62],[81.59,119.06],[123.22,149.03]],[[0,3.93],[4.19,18.86],[21.74,45.57]]],"paragraph":["A logo is shown with water drop sounds playing in the background. A man is then shown wearing scubba gear and giving various hand signals to the camera. The water sounds still play and the man shows you various moves and what they mean under water. The logo then reappears on the screen and the video ends.","A camera shoots various shots all around a city and shoe store. Hundreds of people are walking around an area and checking out shoes. A man talks to a woman about what shoes she likes to wear. People are dancing and enjoying the event together. There is food being eaten at the event by many. Several runners are getting ready to start a race. The race begins and people run very fast. Several people get interviewed during the race. The man who wins the race comes across the finish line. Several more people are shown finishing.","Two boys are out in the yard playing ball. One stands in front of the net and passes to the other with lacrosse sticks. The boys continue passing the ball bath and fourth to each other. One boy throws the ball out into the road while the other runs after it. Another boy comes in with a wig and the boys start wrestling each other. The boys then pretend the beat the boy with the wig up. The boys all continue wrestling each other while grabbing the objects and running away.","A woman is in a kitchen talking about how to make lemonde. She presents various ingredients that you need to have. She blends all the juices together into a grinder to make a mixture. She then pours the mixture into a glass and drinks the juice.","An intro starts entitled how to cut the grass. A man walks out wearing funny attire and showing off to the camera with a lawn mower. The man then walks around and blows the leaves off still wearing the funny outfit."],"descriptions":[["A logo is shown with water drop sounds playing in the background."," A man is then shown wearing scubba gear and giving various hand signals to the camera."," The water sounds still play and the man shows you various moves and what they mean under water."," The logo then reappears on the screen and the video ends."],["A camera shoots various shots all around a city and shoe store."," Hundreds of people are walking around an area and checking out shoes."," A man talks to a woman about what shoes she likes to wear."," People are dancing and enjoying the event together."," There is food being eaten at the event by many."," Several runners are getting ready to start a race."," The race begins and people run very fast."," Several people get interviewed during the race."," The man who wins the race comes across the finish line."," Several more people are shown finishing."],["Two boys are out in the yard playing ball."," One stands in front of the net and passes to the other with lacrosse sticks."," The boys continue passing the ball bath and fourth to each other."," One boy throws the ball out into the road while the other runs after it."," Another boy comes in with a wig and the boys start wrestling each other."," The boys then pretend the beat the boy with the wig up."," The boys all continue wrestling each other while grabbing the objects and running away."],["A woman is in a kitchen talking about how to make lemonde."," She presents various ingredients that you need to have."," She blends all the juices together into a grinder to make a mixture."," She then pours the mixture into a glass and drinks the juice."],["An intro starts entitled how to cut the grass."," A man walks out wearing funny attire and showing off to the camera with a lawn mower."," The man then walks around and blows the leaves off still wearing the funny outfit."]],"rates":[1,1,1,1,1],"timestaken":[111.318,770.517,198.82,153.798,70.058],"pausetime":[4,3,7,7,0]}