{"names":["v_ybcStSlBGPc.mp4","v_YcDlkZkPb6g.mp4","v_Yojuicji624.mp4","v_Yp-NJgTAOCc.mp4","v_yUSo_xjyGhM.mp4"],"durations":[235.335,208.144,146.983,156.666,120.048],"timestamps":[[[0,4.71],[4.71,7.06],[7.06,24.71],[24.71,35.3],[35.3,42.36],[42.36,48.24],[48.24,49.42],[49.42,55.3],[55.3,62.36],[62.36,76.48],[76.48,91.78],[91.78,108.25],[108.25,142.38],[142.38,152.97],[152.97,174.15],[174.15,175.32],[175.32,182.38],[182.38,235.34]],[[0,9.37],[9.37,19.77],[19.77,198.78],[198.78,208.14]],[[0,3.67],[3.67,6.61],[6.61,56.59],[56.59,63.2],[63.2,138.16],[138.16,146.98]],[[0,1.57],[1.57,3.13],[3.13,4.7],[4.7,69.72],[69.72,139.43],[139.43,156.67]],[[0,120.05]]],"paragraph":["A lighted jack-o-lantern comes into focus. The jack-o-lantern moves towards the camera. A young woman is talking very animatedly in front of a white wall. The woman holds a small pumpkin in her hand while talking. The woman holds up a piece of paper with some stickers on it. The pumpkin is seen moving on it's own on a table with a black tablecloth. The pumpkin spins around showing some cartoon faces. An animation of a knife stabs the pumpkin and a cat runs back and forth next to the table. The pumpkin is replaced with other objects one at a time, a knife, a spoon, a candle, etc. The woman is wearing a sticker of a mustache on her face and draws on the small pumpkin with a black felt pen. The woman holds a knife and begins carving the pumpkin along the lines she drew. The woman scoops out the pumpkin seeds with a spoon and puts the seeds in a Halloween themed paper cup. The woman continues carving the face of the pumpkin to turn it into a jack-o-lantern. The woman cleans up the face of the jack-o-lantern with a towel and places the top with the stem back on. The woman places the candle inside the jack-o-lantern. The woman flicks on a disposable lighter. The lighted jack-o-lantern is seen once again moving on it's own on the black table. The video ends and shows a split screen with samples from three other videos the woman has made, with a \"Subscribe\" button in the middle.","A graphic shows on the screen for a website about basketball drills. Some young men on an indoor basketball court are shown doing some of the basketball drills. An older man begins explaining the drills while more footage is shown of the players demonstrating them. The screen goes black and more text reminds the viewer to visit the website for more information.","Some white text on a black background explains that no humans were injured during this video. A young man is making some faces to the camera while standing in front of a rock. Some footage plays of other people tight rope walking and doing other tricks on the tight rope. An older man is riding a tiny bicycle inside a store. More footage is shown of tight rope walkers tripping and falling. Some graphics from the organizations who made the video are shown.","The scene comes into focus showing the outside of a building, with some text at the bottom that says it is a school for breakdancing. A man is doing some paperwork while some other men are standing in the background next to a projector screen. A large number of kids inside a gym are practicing breakdancing. The kids are inside a classroom watching a presentation by the man seen earlier. The kids are seen once again inside the gym practicing their breakdancing moves. The screen goes black and a graphic appears on screen showing the company's logo and youtube channel information.","Two young boys are standing on some chairs, doing the dishes in the sink in their home's kitchen."],"descriptions":[["A lighted jack-o-lantern comes into focus."," The jack-o-lantern moves towards the camera."," A young woman is talking very animatedly in front of a white wall."," The woman holds a small pumpkin in her hand while talking."," The woman holds up a piece of paper with some stickers on it."," The pumpkin is seen moving on it's own on a table with a black tablecloth."," The pumpkin spins around showing some cartoon faces."," An animation of a knife stabs the pumpkin and a cat runs back and forth next to the table."," The pumpkin is replaced with other objects one at a time, a knife, a spoon, a candle, etc."," The woman is wearing a sticker of a mustache on her face and draws on the small pumpkin with a black felt pen."," The woman holds a knife and begins carving the pumpkin along the lines she drew."," The woman scoops out the pumpkin seeds with a spoon and puts the seeds in a Halloween themed paper cup."," The woman continues carving the face of the pumpkin to turn it into a jack-o-lantern."," The woman cleans up the face of the jack-o-lantern with a towel and places the top with the stem back on."," The woman places the candle inside the jack-o-lantern."," The woman flicks on a disposable lighter."," The lighted jack-o-lantern is seen once again moving on it's own on the black table."," The video ends and shows a split screen with samples from three other videos the woman has made, with a \"Subscribe\" button in the middle."],["A graphic shows on the screen for a website about basketball drills."," Some young men on an indoor basketball court are shown doing some of the basketball drills."," An older man begins explaining the drills while more footage is shown of the players demonstrating them."," The screen goes black and more text reminds the viewer to visit the website for more information."],["Some white text on a black background explains that no humans were injured during this video."," A young man is making some faces to the camera while standing in front of a rock."," Some footage plays of other people tight rope walking and doing other tricks on the tight rope."," An older man is riding a tiny bicycle inside a store."," More footage is shown of tight rope walkers tripping and falling."," Some graphics from the organizations who made the video are shown."],["The scene comes into focus showing the outside of a building, with some text at the bottom that says it is a school for breakdancing."," A man is doing some paperwork while some other men are standing in the background next to a projector screen."," A large number of kids inside a gym are practicing breakdancing."," The kids are inside a classroom watching a presentation by the man seen earlier."," The kids are seen once again inside the gym practicing their breakdancing moves."," The screen goes black and a graphic appears on screen showing the company's logo and youtube channel information."],["Two young boys are standing on some chairs, doing the dishes in the sink in their home's kitchen."]],"rates":[2,4,4,4,4],"timestaken":[1138.377,350.029,460.192,372.048,180.771],"pausetime":[41,6,25,10,3]}