{"names":["v_xi4puZ1ulP4.mp4","v_XnctHnlJB4g.mp4","v_xr64cSwpNOM.mp4","v_xYuqZ_RrCC0.mp4","v_xywGFiZ0hqs.mp4"],"durations":[226.209,17.044,82.664,102.4,89.722],"timestamps":[[[0,18.1],[18.1,73.52],[73.52,104.06],[104.06,149.3],[149.3,202.46],[212.64,226.21]],[[0,17.04]],[[0,56.21],[56.62,60.76],[57.04,69.44],[65.3,82.66]],[[0,10.75],[10.75,19.97],[19.46,35.33],[35.33,50.18],[50.18,59.39],[60.42,67.58],[67.07,71.68],[72.19,102.4]],[[0,20.19],[20.19,51.59],[54.28,69.98],[75.37,88.82]]],"paragraph":["A woman is seen with seen wearing a tanktop with introduction text. The woman have hair tied back and applies eye make up to eyes using various brushes and colors. The woman begins to puts eye liner on with a fine pencil. The women takes cloth ties out of here hair and lets her hair down which is now curled. The woman uses a comb and hairspray to straighten parts of here hair then ties it back. Messages of tex are shown on the end of the video.","A weightlifter stands on a small stage with spectators watching as he lifts a large weighted bar onto his shoulders then above head before dropping it back to the ground during a competition.","A man competes in a strong man competition and stands on a log chopping it with an ax in hand. The man finally splits the log below his feet. A second man in the competition in vest picks up and drops a large spherical weight on a tire repeatedly. A A man in red steps onto a log and receives an ax by a referee.","A man combs his beard in front of a mirror in his bathroom. The man reaches down to pick up sizzors then trims his mustache. The man picks up lotion which he applies to his neck. The man picks up a package of razors and assembles them into his steel razor gadget. The man uses his razor to trim his face and beard. The man picks up a package and applies a product to his face. The man uses a towel to wipe down his face. the man picks up a bottle of oil from the counter and applies it to his beard.","In introduction with show title and website is seen. A woman stands in bathroom and then places a contact lens into her eye. The woman then takes the contact lens back out of her eye. The woman shows a pair of tweezers and uses them to take the contact out of her eye instead."],"descriptions":[["A woman is seen with seen wearing a tanktop with introduction text."," The woman have hair tied back and applies eye make up to eyes using various brushes and colors."," The woman begins to puts eye liner on with a fine pencil."," The women takes cloth ties out of here hair and lets her hair down which is now curled."," The woman uses a comb and hairspray to straighten parts of here hair then ties it back."," Messages of tex are shown on the end of the video."],["A weightlifter stands on a small stage with spectators watching as he lifts a large weighted bar onto his shoulders then above head before dropping it back to the ground during a competition."],["A man competes in a strong man competition and stands on a log chopping it with an ax in hand."," The man finally splits the log below his feet."," A second man in the competition in vest picks up and drops a large spherical weight on a tire repeatedly."," A A man in red steps onto a log and receives an ax by a referee."],["A man combs his beard in front of a mirror in his bathroom."," The man reaches down to pick up sizzors then trims his mustache."," The man picks up lotion which he applies to his neck."," The man picks up a package of razors and assembles them into his steel razor gadget."," The man uses his razor to trim his face and beard."," The man picks up a package and applies a product to his face."," The man uses a towel to wipe down his face."," the man picks up a bottle of oil from the counter and applies it to his beard."],["In introduction with show title and website is seen."," A woman stands in bathroom and then places a contact lens into her eye."," The woman then takes the contact lens back out of her eye."," The woman shows a pair of tweezers and uses them to take the contact out of her eye instead."]],"rates":[2,1,1,1,1],"timestaken":[624.734,90.207,1115.201,918.326,271.626],"pausetime":[4,1,5,5,3]}