{"names":["v_WJ4tCIdAgVo.mp4","v_WMdeqUyHWSo.mp4","v_wvewX55VADs.mp4","v_x99PS_O6JW8.mp4","v_xBtydVn3MVI.mp4"],"durations":[44.652,130.172,216.898,117.076,174.127],"timestamps":[[[0,5.13],[16.07,22.55],[22.77,44.65]],[[0,9.11],[9.76,25.38],[22.13,52.07],[16.27,113.25],[96.98,123.01]],[[0,65.07],[24.94,111.7],[116.04,207.14]],[[2.34,111.22],[18.73,24],[29.27,105.37],[37.46,111.22]],[[4.35,154.97],[16.54,61.82],[61.82,167.16]]],"paragraph":["A girl is tying a blind fold around another while several children on look and an adult holds the girl in place. The girl is then handed a bat and attempts to break open a pinata. The girl succeeds in breaking the pinata and the children get very excited.","A large group of people are standing together while a women in a beautiful dress speaks. Various people in costume are shown and a girl runs around playing with a kite. Several kites are shown up in the air while other children play with them. Hundreds of kites are shown in the air for a festival and a man interviews his experience with the kites. Several people stop and look around and the city pans over the night.","A man and a woman are standing in front of the camera and a woman shows how to properly perform the tango. She moves her feet in arms in a particular motion while the man does the same from a different angle. The man and woman finally piece together their instructions and perform the tango moves together.","A young man is talking to the camera outside while taking puffs off of a hookah. He puts the pipe away and takes a swing out of an energy drink. He moves the camera to show another man and continues smoking the hookah next to the other man. Both look into the camera while smoking and the boy still continues drinking the energy drink.","A man films himself standing in a bathroom while holding a razor close to his face. He begins gently shaving the sides of his face and moves down towards his beard. He continues shaving the beard from all angles and eventually leaves nothing but a five 0 lock shadow."],"descriptions":[["A girl is tying a blind fold around another while several children on look and an adult holds the girl in place."," The girl is then handed a bat and attempts to break open a pinata."," The girl succeeds in breaking the pinata and the children get very excited."],["A large group of people are standing together while a women in a beautiful dress speaks."," Various people in costume are shown and a girl runs around playing with a kite."," Several kites are shown up in the air while other children play with them."," Hundreds of kites are shown in the air for a festival and a man interviews his experience with the kites."," Several people stop and look around and the city pans over the night."],["A man and a woman are standing in front of the camera and a woman shows how to properly perform the tango."," She moves her feet in arms in a particular motion while the man does the same from a different angle."," The man and woman finally piece together their instructions and perform the tango moves together."],["A young man is talking to the camera outside while taking puffs off of a hookah."," He puts the pipe away and takes a swing out of an energy drink."," He moves the camera to show another man and continues smoking the hookah next to the other man."," Both look into the camera while smoking and the boy still continues drinking the energy drink."],["A man films himself standing in a bathroom while holding a razor close to his face."," He begins gently shaving the sides of his face and moves down towards his beard."," He continues shaving the beard from all angles and eventually leaves nothing but a five 0 lock shadow."]],"rates":[1,1,1,1,1],"timestaken":[89.183,129.68,116.988,137.687,78.298],"pausetime":[1,4,6,7,7]}