{"names":["v_w6ofRgXA0xc.mp4","v_w8lqIgJn09Y.mp4","v_WBkqGBFsdgI.mp4","v_wBODR3P39Nw.mp4","v_WEohpavjsIY.mp4"],"durations":[124.505396,61.695419,121.231383,134.977596,136.370793],"timestamps":[[[0,29.88],[28.64,37.97],[42.95,78.44],[79.06,124.51]],[[0,12.03],[12.34,14.5],[15.12,61.7]],[[0,23.03],[24.85,43.64],[45.46,49.7],[52.13,107.9],[107.9,121.23]],[[0,4.72],[6.07,20.92],[13.5,31.72],[29.7,41.84],[68.16,98.53],[128.23,132.95]],[[0,27.96],[27.27,36.14],[40.23,99.55],[98.87,118.64],[120.69,136.37]]],"paragraph":["A man in red short is pouring a bottle onto some wood. The man throws some paper on top of the wood. The man throws matches at the pile of wood. A fire begins to burn.","A man in an athletic uniform begins swinging a ball and a string around. He lets go and the ball hits the screen as he falls to the ground. The video is replayed at various speeds.","An older blonde newswoman is reading a story. Various pictures are shown of shuffleboard history. An older man is interviewed for the camera. Various clips of people playing shuffleboard are shown. The older blonde reporter ends the news story.","A few pictures of a high school field hockey team are shown. Two teams of young girls are playing field hockey. The goalie is shown falling to the ground while making a save. The goalie makes another sliding save. The goalie kicks the ball away from the net. The game ends and the girls give high fives.","A pair of dancer begins preforming at the latin dance cup. The woman shows off cleavage. The dancers begin spinning around each other. The dancers begin to preform seperately. The dancers begins moving again together for a big finish."],"descriptions":[["A man in red short is pouring a bottle onto some wood."," The man throws some paper on top of the wood."," The man throws matches at the pile of wood."," A fire begins to burn."],["A man in an athletic uniform begins swinging a ball and a string around."," He lets go and the ball hits the screen as he falls to the ground."," The video is replayed at various speeds."],["An older blonde newswoman is reading a story."," Various pictures are shown of shuffleboard history."," An older man is interviewed for the camera."," Various clips of people playing shuffleboard are shown."," The older blonde reporter ends the news story."],["A few pictures of a high school field hockey team are shown."," Two teams of young girls are playing field hockey."," The goalie is shown falling to the ground while making a save."," The goalie makes another sliding save."," The goalie kicks the ball away from the net."," The game ends and the girls give high fives."],["A pair of dancer begins preforming at the latin dance cup."," The woman shows off cleavage."," The dancers begin spinning around each other."," The dancers begin to preform seperately."," The dancers begins moving again together for a big finish."]],"rates":[4,2,2,1,1],"timestaken":[223.723,145.206,168.753,269.307,199.892],"pausetime":[1,1,2,1,1]}