{"names":["v_97McCuWAynA.mp4","v__j5JUQzOCtc.mp4","v__Mz7KEe_mz0.mp4","v_a2vaM_aRHv4.mp4","v_AA1wvSZ4Mno.mp4"],"durations":[127.316,129.893,179.212,177.262,78.925],"timestamps":[[[0,5.73],[6.37,112.67],[113.31,127.32]],[[0,9.09],[9.09,31.82],[32.47,51.31],[51.31,119.5]],[[0,10.75],[10.75,86.92],[86.92,179.21]],[[14.18,17.73],[18.61,20.39],[20.39,52.29],[53.18,99.27],[100.15,116.99],[120.54,130.29],[123.2,132.06],[139.15,144.47],[150.67,160.42],[165.74,170.17]],[[0,75.77]]],"paragraph":["A surfer wearing a wet suit takes off and rides a wave in the ocean. Two surfers is greeted by a seal in the ocean that jumps on his board and plays with them. The surfer wearing a wet suit takes off on a wave leaving the seal behind.","An Olympic logo is seen with the 5 rings. A young boy wearing striped shirt in a gym lifts a weight bar over his head. A young man in blue shorts lifts a weight bar over his head in a crowded gym. Professional athletes in competitions lift large heavily weighted bars overhead for judging.","A forested area is seen and young men walk up the street. Groups of skateboarders race each other down a forested road and are pulled by trolley cars back to the top. Skateboarders ride down a forested street one after the other doing skids and hard turns as friends watch along the side.","A list of ingredients is shown written in a list. Glass bowls are set on a counter with various ingredients for a dish. A person measures and cuts parchment paper using a cooking tin as a guide. The person measures ingredients in a glass bowl then adds them to an electric mixer to blend. The person brushes on oil to the parchment paper then sets it into a cooking tin. The tins are added to an oven to cook. The tins are shown fully cooked and then flipped over to empty cake onto table. The parchment paper is peeled off the cake. The cake is sliced into loaves with a serrated knife. The cake is seen on plates for serving.","A woman walks her dogs down an asphalt pathway in a park area a road."],"descriptions":[["A surfer wearing a wet suit takes off and rides a wave in the ocean."," Two surfers is greeted by a seal in the ocean that jumps on his board and plays with them."," The surfer wearing a wet suit takes off on a wave leaving the seal behind."],["An Olympic logo is seen with the 5 rings."," A young boy wearing striped shirt in a gym lifts a weight bar over his head."," A young man in blue shorts lifts a weight bar over his head in a crowded gym."," Professional athletes in competitions lift large heavily weighted bars overhead for judging."],["A forested area is seen and young men walk up the street."," Groups of skateboarders race each other down a forested road and are pulled by trolley cars back to the top."," Skateboarders ride down a forested street one after the other doing skids and hard turns as friends watch along the side."],["A list of ingredients is shown written in a list."," Glass bowls are set on a counter with various ingredients for a dish."," A person measures and cuts parchment paper using a cooking tin as a guide."," The person measures ingredients in a glass bowl then adds them to an electric mixer to blend."," The person brushes on oil to the parchment paper then sets it into a cooking tin."," The tins are added to an oven to cook."," The tins are shown fully cooked and then flipped over to empty cake onto table."," The parchment paper is peeled off the cake."," The cake is sliced into loaves with a serrated knife."," The cake is seen on plates for serving."],["A woman walks her dogs down an asphalt pathway in a park area a road."]],"rates":[1,2,4,1,1],"timestaken":[286.206,369.295,546.158,1217.38,276.44599999999997],"pausetime":[2,1,1,9,2]}