{"names":["v_EsYsshh2CyA.mp4","v_F-jZv4hqYds.mp4","v_F2Igw6lvqwk.mp4","v_f7qFnCkFIuQ.mp4","v_FeXBmKYV8HY.mp4"],"durations":[68.894,37.64,49.389,34.552,160.799],"timestamps":[[[0,5.51],[5.86,26.52],[26.87,50.64],[50.64,68.55]],[[0,11.67],[11.67,25.22],[25.41,35.01]],[[0.49,45.93],[6.42,33.34],[40.99,49.39]],[[0,33.17],[8.47,26.09],[27.81,34.55]],[[0,24.12],[23.32,49.85],[40.2,79.6],[102.11,160.8]]],"paragraph":["A bartender begins speaking to the camera and pours ice into a glass. She think instructs to mix rum and lemon juice into the glass and an ounce of different rum. Finally she mixes grenadine with some sweet and sour mix with soda water. Finally she mixes all the components together and creates a nice alcoholic beverage.","A large group of people are sitting on horses near gated areas. The people are looking around in amazement as one horse riding catches a calf almost instantly. The man ropes of the calf and the crowd cheers him on as the announcer gives him his time.","A girl is sitting at the bottom of the stairs while trying to put her shoes on. She looks off in the distance in a disgusted manor, at the same time appearing quite distracted. She finishes by tying up her shoe laces and laughing to herself and the person filming her.","A person is walking towards three people who are painting a fence black. The man asks the boy to see his work and pans the camera over to his wife. The man makes a joke to his wife and laughs off camera.","A woman reporting is speaking to a camera with a serious demeanor. A man unzips his violin from the bag and plays a little bit for the camera while the reporter commentates. He begins to struggle playing with his condition, and shows surgery on how to fix him. The reporter claims that the man is better than ever and shows his progress playing a violin in a show."],"descriptions":[["A bartender begins speaking to the camera and pours ice into a glass."," She think instructs to mix rum and lemon juice into the glass and an ounce of different rum."," Finally she mixes grenadine with some sweet and sour mix with soda water."," Finally she mixes all the components together and creates a nice alcoholic beverage."],["A large group of people are sitting on horses near gated areas."," The people are looking around in amazement as one horse riding catches a calf almost instantly."," The man ropes of the calf and the crowd cheers him on as the announcer gives him his time."],["A girl is sitting at the bottom of the stairs while trying to put her shoes on."," She looks off in the distance in a disgusted manor, at the same time appearing quite distracted."," She finishes by tying up her shoe laces and laughing to herself and the person filming her."],["A person is walking towards three people who are painting a fence black."," The man asks the boy to see his work and pans the camera over to his wife."," The man makes a joke to his wife and laughs off camera."],["A woman reporting is speaking to a camera with a serious demeanor."," A man unzips his violin from the bag and plays a little bit for the camera while the reporter commentates."," He begins to struggle playing with his condition, and shows surgery on how to fix him."," The reporter claims that the man is better than ever and shows his progress playing a violin in a show."]],"rates":[1,1,1,1,1],"timestaken":[109.111,105.44,84.949,83.818,151.389],"pausetime":[1,1,3,1,5]}