{"names":["v_dojDT4CtenU.mp4","v_dUa0E0ASviM.mp4","v_e5e16U5hnzY.mp4","v_eaFvnf8IF-I.mp4","v_eAOBdYKju70.mp4"],"durations":[76.975,92.23,151.279,66.781,170.923],"timestamps":[[[0,5],[5.39,37.33],[39.64,58.12],[58.5,76.97]],[[0,6.92],[6.46,92.23],[15.68,88.54]],[[0,37.06],[37.06,67.32],[68.08,108.16],[106.65,151.28]],[[0,66.78],[8.01,20.03],[55.09,66.78]],[[0,99.99],[35.89,52.99],[65.81,119.65],[117.94,135.88],[135.03,158.96]]],"paragraph":["A group of athletes are shown standing on a mound, while one throws a ball to another player. The batter hits the ball into the stands and the moment is recaptured in 3-d. A reporter comments how amazing the hit was and replays it from various angles. The player is interviewed by a reporter and once again has his moment shown on tv.","A girl is warming up and stretching and grabs 2 large ropes. Two women are holding each rope and the girl tries to pull both ropes at once. She continues pulling the rope and succeeds at pulling the two women closer to her.","A man and women are talking to a camera and the girl demonstrates on how to properly hold a discuss. Secondly she shows the proper stance of throwing the item and throws the discuss how into the air. She demonstrates bending down and spinning with the disk and does one throw full out. The man then tries to throw how the woman did and attempts to throw more and get better.","A man is playing an accordian while staring occasionally into the camera. The man changes his finger tips constantly and looks off into the distance while playing. The man continues his song and eventually finishes by smiling into the camera.","Various shots are shown of horse saddles and various people riding these saddles on horses. A girl wraps the rope around her saddle while others practice on placed saddles. People ride around the saddles and show various caddie and how to ride them. A tourist is being interviewed on riding experience but she watched other riding and felt confident. A man speakers on his experience and various shots of the horses and wildlife are shown."],"descriptions":[["A group of athletes are shown standing on a mound, while one throws a ball to another player."," The batter hits the ball into the stands and the moment is recaptured in 3-d."," A reporter comments how amazing the hit was and replays it from various angles."," The player is interviewed by a reporter and once again has his moment shown on tv."],["A girl is warming up and stretching and grabs 2 large ropes."," Two women are holding each rope and the girl tries to pull both ropes at once."," She continues pulling the rope and succeeds at pulling the two women closer to her."],["A man and women are talking to a camera and the girl demonstrates on how to properly hold a discuss."," Secondly she shows the proper stance of throwing the item and throws the discuss how into the air."," She demonstrates bending down and spinning with the disk and does one throw full out."," The man then tries to throw how the woman did and attempts to throw more and get better."],["A man is playing an accordian while staring occasionally into the camera."," The man changes his finger tips constantly and looks off into the distance while playing."," The man continues his song and eventually finishes by smiling into the camera."],["Various shots are shown of horse saddles and various people riding these saddles on horses."," A girl wraps the rope around her saddle while others practice on placed saddles."," People ride around the saddles and show various caddie and how to ride them."," A tourist is being interviewed on riding experience but she watched other riding and felt confident."," A man speakers on his experience and various shots of the horses and wildlife are shown."]],"rates":[1,1,1,1,1],"timestaken":[170.931,99.001,161.617,81.194,163.379],"pausetime":[3,5,7,4,5]}