{"names":["v_cMeKc9mp9wI.mp4","v_CsCbJSnAhRs.mp4","v_CYj2ltxPNDo.mp4","v_cz20Wqx9d4Q.mp4","v_dfex2oZYqmU.mp4"],"durations":[54.196,86.936,190.102,149.792,80.643],"timestamps":[[[1.08,30.62],[17.07,21.41],[23.3,54.2]],[[3.48,70.42],[11.3,73.9],[65.2,80.42]],[[0,9.51],[9.51,148.28],[27.56,55.13],[43.72,144.48],[149.23,166.34],[168.24,190.1]],[[0,23.22],[23.22,31.46],[32.95,48.68],[54.67,85.38],[86.13,118.34],[118.34,149.79]],[[0,3.63],[7.26,19.35],[19.35,39.52],[43.95,72.58]]],"paragraph":["A group of men are riding around on horses while carry large sticks and holding them into the air. One man comes close to the camera man and near the crowd for a few moments. The man on horses go back to the stable to await their return, and eventually go back out into the ring.","A man puts a chef hat on a girl while a chef teachers her how to cook. She mixes various ingredients together following the chef's orders and paying close attention to his instructions. The girl makes a lovely batch of cookies and finds herself enjoying them in the end, as well as the company of others.","An athlete stands eagerly awaiting his turn while the judges prepare for his routine. A foreign commentator comments on his routine while he flips himself through the air. The man continues twirling and flipping on the bars for his gymnastic routine while audience members cheer loudly. The video slows down and shows the highlights of the routine in slow motion. The athlete rests on the couch while the judges finish their critiques. Eventually the man hears his score and smiles pleasingly.","Two men are sitting at a picnic table getting ready to arm wrestle. Various people are watching from the sides and the men begin to arm wrestle. A man is interviewed by the cameraman and shows off his biceps to the camera. Two men continue talking to the camera and eventually begin arm wrestling again. They play various matches of arm wrestling and interview a woman onlooker who also wants to arm wrestle. The man lets her win their arm wrestling match and the girl seems giddy.","A soccer match is occurring on a field and a player is shown falling down. The man is able to get up and the video shows the fall again in slow motion. The players continue playing and one of them even scores a goal. The goal is shown over and over in low motion to show the significance of the play."],"descriptions":[["A group of men are riding around on horses while carry large sticks and holding them into the air."," One man comes close to the camera man and near the crowd for a few moments."," The man on horses go back to the stable to await their return, and eventually go back out into the ring."],["A man puts a chef hat on a girl while a chef teachers her how to cook."," She mixes various ingredients together following the chef's orders and paying close attention to his instructions."," The girl makes a lovely batch of cookies and finds herself enjoying them in the end, as well as the company of others."],["An athlete stands eagerly awaiting his turn while the judges prepare for his routine."," A foreign commentator comments on his routine while he flips himself through the air."," The man continues twirling and flipping on the bars for his gymnastic routine while audience members cheer loudly."," The video slows down and shows the highlights of the routine in slow motion."," The athlete rests on the couch while the judges finish their critiques."," Eventually the man hears his score and smiles pleasingly."],["Two men are sitting at a picnic table getting ready to arm wrestle."," Various people are watching from the sides and the men begin to arm wrestle."," A man is interviewed by the cameraman and shows off his biceps to the camera."," Two men continue talking to the camera and eventually begin arm wrestling again."," They play various matches of arm wrestling and interview a woman onlooker who also wants to arm wrestle."," The man lets her win their arm wrestling match and the girl seems giddy."],["A soccer match is occurring on a field and a player is shown falling down."," The man is able to get up and the video shows the fall again in slow motion."," The players continue playing and one of them even scores a goal."," The goal is shown over and over in low motion to show the significance of the play."]],"rates":[1,1,1,1,1],"timestaken":[99.436,131.971,272.47,281.105,165.914],"pausetime":[3,4,9,9,5]}