{"names":["v_b8S0HFHh_p0.mp4","v_BC1ZIeZvFXw.mp4","v_Bhz-WgJH8R0.mp4","v_bkRQgwbP0WM.mp4","v_bV_X5E1-T50.mp4"],"durations":[187.432,117.447,42.354,34.621,175.056],"timestamps":[[[0,121.83],[14.99,75.91],[87.16,107.77],[107.77,125.58],[127.45,187.43]],[[0,86.32],[46.39,55.2],[62.25,73.99],[88.67,117.45]],[[0,42.35],[10.16,19.91],[19.06,34.52],[36.21,42.35]],[[0,29.6],[1.73,31.68],[0.69,31.68],[29.25,33.58]],[[0,169.8],[0,41.14],[33.26,133.92],[74.4,93.65],[138.29,175.06]]],"paragraph":["A man is recording himself in a lever with another man. The ride goes up higher and the man with a hat is talking to the other. The ride reaches the top and the man holds out his arms. He counts down and drops the man down to bungee jump. The man makes it to the bottom safely and the ride comes back down.","A boy is riding a long board down various road ways. He does a flip trick riding down one of the road ways. He winds back and fourth down the snowy road. He skateboards at night and the logo is shown.","A group of skiers are riding down a hill. They split their line and create multiple lines. They split again to make 4 different lines. The all being and finish at the same time.","A man is showing a boy trying to solve a rubix cube. A timer is going to time the boy and other people around him are trying as well. On lookers are going from table to table to watch. A boy grabs a pen and the man solves the puzzle.","A girl is sitting and smoking cigarettes. Johnny cash is playing in the background and she has a drink in her hand. She stares into the camera while taking puffs on her cigarette. She fixes her hair a bit while looking into the camera. She smiles into the camera and leans closer."],"descriptions":[["A man is recording himself in a lever with another man."," The ride goes up higher and the man with a hat is talking to the other."," The ride reaches the top and the man holds out his arms."," He counts down and drops the man down to bungee jump."," The man makes it to the bottom safely and the ride comes back down."],["A boy is riding a long board down various road ways."," He does a flip trick riding down one of the road ways."," He winds back and fourth down the snowy road."," He skateboards at night and the logo is shown."],["A group of skiers are riding down a hill."," They split their line and create multiple lines."," They split again to make 4 different lines."," The all being and finish at the same time."],["A man is showing a boy trying to solve a rubix cube."," A timer is going to time the boy and other people around him are trying as well."," On lookers are going from table to table to watch."," A boy grabs a pen and the man solves the puzzle."],["A girl is sitting and smoking cigarettes."," Johnny cash is playing in the background and she has a drink in her hand."," She stares into the camera while taking puffs on her cigarette."," She fixes her hair a bit while looking into the camera."," She smiles into the camera and leans closer."]],"rates":[1,1,1,1,1],"timestaken":[199.964,208.744,100.547,103.728,128.292],"pausetime":[6,8,2,1,10]}