{"names":["v_a50gTER-FsQ.mp4","v_aFpWNTroghs.mp4","v_aivuk1LvDv8.mp4","v_b5E7-GxvCdk.mp4","v_B5s4uYNIM24.mp4"],"durations":[211.488,93.159,130.915,19.087,146.309],"timestamps":[[[0,19.03],[19.03,211.49],[19.03,210.43],[86.71,93.05],[195.63,211.49]],[[0,20.49],[21.43,44.25],[44.25,61.95],[62.42,80.58],[80.58,93.16]],[[0,130.92],[33.38,130.92],[51.06,121.1],[123.71,130.92]],[[0,19.09],[4.77,13.65],[6.87,14.12],[13.65,19.09]],[[0,13.17],[13.17,21.21],[23.41,146.31],[68.77,76.81],[76.81,123.63],[123.63,146.31]]],"paragraph":["Three men walk into a building. They begin to play a game of curling. People are shown enjoying themselves at the curling hall and the trophies are shown that have been won. The men are shown in the locker preparing to curl. The men are shown all together posing on the ice.","An intro comes into the screen for a video about removing mulch. A man digs his heel into the base of a tree to push away the mulch. He gets down on his knees and begins to remove the mulch by hand by pushing it further from the base of the tree. He takes out some clippers and clips some of the roots. Last, the video ends with the closing captions.","A woman is playing a classical song on the piano in a black and white film. She begins to speed up the pace of the music she is playing. The camera shows her playing the piano from overhead. The audience applauds for the woman and the video ends.","A woman is on her hands and knees cutting grass with some scissors. The camera pans out to give a full view of her cutting the grass. She makes a joke about the grass having split ends and bad roots. The camera goes back to a close up of the grass and the video ends.","An intro comes onto the screen showing a high rise building. Then, a man is shown gearing up and putting on several contraptions that he can connect to a belt. He is then shown washing the windows of the very tall building. He uses a scrapper the scrape of a sticker from one of the windows. He is shows dipping a washer in a bucket and washing the windows of the ground floor. Several of the window washing supplies are shown again before the video ends."],"descriptions":[["Three men walk into a building."," They begin to play a game of curling."," People are shown enjoying themselves at the curling hall and the trophies are shown that have been won."," The men are shown in the locker preparing to curl."," The men are shown all together posing on the ice."],["An intro comes into the screen for a video about removing mulch."," A man digs his heel into the base of a tree to push away the mulch."," He gets down on his knees and begins to remove the mulch by hand by pushing it further from the base of the tree."," He takes out some clippers and clips some of the roots."," Last, the video ends with the closing captions."],["A woman is playing a classical song on the piano in a black and white film."," She begins to speed up the pace of the music she is playing."," The camera shows her playing the piano from overhead."," The audience applauds for the woman and the video ends."],["A woman is on her hands and knees cutting grass with some scissors."," The camera pans out to give a full view of her cutting the grass."," She makes a joke about the grass having split ends and bad roots."," The camera goes back to a close up of the grass and the video ends."],["An intro comes onto the screen showing a high rise building."," Then, a man is shown gearing up and putting on several contraptions that he can connect to a belt."," He is then shown washing the windows of the very tall building."," He uses a scrapper the scrape of a sticker from one of the windows."," He is shows dipping a washer in a bucket and washing the windows of the ground floor."," Several of the window washing supplies are shown again before the video ends."]],"rates":[2,2,4,1,4],"timestaken":[328.126,273.553,183.761,182.495,355.41],"pausetime":[5,5,5,11,5]}