{"names":["v_9nh_6Hzg_aw.mp4","v_9rW35YTKYq8.mp4","v__7JooVc_sCQ.mp4","v__ekWWP0dQZM.mp4","v_a0hFDXB1RgY.mp4"],"durations":[192.819,236.983,207.912,145.868,114.173],"timestamps":[[[0,27.96],[21.21,181.25],[138.83,192.82]],[[14.22,36.73],[36.73,213.28],[94.79,213.28]],[[5.2,11.44],[10.4,50.94],[53.02,83.16],[85.24,198.56]],[[0,13.13],[18.96,132.74],[51.78,98.46],[80.96,118.88],[121.07,134.2]],[[1.71,105.04],[20.55,33.68],[77.07,97.05]]],"paragraph":["A person is shown looking around a city and begins washing windows with his tools. He goes up and down the windows at a rapid pace and continues filming himself through the glass. He finishes the glass in record time and turns off the camera.","A man is shown flipping a violin in his hands, playing a popular song on his violin. The camera shows the violinist from various angles playing the popular song and not breaking concentration. The camera pans all around the player and shows him playing the complete song.","A group of bike riders are awaiting to start a race, eventually all falling down when the gate open. A close up shot of a bike is done while a man puts his gear on to ride. One rider is shown riding around while another does various tricks. Several different bikers are shown riding up and down tracks and flying through at record speeds.","A ballerina is shown in class warming up her feet and walking away crying. Various actors talk to the camera about filming a movie about ballet and the moves they learned. The ballerinas are moving around the set while the camera is rolling. The actors continue talking about tricks and what they learned. A man plays the violin while the final scene is filmed and everyone is dancing.","A man is sitting in a kayak in the river while speaking to the camera about his trip. He moves slowly in the water while giving instructions on how to properly move the kayak. He begins paddling up the stream and showing what to do if you get stuck."],"descriptions":[["A person is shown looking around a city and begins washing windows with his tools."," He goes up and down the windows at a rapid pace and continues filming himself through the glass."," He finishes the glass in record time and turns off the camera."],["A man is shown flipping a violin in his hands, playing a popular song on his violin."," The camera shows the violinist from various angles playing the popular song and not breaking concentration."," The camera pans all around the player and shows him playing the complete song."],["A group of bike riders are awaiting to start a race, eventually all falling down when the gate open."," A close up shot of a bike is done while a man puts his gear on to ride."," One rider is shown riding around while another does various tricks."," Several different bikers are shown riding up and down tracks and flying through at record speeds."],["A ballerina is shown in class warming up her feet and walking away crying."," Various actors talk to the camera about filming a movie about ballet and the moves they learned."," The ballerinas are moving around the set while the camera is rolling."," The actors continue talking about tricks and what they learned."," A man plays the violin while the final scene is filmed and everyone is dancing."],["A man is sitting in a kayak in the river while speaking to the camera about his trip."," He moves slowly in the water while giving instructions on how to properly move the kayak."," He begins paddling up the stream and showing what to do if you get stuck."]],"rates":[1,1,1,1,1],"timestaken":[90.012,114.863,131.732,129.399,100.717],"pausetime":[6,5,2,6,7]}