{"names":["v_8yFimnZ8XhA.mp4","v_99dCcB5Unmo.mp4","v_9DIDpTlfBWs.mp4","v_9g1omTdpoYs.mp4","v_9lX18LyTuAQ.mp4"],"durations":[60.117,181.07,163.028,125.017,205.311],"timestamps":[[[0,30.36],[13.83,27.05],[30.06,60.12]],[[11.77,35.31],[28.07,159.34],[46.17,79.67],[85.1,161.15]],[[0,30.98],[30.16,110.86],[120.64,163.03]],[[0,13.13],[19.38,52.51],[50.63,87.51],[85.64,125.02]],[[0,58.51],[56.46,155.01],[156.04,205.31]]],"paragraph":["A girl is sitting in a tube surrounded by a large group of people also sitting on tubes. The camera pans around to the various people sitting in the tubes. The girl jumps out of her tube and finds herself swimming in the water.","A dancer's feet are shown in a classroom as well as a ballet class occurring in the background. The teacher instructs the girls how to perform proper ballet moves, as the students follow. The girls move their arms in the correct position and eventually turn to one side. Finally the instructor teaches the girls to extend their legs and perform a proper move.","A chef is standing in front of a table and begins turning on a stove with a pan on it. The man then mixes various ingredients together and finally putting the ingredients on the stove top. He finishes the plate by making an omelette and serves it on a plate and cuts it up.","Various cupcakes are shown sitting on a plate and lettering comes up stating how to make them. Several ingredients are shown and the person mixing the ingredients together in a bowl. The person blends all the ingredients and puts them in a pan to cook. The cupcakes are finally cooked and set out on a plate to enjoy.","A man holding a violin is speaking to the camera with a young boy who is also holding a violin. The boys talk back and fourth for a while and the man shows the boy how to properly play the violin. The boy then does exactly what the instructor taught him while the instructor corrects his playing."],"descriptions":[["A girl is sitting in a tube surrounded by a large group of people also sitting on tubes."," The camera pans around to the various people sitting in the tubes."," The girl jumps out of her tube and finds herself swimming in the water."],["A dancer's feet are shown in a classroom as well as a ballet class occurring in the background."," The teacher instructs the girls how to perform proper ballet moves, as the students follow."," The girls move their arms in the correct position and eventually turn to one side."," Finally the instructor teaches the girls to extend their legs and perform a proper move."],["A chef is standing in front of a table and begins turning on a stove with a pan on it."," The man then mixes various ingredients together and finally putting the ingredients on the stove top."," He finishes the plate by making an omelette and serves it on a plate and cuts it up."],["Various cupcakes are shown sitting on a plate and lettering comes up stating how to make them."," Several ingredients are shown and the person mixing the ingredients together in a bowl."," The person blends all the ingredients and puts them in a pan to cook."," The cupcakes are finally cooked and set out on a plate to enjoy."],["A man holding a violin is speaking to the camera with a young boy who is also holding a violin."," The boys talk back and fourth for a while and the man shows the boy how to properly play the violin."," The boy then does exactly what the instructor taught him while the instructor corrects his playing."]],"rates":[1,1,1,1,1],"timestaken":[89.182,127.172,217.168,97.591,114.369],"pausetime":[3,4,7,4,10]}