{"names":["v_7hRls13HJow.mp4","v_7Lkcan0X5VA.mp4","v_8HY9CPl9CqE.mp4","v_8M_RipfsJI8.mp4","v_8oI4xGqkzSE.mp4"],"durations":[132.54,146.588,32.09,62.996,205.009],"timestamps":[[[0,5.96],[6.63,55],[24.52,42.41],[42.41,132.54]],[[0,8.8],[9.53,49.84],[48.37,58.64],[58.64,85.02],[85.75,115.07],[115.8,146.59]],[[0,5.78],[0,10.91],[16.53,22.94],[22.46,32.09]],[[0,7.56],[0,63],[8.19,19.84],[17.64,63]],[[7.18,195.78],[25.63,152.73],[67.65,78.93],[93.28,173.23],[190.66,205.01]]],"paragraph":["A person is filming a house and a dog walking into frame. A small girl is washing the floor with a mop and talking to the camera man. The camera man talks to the girl about cleaning and why she likes it. The girl finishes washing the floor.","A person's hands are shown playing piano. A close up of a trumpet shows a man playing. The video fades to the people playing on stage. The camera zooms in on the trumpet player. A girl is shown playing piano. The duo continue playing until the song ends.","A group of swimmers are getting ready to perform. The crowd watches the girls get ready. A girl dives off the diving board and people cheer. She climbs out of the pool while another swimmer gets ready to jump.","A man is reaching into water and washing his face. A woman is working on the otherside of the water. The man splashes the worker with water. A woman looks on and laughs at the man.","A man kicks a Frisbee to a dog. The dog does various tricks while catching the Frisbee. The dog jumps off the man to catch the toy. Several other dogs also do a tricks to catch the toy. A man swings a dog around on a toy."],"descriptions":[["A person is filming a house and a dog walking into frame."," A small girl is washing the floor with a mop and talking to the camera man."," The camera man talks to the girl about cleaning and why she likes it."," The girl finishes washing the floor."],["A person's hands are shown playing piano."," A close up of a trumpet shows a man playing."," The video fades to the people playing on stage."," The camera zooms in on the trumpet player."," A girl is shown playing piano."," The duo continue playing until the song ends."],["A group of swimmers are getting ready to perform."," The crowd watches the girls get ready."," A girl dives off the diving board and people cheer."," She climbs out of the pool while another swimmer gets ready to jump."],["A man is reaching into water and washing his face."," A woman is working on the otherside of the water."," The man splashes the worker with water."," A woman looks on and laughs at the man."],["A man kicks a Frisbee to a dog."," The dog does various tricks while catching the Frisbee."," The dog jumps off the man to catch the toy."," Several other dogs also do a tricks to catch the toy."," A man swings a dog around on a toy."]],"rates":[1,1,1,1,1],"timestaken":[119.926,181.531,104.012,115.1,102.84],"pausetime":[5,8,1,4,11]}