{"names":["v_6B3qNzgqnpc.mp4","v_6iA4RXGAR_k.mp4","v_6iuD3pSgBcw.mp4","v_72F30o9V8v0.mp4","v_79LyHiS908U.mp4"],"durations":[36.247,64.064,208.214,203.361,87.934],"timestamps":[[[0,6.34],[6.34,17.04],[17.94,36.25]],[[0,61.5],[5.45,21.46],[35.56,58.94],[51.89,64.06]],[[0,15.62],[16.66,208.21],[33.31,188.43],[92.66,129.09],[139.5,208.21]],[[0,23.39],[34.57,57.96],[62.03,139.3],[132.18,156.59],[146.42,172.86],[164.72,178.96],[192.18,203.36]],[[3.08,12.75],[13.63,28.14],[28.58,80.02]]],"paragraph":["A person sitting in a canoe is slowly streaming down a river. A shot of a bird is seen off in the distance, as well as another bird. The canoe keeps floating while various bird are shown sitting in the water as well as the trees.","Two ballroom dances are shown performing a routine in a large auditorium. The couple spin multiple times while the audience cheers them on loudly. They continue performing their dance routine and several people on look using phones and cameras. The couple does one last spin and eventually takes a bow.","A young man is standing on stage and eventually several other boys join in wearing kilts. They stand in front of one drum and perform a routine using only drums. The boys spin and flip their sticks constantly and continue performing their drumming routine. One stands up and begins singing a song while the others join in. They boys go back to playing the drums and finally finish by playing each other's drums and faster than other.","A man is shown sitting on a fence and talking to the camera while pointing out horses. A girl is shown riding a horse while three others hold onto the horse and help. These people help various people on and off the horses. The people also walk through obstacle courses with the horses and keep one hand on at all times. The man stands in the middle applauding the riders and giving the horses direction. A boy smiles when he gets off the horse and several people congratulate him. The man finishes by talking about his camp and why you should join.","A man is shown sitting in front of several drums and banging to a rhythm. He talks to the camera about his song and what he is planning on playing. The man continues playing while the camera pans in and out on him playing the drums."],"descriptions":[["A person sitting in a canoe is slowly streaming down a river."," A shot of a bird is seen off in the distance, as well as another bird."," The canoe keeps floating while various bird are shown sitting in the water as well as the trees."],["Two ballroom dances are shown performing a routine in a large auditorium."," The couple spin multiple times while the audience cheers them on loudly."," They continue performing their dance routine and several people on look using phones and cameras."," The couple does one last spin and eventually takes a bow."],["A young man is standing on stage and eventually several other boys join in wearing kilts."," They stand in front of one drum and perform a routine using only drums."," The boys spin and flip their sticks constantly and continue performing their drumming routine."," One stands up and begins singing a song while the others join in."," They boys go back to playing the drums and finally finish by playing each other's drums and faster than other."],["A man is shown sitting on a fence and talking to the camera while pointing out horses."," A girl is shown riding a horse while three others hold onto the horse and help."," These people help various people on and off the horses."," The people also walk through obstacle courses with the horses and keep one hand on at all times."," The man stands in the middle applauding the riders and giving the horses direction."," A boy smiles when he gets off the horse and several people congratulate him."," The man finishes by talking about his camp and why you should join."],["A man is shown sitting in front of several drums and banging to a rhythm."," He talks to the camera about his song and what he is planning on playing."," The man continues playing while the camera pans in and out on him playing the drums."]],"rates":[1,1,1,1,1],"timestaken":[71.789,107.365,157.025,192.579,82.065],"pausetime":[1,4,3,7,4]}