{"names":["v_6uhLrPgbpUA.mp4","v_6ZabZdqdLyA.mp4","v_7XGimCWcafc.mp4","v_8d8juWOKb0c.mp4","v_8P0N5psQrEI.mp4"],"durations":[46.161274,71.819335,223.352743,157.083,110.1787],"timestamps":[[[0,5.08],[5.31,8.77],[8.77,10.39],[10.39,11.77],[11.77,12.23],[12.46,15.69],[15.93,25.62]],[[0,8.62],[11.13,17.24],[17.6,33.04],[33.4,47.04],[47.4,62.48]],[[0,26.8],[26.8,58.07],[60.31,104.98],[104.98,140.71],[140.71,189.85],[189.85,196.55],[197.67,216.65]],[[3.14,7.85],[9.42,86.4],[86.4,99.75],[100.53,128.02],[128.81,146.87],[147.66,157.08]],[[2.75,10.47],[10.47,41.87],[41.87,60.05],[60.05,95.3],[95.86,105.22]]],"paragraph":["Several bicycle racers dressed in motocross suits and wearing helmets are lined up at the start line, waiting to race. The race begins, and all bikers race down a hill, toward a jump. The bikers jump off a hill, but one of the bikers, dressed in red and black, tumbles to the ground. The biker immediately behind him, dressed in red, white and blue, tries to avoid the fallen biker, and falls to the ground as well. The other bikers race off. The biker in black and red immediately trots off the track, while the biker in red, white and blue, is clearly injured and struggles to get to his knees. Three men dressed in black jackets come to the aid of the first biker.","Two small children are playing on a swingset on a snow covered yard. One child runs over to a swingset, but decides to change over to a green swing. An adult helps the child onto the swing. The other child also wants to join the first child on the same swing, and holds the swing steady while the child climbs on. The child is able to climb on, and the two children enjoy swinging together as the adult pushes the swing forward.","A large off-roading truck drives by along a dirt track next to a body of water and comes to a stop. Many spectators approach the vehicle, while the driver climbs out of the vehicle and attempts to remove a tire from the back of the truck. A worker and some assistants approaches the vehicle with a spare tire, and some men begin to jack up the rear of the truck to try to replace the rear passenger side tire. While the tire is being replaced, the driver climbs back into the truck, and a specator takes a picture of the vehicle. Other spectators come to the driver side to talk with the driver. The tire is replaced and the truck drives off. A detailed look at the tire that was replaced is shown.","A man is dressed in dark medieval armor. Several instances of men dressed in different kinds of armor and holding various shields are showing jousting against one another. Ultimately, the man with the round shield is defeated when he tumbles to the ground and stabbed in the back. The winner now jousts against a man carrying a blue diamond shaped shield. They joust several times but the man with the blue shield is defeated when he is hit in the head and chest and falls on his back onto the other warrior's knees. A close up of the surviving warrior is shown, clearly satisfied with his victories.","A Caucasian woman in late maternity is shown seated on a living room sofa. She puts on a sock on her left foot while crossing her leg and then proceeds to put on a tennis shoe on her left foot. She is cleary in discomfort as she proceeds to tie her shoe, which she rests on an ottoman. She takes a small break and then proceeds to put on her right shoe, She rests her right foot on the ottoman while she ties the shoe. The satisfied and exhausted woman sits back on the sofa and holds her large belly as she completes the task of putting her right shoe on."],"descriptions":[["Several bicycle racers dressed in motocross suits and wearing helmets are lined up at the start line, waiting to race."," The race begins, and all bikers race down a hill, toward a jump."," The bikers jump off a hill, but one of the bikers, dressed in red and black, tumbles to the ground."," The biker immediately behind him, dressed in red, white and blue, tries to avoid the fallen biker, and falls to the ground as well."," The other bikers race off."," The biker in black and red immediately trots off the track, while the biker in red, white and blue, is clearly injured and struggles to get to his knees."," Three men dressed in black jackets come to the aid of the first biker."],["Two small children are playing on a swingset on a snow covered yard."," One child runs over to a swingset, but decides to change over to a green swing."," An adult helps the child onto the swing."," The other child also wants to join the first child on the same swing, and holds the swing steady while the child climbs on."," The child is able to climb on, and the two children enjoy swinging together as the adult pushes the swing forward."],["A large off-roading truck drives by along a dirt track next to a body of water and comes to a stop."," Many spectators approach the vehicle, while the driver climbs out of the vehicle and attempts to remove a tire from the back of the truck."," A worker and some assistants approaches the vehicle with a spare tire, and some men begin to jack up the rear of the truck to try to replace the rear passenger side tire."," While the tire is being replaced, the driver climbs back into the truck, and a specator takes a picture of the vehicle."," Other spectators come to the driver side to talk with the driver."," The tire is replaced and the truck drives off."," A detailed look at the tire that was replaced is shown."],["A man is dressed in dark medieval armor."," Several instances of men dressed in different kinds of armor and holding various shields are showing jousting against one another."," Ultimately, the man with the round shield is defeated when he tumbles to the ground and stabbed in the back."," The winner now jousts against a man carrying a blue diamond shaped shield."," They joust several times but the man with the blue shield is defeated when he is hit in the head and chest and falls on his back onto the other warrior's knees."," A close up of the surviving warrior is shown, clearly satisfied with his victories."],["A Caucasian woman in late maternity is shown seated on a living room sofa."," She puts on a sock on her left foot while crossing her leg and then proceeds to put on a tennis shoe on her left foot."," She is cleary in discomfort as she proceeds to tie her shoe, which she rests on an ottoman."," She takes a small break and then proceeds to put on her right shoe, She rests her right foot on the ottoman while she ties the shoe."," The satisfied and exhausted woman sits back on the sofa and holds her large belly as she completes the task of putting her right shoe on."]],"rates":[1,1,1,1,1],"timestaken":[690.518,346.843,585.027,807.901,540.161],"pausetime":[5,3,9,7,4]}