{"names":["v_OMGTFZ9csg0.mp4","v_p4YTDxTASBI.mp4","v_PFn7a6eEhb4.mp4","v_Pmt3R5olRP0.mp4","v_PQ-qpoPeqM0.mp4"],"durations":[31.371,33.762,111.99,32.694,191.124],"timestamps":[[[0,5.18],[5.18,27.29],[28.55,31.37]],[[0,33.42],[2.19,20.43],[20.59,33.76]],[[4.48,21.84],[28,39.76],[35.84,45.92],[46.48,88.47],[91.83,111.99]],[[0,8.17],[9.15,26.65],[25.83,32.69]],[[0,72.63],[72.63,160.54],[154.81,191.12]]],"paragraph":["A camera zooms in on a backyard that contains a volkswagon and other various items. A man is shown putting skis together at a rapid pace. The man finishes up the skis and leaves his hat on top of the skis.","A group of people are riding in various canoes down a river. A man shoots a flame up into the air followed by several others as well. The camera pans around the group of people dressed as pirates and in other various costumes.","The camera zooms in on a baby cow with various title pages shown across the screen. A group of men run around a calf while others hold him down. A drunk man attempts to interact with a bull and is flipped into the air. Several men drag him out while a tourist attempts to draw the bull in. The bull nearly grabs him but the boy makes it on the fence and throws the red blanket on the bull.","A middle aged woman wearing a headpiece speaks to the camera while stiring with a spoon. She takes a couple sips from a cup while still speaking to the camera. She does this one more time before turning the camera off.","A young man pulls a wheel out and shows the proper structure of a wheel. He checks the current pressure for the tire and begins pumping air into the tire. He shows the difference between good tread and bad tread as well as when to know when to replace your tires."],"descriptions":[["A camera zooms in on a backyard that contains a volkswagon and other various items."," A man is shown putting skis together at a rapid pace."," The man finishes up the skis and leaves his hat on top of the skis."],["A group of people are riding in various canoes down a river."," A man shoots a flame up into the air followed by several others as well."," The camera pans around the group of people dressed as pirates and in other various costumes."],["The camera zooms in on a baby cow with various title pages shown across the screen."," A group of men run around a calf while others hold him down."," A drunk man attempts to interact with a bull and is flipped into the air."," Several men drag him out while a tourist attempts to draw the bull in."," The bull nearly grabs him but the boy makes it on the fence and throws the red blanket on the bull."],["A middle aged woman wearing a headpiece speaks to the camera while stiring with a spoon."," She takes a couple sips from a cup while still speaking to the camera."," She does this one more time before turning the camera off."],["A young man pulls a wheel out and shows the proper structure of a wheel."," He checks the current pressure for the tire and begins pumping air into the tire."," He shows the difference between good tread and bad tread as well as when to know when to replace your tires."]],"rates":[1,1,1,1,1],"timestaken":[96.235,97.427,189.965,92.544,120.675],"pausetime":[1,1,10,1,11]}