{"names":["v_NO5J7RjTTTo.mp4","v_nr34x_-K5c0.mp4","v_ns8v94HCtlM.mp4","v_nt4Ag91306U.mp4","v_NwfosNrFnwk.mp4"],"durations":[43.561,154.553,71.588,123.113,127.617],"timestamps":[[[0,42.91],[6.1,11.76],[11.76,43.56]],[[0,147.6],[12.36,30.14],[29.37,149.14]],[[0,11.45],[12.17,29.35],[28.64,71.59]],[[7.39,20.31],[16,116.34],[33.86,54.79],[56.63,123.11]],[[0,14.68],[17.23,71.47],[39.56,127.62]]],"paragraph":["Two boys at a young age are playing fooseball with each other. One grab the ball and puts it back into play. The boys continue to play the game back and fourth on the tabs.","An athletic man is swimming around on a paddle board while another man gets behind and assists him. He then flips the man forward and the man demonstrates how to flip yourself back over. They do this several more times to become more comfortable with the move.","A person is turning on a machine and watching a hose grow bigger while he spins the dial. He continues pressing buttons and begins grooming a dog. The person goes up and down on the dog and eventually makes him look good as new with different settings.","A person is throwing a tennis ball up in the air and hits the ball. Two men begin talking about this tennis move and how you should properly hold your racket. The man demonstrates how to throw the ball up and how to swing. The man continues to discuss when to hit the ball for this move and how to execute it properly.","A man holding a pole runs quickly towards the finish line and throws it quite far. The athlete seems proud of his throw and his moment is shown again in slow motion. The commentator continues to discuss his technique while replaying the throw several times."],"descriptions":[["Two boys at a young age are playing fooseball with each other."," One grab the ball and puts it back into play."," The boys continue to play the game back and fourth on the tabs."],["An athletic man is swimming around on a paddle board while another man gets behind and assists him."," He then flips the man forward and the man demonstrates how to flip yourself back over."," They do this several more times to become more comfortable with the move."],["A person is turning on a machine and watching a hose grow bigger while he spins the dial."," He continues pressing buttons and begins grooming a dog."," The person goes up and down on the dog and eventually makes him look good as new with different settings."],["A person is throwing a tennis ball up in the air and hits the ball."," Two men begin talking about this tennis move and how you should properly hold your racket."," The man demonstrates how to throw the ball up and how to swing."," The man continues to discuss when to hit the ball for this move and how to execute it properly."],["A man holding a pole runs quickly towards the finish line and throws it quite far."," The athlete seems proud of his throw and his moment is shown again in slow motion."," The commentator continues to discuss his technique while replaying the throw several times."]],"rates":[1,1,1,1,1],"timestaken":[50.131,70.534,74.006,91.08,96.761],"pausetime":[1,1,1,3,7]}