{"names":["v_Mk9n7isIyBs.mp4","v_modITAJlP_0.mp4","v_mOVPZhGyUrs.mp4","v_n9MONPwq7x0.mp4","v_NKNgAE07TIQ.mp4"],"durations":[136.325,69.962,67.872,170.412,169.251],"timestamps":[[[4.77,136.32],[16.36,136.32],[29.31,136.32],[60.66,136.32],[81.79,136.32],[97.47,136.32],[110.42,136.32],[130.87,136.32]],[[21.34,69.96],[39.88,69.96],[62.97,69.96],[66.46,69.96]],[[3.73,67.87],[9.16,67.87],[11.88,67.87],[31.22,67.87],[43.78,67.87],[46.83,67.87],[55.99,67.87],[64.82,67.87]],[[15.34,170.41],[28.12,170.41],[31.53,170.41],[46.01,170.41],[95.43,170.41],[163.6,170.41]],[[11.85,169.25],[28.77,169.25],[44.01,169.25],[60.93,169.25],[71.93,169.25],[88.86,169.25],[123.55,169.25],[136.25,169.25],[144.71,169.25]]],"paragraph":["A woman wearing a pink and white shirt and black tights is standing in her front yard. She is holding two batons in her and twirling them. She twirls her body and turns around several times as she twirls the batons in both her hands. She also moves her foot back and forth and walks and lifts her foot as she twirls. She then throws the baton from underneath her leg and catches it with her other hand. she continues twirling the baton near a shady tree. she turns her entire body around as she twirls the batons. She finally bows down and holds the baton straight in her hand.","A woman wearing light blue tank top and black shorts is exercising on an elliptical. She continues walking on the elliptical as she moves her hands forward and backwards. She then finishes her exercise routine, gets off the equipment and takes a drink of water from a blue water bottle. She walks away holding the bottle in her hand.","There are two men playing ping pong in a basement. One of the players is wearing a black shirt and the other is a blue shirt. There is a mattress leaning against the basement wall. The players continue playing a smooth rally. Then the person in black misses the shot. They continue playing ping pong for a few more rounds. The person in blue hits the ball in the net. They continue playing more till the person in blue drops the ball on the ground.","A man dressed in a black sweatshirt and black shorts, along with another person dressed in white athletic wear are standing in a tennis court near the net. They are both holding tennis rackets. The person in black is giving a tutorial on how to return a serve in tennis. There is a player demonstrating the serve as the coach explains. Then the person in white begins taking about more about the tennis serve and how to play effectively. The player continues to demonstrate the serves.","A man wearing a black shirts with a graphic design is seated near a table with liquor bottles and a shaker. He is a demonstrating how to make a seasonal alcoholic drink. He picks up the liquor bottles that he will be using for the drinks. He uses the jigger to measure and then pour the necessary ingredients into the shaker. He then adds some cream to the mixture. He adds a few cubes of ice into the shaker. Then he shakes beverage vigorously and pours into a conical glass. He then tops the drink with whipped cream from a can and puts a cherry on the top. He gives information about his Facebook page and other details."],"descriptions":[["A woman wearing a pink and white shirt and black tights is standing in her front yard."," She is holding two batons in her and twirling them."," She twirls her body and turns around several times as she twirls the batons in both her hands."," She also moves her foot back and forth and walks and lifts her foot as she twirls."," She then throws the baton from underneath her leg and catches it with her other hand."," she continues twirling the baton near a shady tree."," she turns her entire body around as she twirls the batons."," She finally bows down and holds the baton straight in her hand."],["A woman wearing light blue tank top and black shorts is exercising on an elliptical."," She continues walking on the elliptical as she moves her hands forward and backwards."," She then finishes her exercise routine, gets off the equipment and takes a drink of water from a blue water bottle."," She walks away holding the bottle in her hand."],["There are two men playing ping pong in a basement."," One of the players is wearing a black shirt and the other is a blue shirt."," There is a mattress leaning against the basement wall."," The players continue playing a smooth rally."," Then the person in black misses the shot."," They continue playing ping pong for a few more rounds."," The person in blue hits the ball in the net."," They continue playing more till the person in blue drops the ball on the ground."],["A man dressed in a black sweatshirt and black shorts, along with another person dressed in white athletic wear are standing in a tennis court near the net."," They are both holding tennis rackets."," The person in black is giving a tutorial on how to return a serve in tennis."," There is a player demonstrating the serve as the coach explains."," Then the person in white begins taking about more about the tennis serve and how to play effectively."," The player continues to demonstrate the serves."],["A man wearing a black shirts with a graphic design is seated near a table with liquor bottles and a shaker."," He is a demonstrating how to make a seasonal alcoholic drink."," He picks up the liquor bottles that he will be using for the drinks."," He uses the jigger to measure and then pour the necessary ingredients into the shaker."," He then adds some cream to the mixture."," He adds a few cubes of ice into the shaker."," Then he shakes beverage vigorously and pours into a conical glass."," He then tops the drink with whipped cream from a can and puts a cherry on the top."," He gives information about his Facebook page and other details."]],"rates":[1,1,1,1,1],"timestaken":[374.297,210.726,290.194,247.943,425.232],"pausetime":[3,2,7,1,3]}