{"names":["v_lhH3qdh8n3g.mp4","v_lhnhGI-rrzM.mp4","v_LLLuBjEVHI8.mp4","v_mbmMY04yMUA.mp4","v_MEbEcvzdytY.mp4"],"durations":[89.003,180.768,45.07,135.001,174.034],"timestamps":[[[11.13,89],[24.03,89],[53.85,89],[63.64,89],[81.88,89]],[[11.75,180.77],[79.54,180.77],[125.63,180.77],[132.86,180.77],[144.61,180.77],[154.56,180.77],[169.92,180.77]],[[4.28,45.07],[18.03,45.07],[32.9,45.07],[41.46,45.07]],[[8.1,135],[22.28,135],[38.48,135],[65.48,135],[95.18,135],[122.85,135]],[[9.57,174.03],[20.88,174.03],[44.38,174.03],[71.35,174.03],[94.85,174.03],[156.63,174.03],[161.85,174.03]]],"paragraph":["There are about ten or more people dressed in athletic wear doing a synchronized form of exercise. They are doing the steps rhythmically to the beats of a song that is played in the fitness center. There are disco lights flashing in the fitness center. They continue to do the steps as they clap their hands in between the steps. They also step on and step off of a step stool as they continue their steps.","There's a young man wearing a blue shirt and a black helmet skateboarding on a two way road. He is going at a steady and fast speed as he passes through a few cars and lots of trees. He also passes through some residential areas as he skateboards. He finally slows down as cameraman approaches a gray car. The cameraman gets into the car and takes the skateboard away. The skateboarder is kneeling on the side of the main road. He then gets up and walks away.","A teenage boy wearing a white shirt and black track pants is shooting hoops in an outdoor basketball court. There are a few cones arranged around the court. The boy continues running, dribbling and shooting hoops with the basketball. He hits a shot and makes a basket and then stops playing.","There is some script shown on fear of singing on stage. A woman in a green shirt is singing while doing the dishes in her kitchen sink. She continues to wash the spoons and forks with a blue scrub and soap as she sings in a high pitch and tone. She continues to wash a large knife and then places the wet utensils on a drying rack. She washes some glasses and scrubs them thoroughly with the same sponge. Then places the glass on the drying rack.","A woman in a red workout shirt is talking about the benefits of an elliptical cross trainer. Another woman in a pink tank top is demonstrating the use of the elliptical. The woman in red continues explaining the use of the elliptical. Then a demonstration of how the legs must move on the elliptical is shown. The woman in red further explains benefits of the workout with an elliptical. The woman on the machine continues to show the viewers the correct way to exercising on the elliptical. The host then concludes the tutorial."],"descriptions":[["There are about ten or more people dressed in athletic wear doing a synchronized form of exercise."," They are doing the steps rhythmically to the beats of a song that is played in the fitness center."," There are disco lights flashing in the fitness center."," They continue to do the steps as they clap their hands in between the steps."," They also step on and step off of a step stool as they continue their steps."],["There's a young man wearing a blue shirt and a black helmet skateboarding on a two way road."," He is going at a steady and fast speed as he passes through a few cars and lots of trees."," He also passes through some residential areas as he skateboards."," He finally slows down as cameraman approaches a gray car."," The cameraman gets into the car and takes the skateboard away."," The skateboarder is kneeling on the side of the main road."," He then gets up and walks away."],["A teenage boy wearing a white shirt and black track pants is shooting hoops in an outdoor basketball court."," There are a few cones arranged around the court."," The boy continues running, dribbling and shooting hoops with the basketball."," He hits a shot and makes a basket and then stops playing."],["There is some script shown on fear of singing on stage."," A woman in a green shirt is singing while doing the dishes in her kitchen sink."," She continues to wash the spoons and forks with a blue scrub and soap as she sings in a high pitch and tone."," She continues to wash a large knife and then places the wet utensils on a drying rack."," She washes some glasses and scrubs them thoroughly with the same sponge."," Then places the glass on the drying rack."],["A woman in a red workout shirt is talking about the benefits of an elliptical cross trainer."," Another woman in a pink tank top is demonstrating the use of the elliptical."," The woman in red continues explaining the use of the elliptical."," Then a demonstration of how the legs must move on the elliptical is shown."," The woman in red further explains benefits of the workout with an elliptical."," The woman on the machine continues to show the viewers the correct way to exercising on the elliptical."," The host then concludes the tutorial."]],"rates":[1,1,1,1,1],"timestaken":[271.921,369.128,153.294,270.032,307.502],"pausetime":[3,4,2,7,3]}