{"names":["v_ki2kGFwczMg.mp4","v_KKrHX-pywBQ.mp4","v_KptXzRFIvTw.mp4","v_KwY8nf4MqR4.mp4","v_l5xW6UZWwBs.mp4"],"durations":[70.194,193.446,144.475,33.925,87.818],"timestamps":[[[1.75,70.19],[20.71,70.19],[30.53,70.19],[43.17,70.19],[56.51,70.19],[66.68,70.19]],[[8.71,193.45],[30.95,193.45],[48.36,193.45],[70.61,193.45],[88.99,193.45],[116.07,193.45],[136.38,193.45],[156.69,193.45],[170.23,193.45],[183.77,193.45]],[[10.11,144.48],[20.95,144.48],[48.4,144.48],[62.12,144.48],[96.08,144.48],[122.08,144.48],[135.08,144.48]],[[1.02,33.92],[2.88,33.92],[10.35,33.92],[19.17,33.92],[26.29,33.92],[31.55,33.92]],[[7.9,87.82],[12.29,87.82],[16.69,87.82],[27.22,87.82],[62.35,87.82],[75.52,87.82]]],"paragraph":["An athlete wearing a white shirt and red shorts is running with a javelin in his hand in a stadium with several spectators. There is a person seated on a white bench wearing a blue uniform, tying his shoelaces. The javelin thrower runs and throws the javelin and falls to the ground. He gets up and raises his hands up high in victory. He comes running again and throws the javelin and falls to the ground. The third time, his action is repeated in slow motion.","A young man wearing a white shirt and helmet and black pants is holding a skateboard in his hands as he walks. He puts the skateboard down and begins skating on an asphalt road. He flips the skateboard several times and goes on circles. Two people walk past him as he continues to skateboard. The man begins to speed up on his skateboard as he goes down the road. He also skates past a lake on a long and winding road. He skates past a field and mountains that are filled with greenery. He tries various stunts and tricks on his skateboard. He continues to skateboard through the roads. He falls off the skateboard on the side of the road, but gets right back on it and skates away.","A person named Chad wearing a black and gray jacket is standing next to a Christmas tree and giving a tutorial on how to decorate it. He is holding a crystal star in his hands which he places on top of the tree. Then he takes some Christmas lights lights and twirls it around the branches of the tree. He takes a red garland and demonstrates how to wrap it around the tree. He then takes some red and gold ornaments and shows how to place them on the tree. He also takes a red ribbon and red berries to add to the tree. He stands next to the fully decorated tree as he completes his tutorial.","A small boy wearing a blue and yellow hoodie and gray sweat pants in standing in an outdoor tennis court. He is holding a blue racket as he bounces the yellow and orange tennis ball on the court. He starts with his first serve where the ball hits the net. Then he takes another ball, bounces it and serves again. The ball goes over the net and falls on the other side of the court. He gets another ball for the third time and drops it off his hands while trying to serve.","There two old men wearing straw hats, dressed in t-shirts and shorts getting ready to play shuffleboard. There two other men standing a few yards away with their cue sticks. A woman with gray hair and a yellow shirt is seen playing shuffleboard. There are two discs on the ground that get hit by another disc. Several spectators are watching a shuffleboard event where various people are competing and playing. One of the players adjusts his discs before hitting it with the cue stick."],"descriptions":[["An athlete wearing a white shirt and red shorts is running with a javelin in his hand in a stadium with several spectators."," There is a person seated on a white bench wearing a blue uniform, tying his shoelaces."," The javelin thrower runs and throws the javelin and falls to the ground."," He gets up and raises his hands up high in victory."," He comes running again and throws the javelin and falls to the ground."," The third time, his action is repeated in slow motion."],["A young man wearing a white shirt and helmet and black pants is holding a skateboard in his hands as he walks."," He puts the skateboard down and begins skating on an asphalt road."," He flips the skateboard several times and goes on circles."," Two people walk past him as he continues to skateboard."," The man begins to speed up on his skateboard as he goes down the road."," He also skates past a lake on a long and winding road."," He skates past a field and mountains that are filled with greenery."," He tries various stunts and tricks on his skateboard."," He continues to skateboard through the roads."," He falls off the skateboard on the side of the road, but gets right back on it and skates away."],["A person named Chad wearing a black and gray jacket is standing next to a Christmas tree and giving a tutorial on how to decorate it."," He is holding a crystal star in his hands which he places on top of the tree."," Then he takes some Christmas lights lights and twirls it around the branches of the tree."," He takes a red garland and demonstrates how to wrap it around the tree."," He then takes some red and gold ornaments and shows how to place them on the tree."," He also takes a red ribbon and red berries to add to the tree."," He stands next to the fully decorated tree as he completes his tutorial."],["A small boy wearing a blue and yellow hoodie and gray sweat pants in standing in an outdoor tennis court."," He is holding a blue racket as he bounces the yellow and orange tennis ball on the court."," He starts with his first serve where the ball hits the net."," Then he takes another ball, bounces it and serves again."," The ball goes over the net and falls on the other side of the court."," He gets another ball for the third time and drops it off his hands while trying to serve."],["There two old men wearing straw hats, dressed in t-shirts and shorts getting ready to play shuffleboard."," There two other men standing a few yards away with their cue sticks."," A woman with gray hair and a yellow shirt is seen playing shuffleboard."," There are two discs on the ground that get hit by another disc."," Several spectators are watching a shuffleboard event where various people are competing and playing."," One of the players adjusts his discs before hitting it with the cue stick."]],"rates":[1,1,1,1,1],"timestaken":[381.219,839.599,327.6,774.226,952.851],"pausetime":[11,8,4,10,7]}