{"names":["v_jIKAVLlyXIQ.mp4","v_jVM8v6uJx8c.mp4","v_jwqotL-yNvE.mp4","v_KEUJ7ulD-_A.mp4","v_KGIDKn3t2Qk.mp4"],"durations":[13.863,85.961,168.183,230.18,188.639],"timestamps":[[[0,2.43],[2.5,7.42],[7.49,13.86]],[[0,4.73],[5.16,85.96],[24.93,45.56],[45.99,51.15],[55.02,60.17],[61.03,71.78],[80.37,85.96]],[[0,18.5],[19.34,168.18],[65.59,84.09],[116.05,131.18],[132.86,168.18]],[[0,11.51],[12.66,46.04],[47.19,154.22],[155.37,230.18]],[[0,6.6],[7.55,182.04],[10.38,47.16],[47.16,73.57],[74.51,117.9],[118.84,163.17],[163.17,182.04],[182.04,188.64]]],"paragraph":["A man cuts into a piece of wood with an ax. Then, his action is replayed in slow motion. Next he takes a piece of the wood he cut an throws it into a pile.","The intro comes onto the screen introducing a video about ho to climb rocks. A man appears on the screen hanging from a harness to give some instructions. The video cuts to him climbing the wall while he continues his narration. The video cuts to another person in a green shirt getting help to try to climb the wall. The video shows a split screen with two views of a man climbing the wall. Then, a woman is shown trying to climb the wall. A warning is displayed on the screen at the end of the video.","A video is shown of a first person view of someone exploring a large open field on the way to a track. Then, the person puts the camera down and begins working out on the track. The guys takes off his track suit and continues to work out. He flips himself over in the air and lands on a pile of sand. He proceeds to do some break dancing moves before the video ends.","The video opens up with an intro segment for a BMX race. The racers are shown at the gate getting ready for the race. Several racers are introduced with their names shown on the screen. The race starts and the racers race around the track.","An intro is shown with a drink being poured into a glass and a caption about drink mixing. A girl begins to make a drink called a Mai Tai. She takes out all the things she will need to make the drink. She gets some ice into a glass and into the shaker. She adds in the rum, triple sec, syrup, sour mix, and puts the lid on the shaker. She shakes the shaker for a bit until it gets cold and pours the drink into the glass over the ice. She tops it off with a bit of sour mix and cherries, as well as a straw. The video ends with the closing caption."],"descriptions":[["A man cuts into a piece of wood with an ax."," Then, his action is replayed in slow motion."," Next he takes a piece of the wood he cut an throws it into a pile."],["The intro comes onto the screen introducing a video about ho to climb rocks."," A man appears on the screen hanging from a harness to give some instructions."," The video cuts to him climbing the wall while he continues his narration."," The video cuts to another person in a green shirt getting help to try to climb the wall."," The video shows a split screen with two views of a man climbing the wall."," Then, a woman is shown trying to climb the wall."," A warning is displayed on the screen at the end of the video."],["A video is shown of a first person view of someone exploring a large open field on the way to a track."," Then, the person puts the camera down and begins working out on the track."," The guys takes off his track suit and continues to work out."," He flips himself over in the air and lands on a pile of sand."," He proceeds to do some break dancing moves before the video ends."],["The video opens up with an intro segment for a BMX race."," The racers are shown at the gate getting ready for the race."," Several racers are introduced with their names shown on the screen."," The race starts and the racers race around the track."],["An intro is shown with a drink being poured into a glass and a caption about drink mixing."," A girl begins to make a drink called a Mai Tai."," She takes out all the things she will need to make the drink."," She gets some ice into a glass and into the shaker."," She adds in the rum, triple sec, syrup, sour mix, and puts the lid on the shaker."," She shakes the shaker for a bit until it gets cold and pours the drink into the glass over the ice."," She tops it off with a bit of sour mix and cherries, as well as a straw."," The video ends with the closing caption."]],"rates":[2,1,4,1,2],"timestaken":[160.703,672.686,340.128,414.316,542.288],"pausetime":[2,7,7,11,12]}