{"names":["v_iL__89eDRzg.mp4","v_ILgkiTHnGVI.mp4","v_IN8-B39kq_k.mp4","v_J4vq7MLMAtY.mp4","v_JGStyHrlN2U.mp4"],"durations":[89.397,60.256,66.758,149.56,40.334],"timestamps":[[[0,8.94],[9.39,19.67],[20.11,86.27],[86.27,89.4]],[[0,60.26],[1.51,17.47],[17.47,25.01],[25.01,35.85],[35.85,60.26]],[[0,21.7],[21.7,66.76],[25.7,32.38],[35.38,58.75]],[[0,149.56],[9.72,23.18],[47.11,137.6],[83.75,88.24],[90.48,128.62]],[[0,40.33],[7.87,22.79],[22.59,36.3],[36.3,40.33]]],"paragraph":["An intro comes onto the screen introducing the video clip. Two people are shown frolicking around in the lake. After that, they take off in motion in the water connected by a cord to a speed boat. The video ends when they both fall int the water.","A man shows up on the screen wearing a martial arts uniform showing people how to do a side kick. He sways from side to side to show how to control your balance. He lifts his knees, one after alternating from left to right to show how to begin the kick. He continues to show how to finish the side kick with a follow through. Then he demonstrates how to do the kick from several angles.","Two men introduce themselves in the beginning of the video and tell the viewers that they will be talking about tattoos. One of the guys comes on the screen and gives some tips about how to prepare to give a tattoo. A close up of a man is shown giving a tattoo to someone. Several clients are shown close up on the screen while they are in the process of a tattoo.","Several people are shown at a party playing different games and having fun. A man begins to talk to one of the women as she is playing one of the games. The game begins to get heated while several of the women laugh and joke around. One of the women takes a picture of the laughing women playing the game. A man helps as the women try to get the hang of playing the game.","Several player on horseback are playing cricket on a field. All players ride their horses to one side of the field. The ride around and around as the try to hit the cricket ball. The ball is hit into the middle of the field away from all the players."],"descriptions":[["An intro comes onto the screen introducing the video clip."," Two people are shown frolicking around in the lake."," After that, they take off in motion in the water connected by a cord to a speed boat."," The video ends when they both fall int the water."],["A man shows up on the screen wearing a martial arts uniform showing people how to do a side kick."," He sways from side to side to show how to control your balance."," He lifts his knees, one after alternating from left to right to show how to begin the kick."," He continues to show how to finish the side kick with a follow through."," Then he demonstrates how to do the kick from several angles."],["Two men introduce themselves in the beginning of the video and tell the viewers that they will be talking about tattoos."," One of the guys comes on the screen and gives some tips about how to prepare to give a tattoo."," A close up of a man is shown giving a tattoo to someone."," Several clients are shown close up on the screen while they are in the process of a tattoo."],["Several people are shown at a party playing different games and having fun."," A man begins to talk to one of the women as she is playing one of the games."," The game begins to get heated while several of the women laugh and joke around."," One of the women takes a picture of the laughing women playing the game."," A man helps as the women try to get the hang of playing the game."],["Several player on horseback are playing cricket on a field."," All players ride their horses to one side of the field."," The ride around and around as the try to hit the cricket ball."," The ball is hit into the middle of the field away from all the players."]],"rates":[4,2,2,2,1],"timestaken":[229.904,369.608,296.192,471.011,163.025],"pausetime":[3,3,8,13,1]}