{"names":["v_hJn5L1nrkL4.mp4","v_HNIs8lFvKkA.mp4","v_HtZ0bvriAvQ.mp4","v_Ig_AvatvYrk.mp4","v_ihMn28mft2s.mp4"],"durations":[70.728,221.078,64.436,232.363,126.108],"timestamps":[[[2.83,70.73],[5.3,70.73],[6.37,70.73],[10.61,70.73],[16.62,70.73],[22.63,70.73],[48.8,70.73],[57.29,70.73],[60.83,70.73],[67.19,70.73]],[[8.84,221.08],[24.32,221.08],[36.48,221.08],[55.27,221.08],[71.85,221.08],[106.12,221.08],[141.49,221.08],[163.6,221.08],[174.65,221.08],[185.71,221.08],[214.45,221.08]],[[2.58,64.44],[21.91,64.44],[43.49,64.44],[58.96,64.44]],[[10.46,232.36],[12.78,232.36],[22.07,232.36],[54.61,232.36],[65.06,232.36],[116.18,232.36],[128.96,232.36],[132.45,232.36],[140.58,232.36],[173.11,232.36],[192.86,232.36],[212.61,232.36],[223.07,232.36]],[[13.24,126.11],[25.85,126.11],[67.47,126.11],[91.43,126.11],[110.98,126.11]]],"paragraph":["There are two men playing table tennis in an indoor stadium. One of the players is wearing blue and the other player is in a red shirt. There is a person dressed in a black shirt seated near the players. There are several spectators seated in the stadium. They continue playing a rally for some time. The player in the red shirt misses the ball and gives his opponent a winning point. The player in blue cheers loudly after his winning point and breaks into a dance. He continues dancing and goes towards his opponent to mock him. He then goes back to the table tennis table. The man dressed on black shows the score.","There are two people dressed in yellow shirts playing table tennis in a finished basement. There are three people seated on sofas next to them watching soccer television. Another person seated on the sofa is playing on his phone. The two players continue playing table tennis. The player on the right hits the ball which is opponent returns in a fast manner. The ball falls off the table. The person on the right runs to pick up the ball. They continue playing and serving the ball. A guy dressed in a black hoodie walks by. One of the player pauses to adjust the table. They continue playing table tennis as they talk to each other.","A gymnast wearing a red and black uniform jumps on the horse bar. She comes running again and jumps on the horse bar and does a front flip. The the third time she jumps again on the horse bar and raises her left foot, does a front flip and gets off the bar. She repeats the same steps again and jumps off the horse bar.","There is a young man dressed in a black shirt going round in circles to show his hair from the front and back. Then he takes a spray bottle and sprays his hair with water and combs it. He then takes a razor and begins shaving the sides and the back of his head. He takes a pair of scissors and starts trimming the top part of hair. He uses a black comb and scissors to point cut his hair. He holds the hair in his hand as he trims it. He takes the razor again and shaves the sides. He takes the scissors too and trims his hair. He then blow dries his hair. He takes a small amount of hair gel on his finger from the container and rubs it through the long section of his hair. He then combs the hair to style it. He runs his fingers through the hair to finish off the look. He rotates around to show his hairstyle from all angles.","A man sporting a beard and mustache and wearing a white shirt is giving a tutorial on volleyball safety. He then wears a black sweatshirt and demonstrates how to do stretching exercises. He continues to explain what gear to wear while playing and warming up for volleyball. There are some athletes playing volleyball as he talks. There is a game of volleyball shown where players are in an indoor gym."],"descriptions":[["There are two men playing table tennis in an indoor stadium."," One of the players is wearing blue and the other player is in a red shirt."," There is a person dressed in a black shirt seated near the players."," There are several spectators seated in the stadium."," They continue playing a rally for some time."," The player in the red shirt misses the ball and gives his opponent a winning point."," The player in blue cheers loudly after his winning point and breaks into a dance."," He continues dancing and goes towards his opponent to mock him."," He then goes back to the table tennis table."," The man dressed on black shows the score."],["There are two people dressed in yellow shirts playing table tennis in a finished basement."," There are three people seated on sofas next to them watching soccer television."," Another person seated on the sofa is playing on his phone."," The two players continue playing table tennis."," The player on the right hits the ball which is opponent returns in a fast manner."," The ball falls off the table."," The person on the right runs to pick up the ball."," They continue playing and serving the ball."," A guy dressed in a black hoodie walks by."," One of the player pauses to adjust the table."," They continue playing table tennis as they talk to each other."],["A gymnast wearing a red and black uniform jumps on the horse bar."," She comes running again and jumps on the horse bar and does a front flip."," The the third time she jumps again on the horse bar and raises her left foot, does a front flip and gets off the bar."," She repeats the same steps again and jumps off the horse bar."],["There is a young man dressed in a black shirt going round in circles to show his hair from the front and back."," Then he takes a spray bottle and sprays his hair with water and combs it."," He then takes a razor and begins shaving the sides and the back of his head."," He takes a pair of scissors and starts trimming the top part of hair."," He uses a black comb and scissors to point cut his hair."," He holds the hair in his hand as he trims it."," He takes the razor again and shaves the sides."," He takes the scissors too and trims his hair."," He then blow dries his hair."," He takes a small amount of hair gel on his finger from the container and rubs it through the long section of his hair."," He then combs the hair to style it."," He runs his fingers through the hair to finish off the look."," He rotates around to show his hairstyle from all angles."],["A man sporting a beard and mustache and wearing a white shirt is giving a tutorial on volleyball safety."," He then wears a black sweatshirt and demonstrates how to do stretching exercises."," He continues to explain what gear to wear while playing and warming up for volleyball."," There are some athletes playing volleyball as he talks."," There is a game of volleyball shown where players are in an indoor gym."]],"rates":[1,1,1,1,1],"timestaken":[471.999,408.647,179.807,607.386,255.405],"pausetime":[8,3,4,7,7]}