{"names":["v_gtd2Ye-raxE.mp4","v_h-_dzZ3cCfc.mp4","v_h4m7bYDVLAc.mp4","v_H8K1E49607E.mp4","v_HdNOiIdGqvE.mp4"],"durations":[68.058,170.644,24.916,97.385,71.495],"timestamps":[[[0,15.31],[15.31,43.9],[45.6,68.06]],[[0,5.12],[8.53,95.56],[58.02,71.67],[86.18,135.66],[134.81,170.64]],[[0,21.55],[0.37,23.05],[20.18,24.17]],[[0.97,94.46],[8.28,91.05],[40.41,77.42],[57.46,68.66]],[[8.94,21.45],[20.38,29.31],[50.05,56.12],[59.34,71.14]]],"paragraph":["A male gymnast hops up onto bars and begins performing a gymnastics routine. He swings around the bars over and over again while the judges watch and critique. The man eventually jumps off and the video fades away into an effect.","A man is shown talking to the camera while walking slowly onto the field with a group of players. Various players are shown one on one with several shots of stadium and cities are shown. The athletes prepare themselves for the match and are shown playing out on the field. The men cheer when they score a goal and sit on the bench after being tired. They run through stadiums and speak to the camera about being a professional athlete.","A woman blindfolded in a yard and swinging away at a pinata being moved around. Several people around her are watches and can't help but laugh. The woman is laughing as well and finally hits the pinata for the children to grab.","A person wearing a vest has several buckets on the street he is drumming with. Many people are standing around in amazement watching this man play, while some are recording with a camera. The man continues drumming faster and the crowd continues to cheer him on. Many people walk past and don't seem to notice the drummer.","A man in a white lab coat is seen talking to the camera and showing various tools in a laboratory. Towel are seen sitting in a sink and the man shows the proper hand washing tools. He puts his hands under the sink with soap and washes his hand thoroughly. He dries his hands and continues talking to the camera how why this is important."],"descriptions":[["A male gymnast hops up onto bars and begins performing a gymnastics routine."," He swings around the bars over and over again while the judges watch and critique."," The man eventually jumps off and the video fades away into an effect."],["A man is shown talking to the camera while walking slowly onto the field with a group of players."," Various players are shown one on one with several shots of stadium and cities are shown."," The athletes prepare themselves for the match and are shown playing out on the field."," The men cheer when they score a goal and sit on the bench after being tired."," They run through stadiums and speak to the camera about being a professional athlete."],["A woman blindfolded in a yard and swinging away at a pinata being moved around."," Several people around her are watches and can't help but laugh."," The woman is laughing as well and finally hits the pinata for the children to grab."],["A person wearing a vest has several buckets on the street he is drumming with."," Many people are standing around in amazement watching this man play, while some are recording with a camera."," The man continues drumming faster and the crowd continues to cheer him on."," Many people walk past and don't seem to notice the drummer."],["A man in a white lab coat is seen talking to the camera and showing various tools in a laboratory."," Towel are seen sitting in a sink and the man shows the proper hand washing tools."," He puts his hands under the sink with soap and washes his hand thoroughly."," He dries his hands and continues talking to the camera how why this is important."]],"rates":[1,1,1,1,1],"timestaken":[82.42,158.439,72.179,116.765,151.013],"pausetime":[4,4,1,1,7]}