{"names":["v_Ffi7vDa3C2I.mp4","v_fGDVlbI90pw.mp4","v_FL9yhHtoc6c.mp4","v_gh5di42-RJo.mp4","v_GPWXB0wy5dY.mp4"],"durations":[200.273,10.891,220.637,62.323,23.406],"timestamps":[[[8.01,200.27],[14.02,200.27],[26.04,200.27],[31.04,200.27],[39.05,200.27],[63.09,200.27],[70.1,200.27],[77.11,200.27],[83.11,200.27],[92.13,200.27],[106.14,200.27],[152.21,200.27],[159.22,200.27],[171.23,200.27],[186.25,200.27],[194.26,200.27],[198.27,200.27]],[[1.2,10.89],[8.99,10.89],[10.62,10.89]],[[9.93,220.64],[23.17,220.64],[39.71,220.64],[56.26,220.64],[67.29,220.64],[75.02,220.64],[93.77,220.64],[115.83,220.64],[136.79,220.64],[194.16,220.64],[201.88,220.64],[212.91,220.64]],[[3.43,62.32],[7.79,62.32],[10.91,62.32],[31.16,62.32],[55.16,62.32],[60.14,62.32]],[[1.64,23.41],[8.08,23.41],[15.68,23.41],[22.12,23.41]]],"paragraph":["Two men are rollerblading on a sidewalk of a quiet street. There are four young men and women rollerblading on a street with lots of trees. There are some professionals rollerblading in a stadium and on a sidewalk by a fountain. One man jumps over a chained sidewalk while rollerblading. A couple is rollerblading on a sidewalk and another man is jumping over a barricade onto a sidewalk. Several people are rollerblading on the sidewalk. There are some people competing in a rollerblading competition. There are some men rollerblading through streets at very high speed. Some of them are climbing stairs with their roller blades. Some men are rollerblading through a busy city and on bridges. There is a group of young children rollerblading together. One man leaps over a wall while rollerblading. One person dives straight into water as he comes rollerblading at high speed. People are rollerblading through the city, going down the stairs and even on sidewalks. Two boys jump into an S shaped structure while rollerblading. Two people are doing figure eights on a bridge as they roller blade. One person goes steadily while rollerblading.","A young girl wearing a gray sweater with long red colored hair is brushing her hair. She is using a silver paddle brush to remove the knots from her hair and de-tangle it as she brushes it through. She suddenly begins to scream as she brushes her hair.","A man and a woman are dancing on a concrete ground at night under a street light. Both the man and the woman are wearing a black tank top and black shorts along with black shoes. They are dancing in a synchronized manner by following choreographed dance steps to a song. They move their hands as they lift their right leg up high while dancing. Then they shake their hips and their heads they lip sync to the song. when the music gets faster, they move their hands in a circular motion. They also lift their knees up high while shaking their bodies. They repeat the steps every time the chorus of the song plays. They lift their knees up high alternating between the two legs. They continue to dance as they hold up the palms of their hands straight up and move their hips. They repeat the steps as the chorus of the song repeats. Finally after the song ends, they both stand still with their hands on their hips.","A small boy wearing a black and red striped shirt is sitting with a drum set and playing drums. A man wearing a pink shirt and black trousers is standing next to him. Another person wearing a denim shirt walks past the boy. the boy continues to drum the cymbals and the hi-hat in a rhythmic way as the people cheer for him. He alternately hits the cymbals and the snare drums with the sticks. He ends by hitting the cymbals.","The video that is shot horizontally shows several people windsurfing in the ocean on a sunny day. One of the surfers is going at very high speed against the waves. One surfer on an orange surf comes at top speed and loses control and falls into the water. The surfer with blue sails manages to stay on board as he surfs in the ocean."],"descriptions":[["Two men are rollerblading on a sidewalk of a quiet street."," There are four young men and women rollerblading on a street with lots of trees."," There are some professionals rollerblading in a stadium and on a sidewalk by a fountain."," One man jumps over a chained sidewalk while rollerblading."," A couple is rollerblading on a sidewalk and another man is jumping over a barricade onto a sidewalk."," Several people are rollerblading on the sidewalk."," There are some people competing in a rollerblading competition."," There are some men rollerblading through streets at very high speed."," Some of them are climbing stairs with their roller blades."," Some men are rollerblading through a busy city and on bridges."," There is a group of young children rollerblading together."," One man leaps over a wall while rollerblading."," One person dives straight into water as he comes rollerblading at high speed."," People are rollerblading through the city, going down the stairs and even on sidewalks."," Two boys jump into an S shaped structure while rollerblading."," Two people are doing figure eights on a bridge as they roller blade."," One person goes steadily while rollerblading."],["A young girl wearing a gray sweater with long red colored hair is brushing her hair."," She is using a silver paddle brush to remove the knots from her hair and de-tangle it as she brushes it through."," She suddenly begins to scream as she brushes her hair."],["A man and a woman are dancing on a concrete ground at night under a street light."," Both the man and the woman are wearing a black tank top and black shorts along with black shoes."," They are dancing in a synchronized manner by following choreographed dance steps to a song."," They move their hands as they lift their right leg up high while dancing."," Then they shake their hips and their heads they lip sync to the song."," when the music gets faster, they move their hands in a circular motion."," They also lift their knees up high while shaking their bodies."," They repeat the steps every time the chorus of the song plays."," They lift their knees up high alternating between the two legs."," They continue to dance as they hold up the palms of their hands straight up and move their hips."," They repeat the steps as the chorus of the song repeats."," Finally after the song ends, they both stand still with their hands on their hips."],["A small boy wearing a black and red striped shirt is sitting with a drum set and playing drums."," A man wearing a pink shirt and black trousers is standing next to him."," Another person wearing a denim shirt walks past the boy."," the boy continues to drum the cymbals and the hi-hat in a rhythmic way as the people cheer for him."," He alternately hits the cymbals and the snare drums with the sticks."," He ends by hitting the cymbals."],["The video that is shot horizontally shows several people windsurfing in the ocean on a sunny day."," One of the surfers is going at very high speed against the waves."," One surfer on an orange surf comes at top speed and loses control and falls into the water."," The surfer with blue sails manages to stay on board as he surfs in the ocean."]],"rates":[1,1,1,1,1],"timestaken":[1191.531,236.299,968.595,322.399,410.535],"pausetime":[16,5,11,4,11]}