{"names":["v_5Bo0gFXxDQk.mp4","v_5DhbyYavYp4.mp4","v_5iQsKA84vWo.mp4","v_5o9iv0wC59g.mp4","v_5TV-V6Cxero.mp4"],"durations":[16.998,234.522,155.644,45.396,142.408],"timestamps":[[[1.02,12.75],[3.06,12.75],[6.88,12.75],[12.24,12.75]],[[12.9,175.89],[35.18,175.89],[48.08,175.89],[87.95,175.89],[107.88,175.89],[120.78,175.89],[143.06,175.89],[170.03,175.89]],[[7.78,116.73],[20.23,116.73],[30.35,116.73],[38.91,116.73],[50.58,116.73],[65.37,116.73],[84.05,116.73],[99.61,116.73],[112.84,116.73]],[[5.22,34.05],[21.79,34.05],[25.65,34.05],[32.91,34.05]],[[6.41,106.81],[11.39,106.81],[22.07,106.81],[39.16,106.81],[44.86,106.81],[53.4,106.81],[67.64,106.81],[96.13,106.81]]],"paragraph":["A person wearing a blue shirt is sitting on the floor welding. He is wearing protective gear to cover his face and eyes. He also has protective gloves on that are brown in color. He continues welding a long metal rod with welding tool directed towards the rod.","There is a garden with many trees and shrubs. There is a man using a hedging and trimming equipment trimming the bushes. Another man is giving instructions on lawn and garden care. The man climbs up a tall ladder to trim the trees and bushes several times. He goes around the entire side to trim the hedges. The instructor continues talking about the gardening process, The man trims the hedges that form a barrier near a house. The instructor explains the process again to the viewers. The scene changes to a strange looking statue in a busy city and ends with a thank you for watching message.","There two women boxers competing in kickboxing against each other in a boxing event. The referee is standing next to them. There are several spectators watching the boxers compete. After the referee gives a go, the contestants begin the match. The crowd cheers for them as they compete. The boxer in the black uniform punches the boxer in red and makes her fall down. The boxer in red kicks her opponent. The boxer in black strikes back at her opponent and the boxer in red punches her face. The referee declares the boxer in black as the winner and crowd applauds her victory.","A man wearing a dark blue shirt and sporting a braid begins playing the bongos. He begins drumming on the bongos to a beat as he shakes his head rhythmically. He continues drumming on the bongos alternating between the two drums. He plays for some time and then stops drumming on the bongos.","A shirtless man is standing on porch while instructing how to build a redneck fire. He shows a beer bottle and some other alcohol cans. He demonstrates a campfire that he has set up in a pit. There are three men standing near the campfire pit to demonstrate step three. One of the men picks up a gasoline can and ours some of it into the campfire pit. Another man lights the bonfire up to start the fire. The bonfire continues burning as the fireworks crackle in the pit. One of the instructors comes back and point to the redneck campfire."],"descriptions":[["A person wearing a blue shirt is sitting on the floor welding."," He is wearing protective gear to cover his face and eyes."," He also has protective gloves on that are brown in color."," He continues welding a long metal rod with welding tool directed towards the rod."],["There is a garden with many trees and shrubs."," There is a man using a hedging and trimming equipment trimming the bushes."," Another man is giving instructions on lawn and garden care."," The man climbs up a tall ladder to trim the trees and bushes several times."," He goes around the entire side to trim the hedges."," The instructor continues talking about the gardening process, The man trims the hedges that form a barrier near a house."," The instructor explains the process again to the viewers."," The scene changes to a strange looking statue in a busy city and ends with a thank you for watching message."],["There two women boxers competing in kickboxing against each other in a boxing event."," The referee is standing next to them."," There are several spectators watching the boxers compete."," After the referee gives a go, the contestants begin the match."," The crowd cheers for them as they compete."," The boxer in the black uniform punches the boxer in red and makes her fall down."," The boxer in red kicks her opponent."," The boxer in black strikes back at her opponent and the boxer in red punches her face."," The referee declares the boxer in black as the winner and crowd applauds her victory."],["A man wearing a dark blue shirt and sporting a braid begins playing the bongos."," He begins drumming on the bongos to a beat as he shakes his head rhythmically."," He continues drumming on the bongos alternating between the two drums."," He plays for some time and then stops drumming on the bongos."],["A shirtless man is standing on porch while instructing how to build a redneck fire."," He shows a beer bottle and some other alcohol cans."," He demonstrates a campfire that he has set up in a pit."," There are three men standing near the campfire pit to demonstrate step three."," One of the men picks up a gasoline can and ours some of it into the campfire pit."," Another man lights the bonfire up to start the fire."," The bonfire continues burning as the fireworks crackle in the pit."," One of the instructors comes back and point to the redneck campfire."]],"rates":[1,1,1,1,1],"timestaken":[254.605,665.031,356.948,325.018,519.065],"pausetime":[5,3,4,7,6]}