{"names":["v_XuwqWdp-u2M.mp4","v_y-HkIwa-jWM.mp4","v_YAWoigyJ9sA.mp4","v_yfeKtTU0aOE.mp4","v_YJ4ynq5Adg0.mp4"],"durations":[41.447619,41.749478,9.032562,41.099319,120.813424],"timestamps":[[[0,38.96],[2.07,37.92],[19.89,37.92]],[[1.04,8.98],[9.39,28.6],[28.18,34.44],[34.65,41.75]],[[0,7.27],[7.45,8.99]],[[6.78,38.22],[11.92,36.78],[22.81,36.78]],[[1.81,7.25],[7.25,24.16],[24.16,58.59],[58.59,93.03],[93.03,120.21]]],"paragraph":["A girl swings her stick away at a pinata. A group of people watch her from behind and cheer her on. She continues to swing away at the pinata and the object moves back and fourth in the wind.","An older man passes a ball to a group of small kids and eventually kicks the ball. The man runs as other kids run and runs all the way to home plate. A woman runs in front of the base with the ball and the man trips over her. He helps her up as they both.","A person is drinking from a coffee cup and looking away from the camera. His eyes pand up to the camera at the last second and he smiles.","A man is sitting on a weight machine and grabbing onto handle bars. He pulls the handlebars back and fourth as the seat he's moving on continuously moves. He performs this set several times and eventually pauses to let the instruction end.","A group of kids are standing around wearing lifejackets as the camera pans around a lake. A man is seen sitting in a boat and the camera continues panning around the area. The kids wander into the boats and beginning paddling down the river. The water becomes more furious and the kids splash the camera man playfully. The continue riding down the treacherous waves as the camera watches them from afar."],"descriptions":[["A girl swings her stick away at a pinata."," A group of people watch her from behind and cheer her on."," She continues to swing away at the pinata and the object moves back and fourth in the wind."],["An older man passes a ball to a group of small kids and eventually kicks the ball."," The man runs as other kids run and runs all the way to home plate."," A woman runs in front of the base with the ball and the man trips over her."," He helps her up as they both."],["A person is drinking from a coffee cup and looking away from the camera."," His eyes pand up to the camera at the last second and he smiles."],["A man is sitting on a weight machine and grabbing onto handle bars."," He pulls the handlebars back and fourth as the seat he's moving on continuously moves."," He performs this set several times and eventually pauses to let the instruction end."],["A group of kids are standing around wearing lifejackets as the camera pans around a lake."," A man is seen sitting in a boat and the camera continues panning around the area."," The kids wander into the boats and beginning paddling down the river."," The water becomes more furious and the kids splash the camera man playfully."," The continue riding down the treacherous waves as the camera watches them from afar."]],"rates":[1,1,1,1,1],"timestaken":[69.821,143.542,45.856,75.238,160.609],"pausetime":[1,2,1,1,2]}