{"names":["v_xAI1y9izXOM.mp4","v_xEnnIWce1ok.mp4","v_xeOHoiH-dmo.mp4","v_xfyoEDb6kVg.mp4","v_xIU6DO35R_c.mp4"],"durations":[40.96,13.769433,186.363356,130.890884,32.461496],"timestamps":[[[0,12.9],[13.11,40.14]],[[0.07,5.03],[5.23,13.08]],[[0,19.57],[17.7,110.89],[117.41,186.36]],[[0,130.89],[16.36,38.61],[50.39,85.73]],[[0,29.86],[13.47,29.86]]],"paragraph":["Two men sit across a table and begin an arm wrestling match. They both struggle a bit until the man on the left eventually wins.","Two men perform a flip move on a playground that leads to one being dropped on the ground. The camera zooms in on the fallen man while they all laugh together.","A playground is shown and a back yard as the camera pans over to a window on a roof. The video shows various pictures on how to fix a roof and the man pans over the window again with material. He places various objects around the window and shows more pictures of the roof with the finished product.","A boy spins around a gym with a tennis racket and pushes a ball around to another boy. The boys run back and fourth bouncing balls against a wall with their hands and a tennis racket. They slide around the floor pushing the ball and continue hitting the ball back and fourth across the gym.","A man scuffs a shoe in the street while another person sits and watches. She talks to the man and moves her hands to follow his movement."],"descriptions":[["Two men sit across a table and begin an arm wrestling match."," They both struggle a bit until the man on the left eventually wins."],["Two men perform a flip move on a playground that leads to one being dropped on the ground."," The camera zooms in on the fallen man while they all laugh together."],["A playground is shown and a back yard as the camera pans over to a window on a roof."," The video shows various pictures on how to fix a roof and the man pans over the window again with material."," He places various objects around the window and shows more pictures of the roof with the finished product."],["A boy spins around a gym with a tennis racket and pushes a ball around to another boy."," The boys run back and fourth bouncing balls against a wall with their hands and a tennis racket."," They slide around the floor pushing the ball and continue hitting the ball back and fourth across the gym."],["A man scuffs a shoe in the street while another person sits and watches."," She talks to the man and moves her hands to follow his movement."]],"rates":[1,1,1,1,1],"timestaken":[61.649,99.511,110.994,78.359,54.547],"pausetime":[1,1,3,1,1]}