{"names":["v_WaWkDf6b_j4.mp4","v_wkJWeSw8FSE.mp4","v_wxoe1M2L4Qo.mp4","v_WY9zvUkK_4Y.mp4","v_x4qwV0Ti1Og.mp4"],"durations":[85.194013,20.944399,216.386757,203.592562,57.748027],"timestamps":[[[0,7.67],[6.39,20.02],[20.02,85.19]],[[0.52,5.97],[6.18,20.94]],[[6.49,15.15],[15.15,49.77],[49.77,100.62],[100.62,144.98],[146.06,209.9]],[[4.07,54.97],[53.95,184.25],[184.25,192.39]],[[0,12.99],[11.84,28.59],[27.72,48.8]]],"paragraph":["A man walks along a bare field while a woman walks around beside him. He walks back and fourth preparing to jump and eventually jumps over a pole. A girl claps for him and the same move is shown again in slow motion.","A man stands lighting a stick with campers in the background and a fire blazing. He sticks the cone into the fire and the end of the stick begins to catch fire.","A camera records a shop with two people standing inside, eventually leading over to a group of people standing by docks. A man walks down the docks while another holds a bucket and the camera pans to a woman talking. The woman puts on a vest and goggles and walks down into a boat. She talks to the camera while adjusting her goggles and is led over to the water wearing a tank. She hops in the water with the man and climbs back into the boat talking to the camera.","Two girls stand between a girl in a hair salon stool and begin brushing her and parting her hair. One woman braids her hair continuously to eventually create a french braid. Both women stand talking to the camera while presenting the braid just made.","A large track is shown with several people riding down on tubes at once. A man records a close up of a tube and pushing it into a woman standing in the snow. She begins talking on her phone and the same clip is shown again in slow motion."],"descriptions":[["A man walks along a bare field while a woman walks around beside him."," He walks back and fourth preparing to jump and eventually jumps over a pole."," A girl claps for him and the same move is shown again in slow motion."],["A man stands lighting a stick with campers in the background and a fire blazing."," He sticks the cone into the fire and the end of the stick begins to catch fire."],["A camera records a shop with two people standing inside, eventually leading over to a group of people standing by docks."," A man walks down the docks while another holds a bucket and the camera pans to a woman talking."," The woman puts on a vest and goggles and walks down into a boat."," She talks to the camera while adjusting her goggles and is led over to the water wearing a tank."," She hops in the water with the man and climbs back into the boat talking to the camera."],["Two girls stand between a girl in a hair salon stool and begin brushing her and parting her hair."," One woman braids her hair continuously to eventually create a french braid."," Both women stand talking to the camera while presenting the braid just made."],["A large track is shown with several people riding down on tubes at once."," A man records a close up of a tube and pushing it into a woman standing in the snow."," She begins talking on her phone and the same clip is shown again in slow motion."]],"rates":[1,1,1,1,1],"timestaken":[105.267,55.2,170.163,106.599,96.195],"pausetime":[3,1,3,3,0]}