{"names":["v_V1NtrnPz3sA.mp4","v_vAzTt06gpgE.mp4","v_vgO3mzJGbSI.mp4","v_VkJ03vm8FJk.mp4","v_vOpFUVofoM4.mp4"],"durations":[79.133605,146.123174,203.221043,91.091882,70.008163],"timestamps":[[[0,9.1],[9.5,20.18],[20.97,56.18],[58.56,77.95]],[[1.46,143.93],[21.92,40.18],[43.11,146.12]],[[0,21.34],[22.35,57.92],[57.92,121.93],[127.01,159.53],[158.51,203.22]],[[2.28,91.09],[23.23,33.25],[56.93,91.09]],[[1.4,9.1],[10.15,63.71]]],"paragraph":["An athletic woman is stretching with a ball and swinging her legs back and fourth. She throws the ball and again prepares for another throw. She spins around throwing the ball yet again with a third throw followed shortly after. She performs one last throw and spins herself around once again.","A group of people are running down a road with various people cheering and clapping on the sides. A woman is high fiving the people as well other runners. More shots of people on the sides are shown while the runners continue running.","A camera pans around a shop and pans back to a girl talking. She points to her face multiple times and gives a little tour of her room. She continues talking to the camera and eventually shows footage of her getting her nose pierced. She apears back in the room with the pierced nose and shows off a drink and sushi. Finally she shows a book as well as a bag with white powder and herself in a pony tail.","Two men are holding a flute while one blows and the other moves his hands. An orchestra shows behind the men while they continue playing on the same instrument. The men continue playing until the song is finished and take a bow as the band claps.","A picture of a coffee cup is shown as well as a spoon to relaxing music. Various title screens are shown and eventually the same picture of the coffee cup appears while soft music plays in the background."],"descriptions":[["An athletic woman is stretching with a ball and swinging her legs back and fourth."," She throws the ball and again prepares for another throw."," She spins around throwing the ball yet again with a third throw followed shortly after."," She performs one last throw and spins herself around once again."],["A group of people are running down a road with various people cheering and clapping on the sides."," A woman is high fiving the people as well other runners."," More shots of people on the sides are shown while the runners continue running."],["A camera pans around a shop and pans back to a girl talking."," She points to her face multiple times and gives a little tour of her room."," She continues talking to the camera and eventually shows footage of her getting her nose pierced."," She apears back in the room with the pierced nose and shows off a drink and sushi."," Finally she shows a book as well as a bag with white powder and herself in a pony tail."],["Two men are holding a flute while one blows and the other moves his hands."," An orchestra shows behind the men while they continue playing on the same instrument."," The men continue playing until the song is finished and take a bow as the band claps."],["A picture of a coffee cup is shown as well as a spoon to relaxing music."," Various title screens are shown and eventually the same picture of the coffee cup appears while soft music plays in the background."]],"rates":[1,1,1,1,1],"timestaken":[114.247,103.535,169.494,83.378,61.885],"pausetime":[2,3,2,2,2]}