{"names":["v_UeH0TCDAbSU.mp4","v_Uo9q4riquHM.mp4","v_UomiLRs--C8.mp4","v_UyORfPxpaGo.mp4","v_v1FHFQ1UZHw.mp4"],"durations":[139.180408,102.864399,null,12.051156,164.350839],"timestamps":[[[0,139.18],[9.74,39.67],[36.88,45.93],[49.41,61.94],[61.94,82.12],[82.12,94.64],[97.43,112.04],[112.04,119.7],[119.7,139.18]],[[0,26.74],[17.49,18.52],[26.74,33.95],[34.97,102.86],[78.18,85.38],[85.89,94.64],[94.64,102.86]],[[0,8.06],[8.06,47.01],[47.01,53.73]],[[0,2.05],[2.05,4.82],[4.82,12.05]],[[0,7.4],[7.4,14.79],[14.79,24.65],[24.65,27.94],[28.76,30.4],[30.4,37.8],[37.8,47.66],[47.66,57.52],[57.52,71.49],[71.49,83],[83,109.29],[109.29,137.23],[137.23,144.63],[144.63,150.38],[150.38,155.31],[155.31,164.35]]],"paragraph":["A woman doing a presentation on how to iron a shirt. She is discussing the shirt and brings out a startch spray. She begins to to use the spray on the shirt. She then rearranges the shirt. Next she demonstrates how to iron the shirt. She then shows how to get the harder creases out. Next she flips over the shirt and places the sleeve down. She then shows how to iron the sleeve. She then flips the shirt over.","It is raining outside while a man is on a lawn mower mowing his lawn. The camera focuses on water dripping down. The man rearranges himself on the mower. He continues to mow the lawn. The camera focuses on the running water again. It goes back to the man mowing. Then switches back to the running water.","A man is begining to weld. He starts to weld a piece of metal onto a frame. He finishes his weld and backs away.","A boy sitting on a bunk bed. Another boy approaches as he wraps his legs around his neck. The second boy spins him around and slams him to the ground."," A man writing on the wall. Switches to a product being featured. The man writes on the wall again. He begins to apply product. Switches to the product again. He writes on the wall. He begins to lay out tools. Next he measures and levels the wall. He takes out the product and begins placing a coat on the crack in the wall. He then takes a roller and rolls it along the wall. Next he hangs and apply s a white sheet to the wall. He repeats the process in the different sections of the wall that need it. Now He writes on the wall again.Next a dog jumps in front of a wall. He writes again on the wall. Lettering appears on the screen for the product."],"descriptions":[["A woman doing a presentation on how to iron a shirt."," She is discussing the shirt and brings out a startch spray."," She begins to to use the spray on the shirt."," She then rearranges the shirt."," Next she demonstrates how to iron the shirt."," She then shows how to get the harder creases out."," Next she flips over the shirt and places the sleeve down."," She then shows how to iron the sleeve."," She then flips the shirt over."],["It is raining outside while a man is on a lawn mower mowing his lawn."," The camera focuses on water dripping down."," The man rearranges himself on the mower."," He continues to mow the lawn."," The camera focuses on the running water again."," It goes back to the man mowing."," Then switches back to the running water."],["A man is begining to weld."," He starts to weld a piece of metal onto a frame."," He finishes his weld and backs away."],["A boy sitting on a bunk bed."," Another boy approaches as he wraps his legs around his neck."," The second boy spins him around and slams him to the ground."],[" A man writing on the wall."," Switches to a product being featured."," The man writes on the wall again."," He begins to apply product."," Switches to the product again."," He writes on the wall."," He begins to lay out tools."," Next he measures and levels the wall."," He takes out the product and begins placing a coat on the crack in the wall."," He then takes a roller and rolls it along the wall."," Next he hangs and apply s a white sheet to the wall."," He repeats the process in the different sections of the wall that need it."," Now He writes on the wall again.","Next a dog jumps in front of a wall."," He writes again on the wall."," Lettering appears on the screen for the product."]],"rates":[1,1,1,1,1],"timestaken":[699.355,3481.634,279.42100000000005,105.827,857.846],"pausetime":[1,4,2,2,6]}