{"names":["v_SvM0twHYsus.mp4","v_tRatWgaZ-a0.mp4","v_TssNxg5XJ-o.mp4","v_u3nOmvgcs84.mp4","v_UD4RnQp5tPY.mp4"],"durations":[49.249523,22.151836,93.460317,173.058321,220.380589],"timestamps":[[[0.25,16.01],[16.5,49.25]],[[0,7.31],[7.09,21.82]],[[2.34,92.06],[6.54,69.16],[20.56,56.54],[55.61,93.46]],[[1.73,139.31],[23.36,43.26],[45.86,103.83],[105.57,173.06]],[[13.22,22.04],[23.14,35.26],[40.77,99.17],[98.07,146.55]]],"paragraph":["A woman looks through a large pile of clothing and begins throwing at the camera man. She miles his direction while talking and irons some clothes on the table.","A person is shown swimming through a pool while others swim around her. The people pass a ball around in the water while another team of players play int eh background.","A man is kneeling on the ice with another beside hide pulling string out of a hole. They continue to pull the string while the man beside him grabs a hook. He places the hook near the hole but the man grabs a fish on a string. The fish flops around and the man grabs the fish and holds him up.","A girl stands by a counter with various food items placed out on the counter. She holds up the ingredients and instructs what you'll need to make a sandwich. She begins chopping the vegetables and putting the dressing on the bread. She spreads around the dressing and puts the other ingredients on the sandwich to finish.","A young man stands in a dark room holding two maraca's and speaking to the camera. Another man walks in scolding him and then eventually take off their shirts. They walk to the bathroom and rub shaving cream all over their legs. They begin shaving their legs and hold up a razor smiling at the camera."],"descriptions":[["A woman looks through a large pile of clothing and begins throwing at the camera man."," She miles his direction while talking and irons some clothes on the table."],["A person is shown swimming through a pool while others swim around her."," The people pass a ball around in the water while another team of players play int eh background."],["A man is kneeling on the ice with another beside hide pulling string out of a hole."," They continue to pull the string while the man beside him grabs a hook."," He places the hook near the hole but the man grabs a fish on a string."," The fish flops around and the man grabs the fish and holds him up."],["A girl stands by a counter with various food items placed out on the counter."," She holds up the ingredients and instructs what you'll need to make a sandwich."," She begins chopping the vegetables and putting the dressing on the bread."," She spreads around the dressing and puts the other ingredients on the sandwich to finish."],["A young man stands in a dark room holding two maraca's and speaking to the camera."," Another man walks in scolding him and then eventually take off their shirts."," They walk to the bathroom and rub shaving cream all over their legs."," They begin shaving their legs and hold up a razor smiling at the camera."]],"rates":[1,1,1,1,1],"timestaken":[114.902,49.408,107.339,142.776,160.529],"pausetime":[3,1,2,3,1]}