{"names":["v_sHx5UcQQ1kU.mp4","v_SMhW9V-cJsQ.mp4","v_Sn8IRyUFNac.mp4","v_sra0ywgWITo.mp4","v_STgbw-zqZJM.mp4"],"durations":[197.276734,27.492403,37.198367,187.292154,27.515646],"timestamps":[[[0,40.44],[39.46,95.68],[97.65,197.28]],[[0,12.92],[12.65,27.49]],[[1.49,16.55],[15.81,26.97]],[[5.62,17.79],[16.86,42.14],[42.14,95.52],[96.46,119.87],[119.87,161.07],[161.07,174.18],[175.12,183.55]],[[0.41,26.69],[11.56,26.69]]],"paragraph":["A young boy is shown speaking to the camera and eventually shows his hands moving objects. He places the objects together and begins shaving the sides with a sharp knife. He continues sharpening the object and shows the knife running across his bare skin.","A man wearing gloves is on his hands and knees using a power tool that is creating sparks. He continues using the object as the camera man watches and finishes burning the object.","A woman smoking a cigarette speaks to another about how much they need smoking. They continue talking about their smoking habit and what they can do to continue smoking if they please.","A man walks over to another man upset and suggests an arm wrestling match. The men begin to hold hands and quickly move away while two women walk into scene. The men continue the match while look calm and the other looks struggled. The match continues as the men discuss their issues and the women watching yell at the men. The women then help the men arm wrestle and one punches the other to help one man win. The punched woman pulls the arms up and stabs them while the other man also stabs them. The women pull out duct tape and stuff one body into a bag.","A leaf blower machine blows a large pile of leaves around a parking lot. The machine continues moving through the lot and flowing the leaves into a large pile."],"descriptions":[["A young boy is shown speaking to the camera and eventually shows his hands moving objects."," He places the objects together and begins shaving the sides with a sharp knife."," He continues sharpening the object and shows the knife running across his bare skin."],["A man wearing gloves is on his hands and knees using a power tool that is creating sparks."," He continues using the object as the camera man watches and finishes burning the object."],["A woman smoking a cigarette speaks to another about how much they need smoking."," They continue talking about their smoking habit and what they can do to continue smoking if they please."],["A man walks over to another man upset and suggests an arm wrestling match."," The men begin to hold hands and quickly move away while two women walk into scene."," The men continue the match while look calm and the other looks struggled."," The match continues as the men discuss their issues and the women watching yell at the men."," The women then help the men arm wrestle and one punches the other to help one man win."," The punched woman pulls the arms up and stabs them while the other man also stabs them."," The women pull out duct tape and stuff one body into a bag."],["A leaf blower machine blows a large pile of leaves around a parking lot."," The machine continues moving through the lot and flowing the leaves into a large pile."]],"rates":[1,1,1,1,1],"timestaken":[122.507,55.968,63.273,293.304,70.609],"pausetime":[4,1,2,3,1]}