{"names":["v_r8RJSDKy9iA.mp4","v_r9AepFEEfsQ.mp4","v_rFx-j3NhSgI.mp4","v_S2MHi_oC3Lg.mp4","v_s6oXeM9OluM.mp4"],"durations":[98.917006,59.582403,69.915283,217.292335,170.225487],"timestamps":[[[0,24.73],[26.21,78.64],[79.13,98.92]],[[1.19,58.39],[13.11,17.87],[19.96,58.99]],[[0,11.54],[11.19,46.84],[47.19,69.22]],[[0,18.47],[20.64,48.89],[49.98,94.52],[95.61,211.86]],[[16.17,45.11],[41.71,59.58],[56.17,103.84],[107.24,160.01]]],"paragraph":["A young girl has several people holding her eye open while another tries to put in a contact lens. They cannot get the lens in at the eye at first and try over and over again. They eventually succeed in getting the lens in but the girl stands up as thers laugh.","A man with glasses playing an accordion and smiling. The camera zooms in on his fingers going up and down the neck of the instrument. The man continues to play his song and smiles to the camera while moving up and down.","An empty gymnasium is shown when a girl hits a button the computer and begins starting a routine. She twirls around the gym floor with a baton and moves her arms around. She kicks her legs continuously with her arms.","A girl is shown talking to the camera and showing various paints. She zooms in on products she owns and puts paint on a pallet. She dabs a brush in the paint and begins painting her nails. She performs several different styles on the nails and several pictures of finished nails.","A woman is shown holding a cat while a dog stands by her feet. She talks to the camera and shows off her cat nails. She grabs a tool and begins cutting the cat's claws. She adjusts the cat a bit but finishes her nails and lets her go."],"descriptions":[["A young girl has several people holding her eye open while another tries to put in a contact lens."," They cannot get the lens in at the eye at first and try over and over again."," They eventually succeed in getting the lens in but the girl stands up as thers laugh."],["A man with glasses playing an accordion and smiling."," The camera zooms in on his fingers going up and down the neck of the instrument."," The man continues to play his song and smiles to the camera while moving up and down."],["An empty gymnasium is shown when a girl hits a button the computer and begins starting a routine."," She twirls around the gym floor with a baton and moves her arms around."," She kicks her legs continuously with her arms."],["A girl is shown talking to the camera and showing various paints."," She zooms in on products she owns and puts paint on a pallet."," She dabs a brush in the paint and begins painting her nails."," She performs several different styles on the nails and several pictures of finished nails."],["A woman is shown holding a cat while a dog stands by her feet."," She talks to the camera and shows off her cat nails."," She grabs a tool and begins cutting the cat's claws."," She adjusts the cat a bit but finishes her nails and lets her go."]],"rates":[1,1,1,1,1],"timestaken":[105.48,88.095,128.218,117.403,127.883],"pausetime":[2,1,2,5,2]}