{"names":["v_qRFZMO_mTGU.mp4","v_qS7TStZg_5c.mp4","v_QvM8SFUUvsw.mp4","v_R52e9UAE60k.mp4","v_r5oPTDuHhoE.mp4"],"durations":[114.776235,11.656417,28.281904,77.577868,41.308299],"timestamps":[[[0,17.79],[19.51,77.47],[76.9,113.63]],[[0.17,10.2],[5.07,10.2]],[[1.84,11.6],[12.16,28]],[[1.16,76.8],[4.27,23.66],[23.27,77.58]],[[0,6.82],[6.82,24.37],[23.96,29.33],[29.33,39.04]]],"paragraph":["A woman walks forward talking to the camera and putting her hands on her hips. A girl is shown playing field hockey and presents various clips of herself doing moves. She later is talking to the camera about her experiences with the sport and who exactly she is and why other people love her.","A man is showing playing guitar with a title screen shown on the left. The man strums over and over again while gradually banging his head to the beat.","A man is shown solving a rubix rube at record speed while a timer is going and a man records him. Another player at a younger age is shown solving the rubix cube as well as a third patron shortly after.","A group of people are shown riding on horses in the desert. A man talks to the camera while riding the horse and giving various shots of the land. He shows off the several other people on horses and continues talking about his adventure close up to the camera.","A group of girls are shown standing around a field huddled up together. The next shots are of the girls running around the field passing the ball back and fourth. A girl shoots the ball into the goal and achieves a point. Another later tries to shoot a goal but is blocked by the goalie."],"descriptions":[["A woman walks forward talking to the camera and putting her hands on her hips."," A girl is shown playing field hockey and presents various clips of herself doing moves."," She later is talking to the camera about her experiences with the sport and who exactly she is and why other people love her."],["A man is showing playing guitar with a title screen shown on the left."," The man strums over and over again while gradually banging his head to the beat."],["A man is shown solving a rubix rube at record speed while a timer is going and a man records him."," Another player at a younger age is shown solving the rubix cube as well as a third patron shortly after."],["A group of people are shown riding on horses in the desert."," A man talks to the camera while riding the horse and giving various shots of the land."," He shows off the several other people on horses and continues talking about his adventure close up to the camera."],["A group of girls are shown standing around a field huddled up together."," The next shots are of the girls running around the field passing the ball back and fourth."," A girl shoots the ball into the goal and achieves a point."," Another later tries to shoot a goal but is blocked by the goalie."]],"rates":[1,1,1,1,1],"timestaken":[111.116,42.576,65.586,75.155,125.653],"pausetime":[3,1,1,1,2]}