{"names":["v_pZzTMUJG9Rk.mp4","v_Q43BuVI2r-s.mp4","v_qbGml8XLhz8.mp4","v_qcYRPEEitZU.mp4","v_qm1dudWLlUg.mp4"],"durations":[214.204081,83.916916,166.092335,38.034285,18.297324],"timestamps":[[[4.28,201.35],[10.71,37.49],[31.06,64.26],[59.98,103.89],[104.96,214.2]],[[0,18.46],[18.88,52.45],[59.16,83.92]],[[3.32,166.09],[15.78,88.03],[86.37,164.43]],[[1.14,37.65],[13.31,30.24],[1.9,30.24]],[[0.91,11.44],[10.16,16.83]]],"paragraph":["A man is playing soccer with another across a field. He performs a quick turn around move with the other following close behind. The same clip is replayed over and over at slower speeds to better understand the trick. Another trick is performed and later shown in slow motion. Two more tricks are demonstrated by the duo and finally showed at a slowed down pace.","Two men are walking down planks with one rolling out paper and putting tape across. Other men lay down a green sheet of paper and continue taping down the paper. One last set of paper is laid across with tape and the men continue working.","A man steps to the side on a lawn and begins moving his arms and legs around. He slowly moves his arms in various motions while stepping from side to side. He moves his legs up and his arms continuously following until he finishes the performance.","A woman sits in front of a large crowd while holding shaving cream and a razor. Another man is seen on stage shaving his face and the woman begins shaving her legs. The crowd cheers them on for the shaving competition.","A man is drinking a beer during a game while others look on and smile. Several people are watching the match and the man drinking a beer looks at the camera and smiles."],"descriptions":[["A man is playing soccer with another across a field."," He performs a quick turn around move with the other following close behind."," The same clip is replayed over and over at slower speeds to better understand the trick."," Another trick is performed and later shown in slow motion."," Two more tricks are demonstrated by the duo and finally showed at a slowed down pace."],["Two men are walking down planks with one rolling out paper and putting tape across."," Other men lay down a green sheet of paper and continue taping down the paper."," One last set of paper is laid across with tape and the men continue working."],["A man steps to the side on a lawn and begins moving his arms and legs around."," He slowly moves his arms in various motions while stepping from side to side."," He moves his legs up and his arms continuously following until he finishes the performance."],["A woman sits in front of a large crowd while holding shaving cream and a razor."," Another man is seen on stage shaving his face and the woman begins shaving her legs."," The crowd cheers them on for the shaving competition."],["A man is drinking a beer during a game while others look on and smile."," Several people are watching the match and the man drinking a beer looks at the camera and smiles."]],"rates":[1,1,1,1,1],"timestaken":[113.422,106.46,82.608,94.941,73.898],"pausetime":[4,1,3,2,1]}