{"names":["v_2U0vMYnC49c.mp4","v_3l7quTy4c2s.mp4","v_3N1tbv5Z6Kk.mp4","v_3Y46yorcd5Q.mp4","v_4zFiORtQrlA.mp4"],"durations":[50.62,174.289,146.24,234.034,106.371],"timestamps":[[[0,36.95],[37.46,42.77],[42.77,50.62]],[[0,7.84],[4.36,7.84],[7.84,15.69],[19.17,25.27],[27.89,30.5],[29.63,34.86],[35.73,40.96],[41.83,52.29],[53.16,66.23],[67.1,74.07],[74.94,79.3],[79.3,91.5],[91.5,99.34],[99.34,107.19],[105.44,108.93],[108.93,112.42],[113.29,116.77],[117.65,122],[122.87,127.23],[127.23,129.85],[129.85,132.46],[132.46,137.69],[137.69,143.79],[144.66,149.02],[149.02,155.12],[156.86,159.47],[160.35,174.29]],[[0,140.39],[140.39,146.24]],[[0,19.89],[24.57,32.76],[33.93,205.95],[205.95,234.03]],[[0,40.95],[40.95,73.93],[77.65,106.37]]],"paragraph":["A boy in red jacket holds a window scraper tool and remove snow from a car windshield. The boy turns the tool and uses the edge corner edge briefly. The boy continues to scrape the windshield as before with the broad side of the tool.","A cheerleader girl stands in the grass. A young man wearing baseball hat greats her with a pie tin and jokes with her. The man pushes a pie tin in the girls face as a joke getting her very messy. A girl in gymnastics class does tumbling down a red mat with team looking on. A woman cheerleader boxes with a mascot during a football game. The mascot engulfs the girl and pulls her into his uniform. A cheer leading group comes together in a circle holding hands and flip team members when one falls to the ground. A group of cheerleaders in black to back flips on a track of football field. A group of girls hoist up[ a teammate to do a human pyramid. The teammate falls to the ground and lands on top of others. A man in Hawaiian shirt sets up a trampoline during a basketball competition. A group of cheerleaders hold up a woman together in front of the trampoline. The man comes back running and jumps on the trampoline but knocks the girl over while performing his stunt. A group of cheerleaders in red do somersaults on the field when one falls down. A cheerleader girl in black does a back hand spring and falls to the ground. A group of cheerleaders dance together with pom poms. Another group of cheerleaders in the background lift up teammates when one falls over. A group of cheerleaders in blue lift up teammates in competition when one falls to the ground. A girl in white shirt talks to the camera. the girl does a summersault but falls to the ground. A girl in green shirt with friends does a high kick on a field but falls to the ground. A cheerleader falls to the ground while dancing with group. A cheerleader is lifted up into the hands of team when she falls to the ground. A group of cheerleaders in yellow lift temmate in a pyramid but drop her. A group of women jump from a trampoline and do slam dunks during basketball competition. One girl misses the trampoline and runs into the mat. Men from the basketball team rush over to check on her.","A man in tuxedo and woman in party dress dance the tango in a ballroom surrounded by crowd in chairs during performance. The crowd cheers at the end and claps hands.","A large wave breaks in the ocean as surfers and surfers paddle over it. A large wave crashes in the ocean and a man rides down the face on body board. surfers ride waves in the ocean. A large wave breaks on shore and spectators run.","A man in polo shirt stands with a bike on a rack and demonstrates it's different features in a bike shop. The man takes out a tool and makes an adjustment to the wheel sprocket then turns the wheel before adjusting more. The man adjusts a shifter on the handlebars."],"descriptions":[["A boy in red jacket holds a window scraper tool and remove snow from a car windshield."," The boy turns the tool and uses the edge corner edge briefly."," The boy continues to scrape the windshield as before with the broad side of the tool."],["A cheerleader girl stands in the grass."," A young man wearing baseball hat greats her with a pie tin and jokes with her."," The man pushes a pie tin in the girls face as a joke getting her very messy."," A girl in gymnastics class does tumbling down a red mat with team looking on."," A woman cheerleader boxes with a mascot during a football game."," The mascot engulfs the girl and pulls her into his uniform."," A cheer leading group comes together in a circle holding hands and flip team members when one falls to the ground."," A group of cheerleaders in black to back flips on a track of football field."," A group of girls hoist up[ a teammate to do a human pyramid."," The teammate falls to the ground and lands on top of others."," A man in Hawaiian shirt sets up a trampoline during a basketball competition."," A group of cheerleaders hold up a woman together in front of the trampoline."," The man comes back running and jumps on the trampoline but knocks the girl over while performing his stunt."," A group of cheerleaders in red do somersaults on the field when one falls down."," A cheerleader girl in black does a back hand spring and falls to the ground."," A group of cheerleaders dance together with pom poms."," Another group of cheerleaders in the background lift up teammates when one falls over."," A group of cheerleaders in blue lift up teammates in competition when one falls to the ground."," A girl in white shirt talks to the camera."," the girl does a summersault but falls to the ground."," A girl in green shirt with friends does a high kick on a field but falls to the ground."," A cheerleader falls to the ground while dancing with group."," A cheerleader is lifted up into the hands of team when she falls to the ground."," A group of cheerleaders in yellow lift temmate in a pyramid but drop her."," A group of women jump from a trampoline and do slam dunks during basketball competition."," One girl misses the trampoline and runs into the mat."," Men from the basketball team rush over to check on her."],["A man in tuxedo and woman in party dress dance the tango in a ballroom surrounded by crowd in chairs during performance."," The crowd cheers at the end and claps hands."],["A large wave breaks in the ocean as surfers and surfers paddle over it."," A large wave crashes in the ocean and a man rides down the face on body board."," surfers ride waves in the ocean."," A large wave breaks on shore and spectators run."],["A man in polo shirt stands with a bike on a rack and demonstrates it's different features in a bike shop."," The man takes out a tool and makes an adjustment to the wheel sprocket then turns the wheel before adjusting more."," The man adjusts a shifter on the handlebars."]],"rates":[1,1,2,1,1],"timestaken":[221.306,2178.802,274.363,1208.232,202.761],"pausetime":[2,25,3,5,1]}