{"names":["v_-FbWTFJ3kV0.mp4","v_-v-Zail6TNw.mp4","v_0-ReTddxkhg.mp4","v_0ERgbWePjWk.mp4","v_0vCynjlkM5A.mp4"],"durations":[48.995,32.114,74.955,4.157,13.143],"timestamps":[[[0,49],[7.59,49],[19.84,39.93],[31.85,42.87],[36.5,49]],[[0,30.35],[9.79,12.52],[30.35,32.11]],[[0,7.12],[7.12,10.12],[18.74,36.35],[22.86,24.36],[32.23,50.97],[55.84,74.96],[62.96,74.96]],[[0,1.52],[1.52,2.51],[1.95,2.45],[2.66,4.16]],[[0,13.14],[1.18,2.43],[2.17,10.38],[10.45,13.14]]],"paragraph":["A boat that has a blue sail with two people is sailing in a body of water.The person at the front of the boat is leaning off to the side and is seemingly hitting the water. The water starts to become more and more choppy. The boat makes a turn to the right. The boat begins to head to the shore.","An eight year old girl is playing a harmonica on a stage. The camera zooms in on the girl as the girl begins to play harder and harder, taking deeper and deeper breaths. The girl stops playing, takes a look to her left really quickly, then beings to smile while looking at the camera and clapping.","Two women are in front of a camera, the woman in the red shirt is speaking. The women both put something from a cup in there mouths. The woman in red begins to dance. The woman in black makes a face to the camera. Both girls bend over a bit in front of the camera. The woman in red stops dancing and begins to laugh and the woman in black does this as well. It appears that both women either swallow or spit out whatever was in their mouths.","A man is on a diving board and begins to jump on the board once. The man goes into the air and does a forward roll in the air. The man then starts descending into the water from the top of his jump. The man lands into the water as it splashes and makes the move to come back to the surface.","A green race car comes into a pit stop. The man with the jack lifts the car up. The pit crew begins to work on the car by changing the front and rear tires of the car. The jack man then takes the jack out as a man in a pink shirt comes in front of the camera."],"descriptions":[["A boat that has a blue sail with two people is sailing in a body of water.","The person at the front of the boat is leaning off to the side and is seemingly hitting the water."," The water starts to become more and more choppy."," The boat makes a turn to the right."," The boat begins to head to the shore."],["An eight year old girl is playing a harmonica on a stage."," The camera zooms in on the girl as the girl begins to play harder and harder, taking deeper and deeper breaths."," The girl stops playing, takes a look to her left really quickly, then beings to smile while looking at the camera and clapping."],["Two women are in front of a camera, the woman in the red shirt is speaking."," The women both put something from a cup in there mouths."," The woman in red begins to dance."," The woman in black makes a face to the camera."," Both girls bend over a bit in front of the camera."," The woman in red stops dancing and begins to laugh and the woman in black does this as well."," It appears that both women either swallow or spit out whatever was in their mouths."],["A man is on a diving board and begins to jump on the board once."," The man goes into the air and does a forward roll in the air."," The man then starts descending into the water from the top of his jump."," The man lands into the water as it splashes and makes the move to come back to the surface."],["A green race car comes into a pit stop."," The man with the jack lifts the car up."," The pit crew begins to work on the car by changing the front and rear tires of the car."," The jack man then takes the jack out as a man in a pink shirt comes in front of the camera."]],"rates":[1,1,1,1,1],"timestaken":[675.7199999999999,608.6229999999999,796.341,288.944,354.138],"pausetime":[24,29,16,11,14]}