{"names":["v_0xtS7g7vZLU.mp4","v_1_YFTTzzLrI.mp4","v_1oaJBEdY6ao.mp4","v_1opIvQF0m_M.mp4","v_1p_HYu0EZAk.mp4"],"durations":[145.195011,28.909002,39.289002,116.147007,45.535011],"timestamps":[[[0,23.23],[23.23,99.46],[98.73,143.74]],[[0,2.31],[2.17,5.35],[5.93,28.91]],[[0,8.84],[8.05,28.29],[28.68,39.29]],[[0,8.71],[8.13,16.26],[16.84,38.91],[36.59,116.15]],[[0,5.24],[5.46,41.21],[4.1,43.94]]],"paragraph":["A camera pans out a wooden table with a boy with glasses showing it off. The boy pushes various pucks across the wooden board to see where it ends up. The boy pushes several more pucks and the boy holding the camera walks to the end to show the results.","A man sits at a table and a woman moves a box from him. He puts his hands on the table then begins to solve a rubix cube. The timer continues as he solves the cube.","A man driving a moving tractor steps around and looks towards the front. He begins moving again on the machine cutting the grass and steering the instrument. A man on a bike looks onward and laughs and the man eventually steps off.","A person on a skateboard moves over and ramp and up on a corner. The camera shows him doing various moves and interviewing the camera. Another man rides a wakeboard doing and tricks and eventually falls. Several other clips are shown of people kayaking doing several stunts while the camera records.","A camera pans over a sink full of dishes followed by a woman jogging over. She dances with the dishes and looks into the camera while she does them. A timer counts down how many dishes she's washed and she smiles to the camera."],"descriptions":[["A camera pans out a wooden table with a boy with glasses showing it off."," The boy pushes various pucks across the wooden board to see where it ends up."," The boy pushes several more pucks and the boy holding the camera walks to the end to show the results."],["A man sits at a table and a woman moves a box from him."," He puts his hands on the table then begins to solve a rubix cube."," The timer continues as he solves the cube."],["A man driving a moving tractor steps around and looks towards the front."," He begins moving again on the machine cutting the grass and steering the instrument."," A man on a bike looks onward and laughs and the man eventually steps off."],["A person on a skateboard moves over and ramp and up on a corner."," The camera shows him doing various moves and interviewing the camera."," Another man rides a wakeboard doing and tricks and eventually falls."," Several other clips are shown of people kayaking doing several stunts while the camera records."],["A camera pans over a sink full of dishes followed by a woman jogging over."," She dances with the dishes and looks into the camera while she does them."," A timer counts down how many dishes she's washed and she smiles to the camera."]],"rates":[1,1,1,1,1],"timestaken":[109.724,309.787,80.128,97.246,101.355],"pausetime":[5,2,1,3,1]}