{"names":["v_28P5f3p_32g.mp4","v_3cmHM1Yu92s.mp4","v_3I6LMFdA2lc.mp4","v_3jb0w48ACkU.mp4","v_3ZUy7h-dN38.mp4"],"durations":[139.529002,75.442,86.402,42.957007,190.915011],"timestamps":[[[0,16.05],[16.74,85.81],[85.11,139.53]],[[1.13,75.44],[15.84,55.45],[56.2,75.44]],[[0.86,86.4],[14.69,44.93],[63.07,76.9]],[[1.93,35.01],[24.49,41.24]],[[1.91,175.64],[86.87,190.92]]],"paragraph":["A man is shown holding a knife while taking to the camera and smiling. He begins cutting the tomato laid out on the table in various sections. He then sharpens the knife on the machine next to the vegetable and shows how much better it works.","A woman is shown working out on an elliptical and smiling off into the distance. The video shows several different perks the machine can do while the woman continues to work. She eventually steps on the machine again and continues to work out on the machine.","A baby is shown laying in bed while a comb gently brushes it's hair. The baby eventually smiling while the hand continues to brush the baby's head. The baby gently closes it's eyes and yawns while the brush continues to comb.","A girl video records a man throwing lighting the end of a stick on fire. The man blows the stick of fire into a pile of wood and eventually creates a fire.","A man wearing a black hat plays guitar for the camera to see. He continues strumming his fingers and moving his hands around the instrument until the song ends as well as the video."],"descriptions":[["A man is shown holding a knife while taking to the camera and smiling."," He begins cutting the tomato laid out on the table in various sections."," He then sharpens the knife on the machine next to the vegetable and shows how much better it works."],["A woman is shown working out on an elliptical and smiling off into the distance."," The video shows several different perks the machine can do while the woman continues to work."," She eventually steps on the machine again and continues to work out on the machine."],["A baby is shown laying in bed while a comb gently brushes it's hair."," The baby eventually smiling while the hand continues to brush the baby's head."," The baby gently closes it's eyes and yawns while the brush continues to comb."],["A girl video records a man throwing lighting the end of a stick on fire."," The man blows the stick of fire into a pile of wood and eventually creates a fire."],["A man wearing a black hat plays guitar for the camera to see."," He continues strumming his fingers and moving his hands around the instrument until the song ends as well as the video."]],"rates":[1,1,1,1,1],"timestaken":[62.559,59.11,71.297,62.239,95.582],"pausetime":[0,0,2,4,4]}