{"names":["v_40Sf-iICgzw.mp4","v_4mfnfTpcfck.mp4","v_5j6j4NJkUXA.mp4","v_5JkN8t5k0jU.mp4","v_5K6oT9zBjVE.mp4"],"durations":[37.269002,112.014,67.919002,41.75,144.777007],"timestamps":[[[0.75,12.3],[13.04,37.27]],[[0,22.4],[24.64,69.45],[69.45,109.77]],[[0,28.53],[28.87,61.81]],[[0,6.89],[8.14,26.09],[25.47,41.75]],[[0,18.82],[18.82,49.22],[48.5,102.07],[101.34,144.78]]],"paragraph":["A small child is shown playing drums while a group of people behind him watch and smile. The boy continues to play the drums and a baby in the arms of a man behind him climbs off his lap.","A group of girls are sitting in an old car while a large group of cars behind them move around. Other people are shown wearing christmas attire and dancing in the streets of the car. A band is playing by a group of kids while the parade follows them full of people dancing.","A boy is shown swinging on a piece of gymnastic equipment with others training in the background. The camera shows several shots of different boys swinging on the equipment around and around with the camera panning to different angles.","An intro of titles eventually leads to an athlete holding a large amount of weights over his head. The same man does another lit with his weights while another man watches in the background. He throws the weights down and throws his arms up in the air to celebrate.","A person is showing off a scrubbing brush and cleaner and pouring the clearing into a sink. He scrubs the sink with the brush creating suds in the water while the facet runs. He continues scrubbing the sink with the brush until the sink is clean. He wipes a paper towel around the sink with the water continues to run."],"descriptions":[["A small child is shown playing drums while a group of people behind him watch and smile."," The boy continues to play the drums and a baby in the arms of a man behind him climbs off his lap."],["A group of girls are sitting in an old car while a large group of cars behind them move around."," Other people are shown wearing christmas attire and dancing in the streets of the car."," A band is playing by a group of kids while the parade follows them full of people dancing."],["A boy is shown swinging on a piece of gymnastic equipment with others training in the background."," The camera shows several shots of different boys swinging on the equipment around and around with the camera panning to different angles."],["An intro of titles eventually leads to an athlete holding a large amount of weights over his head."," The same man does another lit with his weights while another man watches in the background."," He throws the weights down and throws his arms up in the air to celebrate."],["A person is showing off a scrubbing brush and cleaner and pouring the clearing into a sink."," He scrubs the sink with the brush creating suds in the water while the facet runs."," He continues scrubbing the sink with the brush until the sink is clean."," He wipes a paper towel around the sink with the water continues to run."]],"rates":[1,1,1,1,1],"timestaken":[70.01,69.304,99.643,94.581,138.508],"pausetime":[2,2,6,3,5]}