{"names":["v_5Z5DAI4Grb0.mp4","v_61W153jXL3U.mp4","v_6aHGUTy1iho.mp4","v_6LOfAoP4Mg8.mp4","v_7lNAmkaMyyg.mp4"],"durations":[139.32,208.632,81.944,106.51,13.654],"timestamps":[[[0,23.68],[28.56,87.77],[89.86,139.32]],[[0,42.77],[41.73,104.32],[109.53,157.52],[161.69,208.63]],[[0,22.12],[23.35,53.67],[55.72,81.94]],[[0,59.11],[55.39,106.51]],[[0,13.65],[3.62,10.99]]],"paragraph":["A title page pans into hands holding a paint brush with a portrait in the background. She holds another picture beside her and pushes the brush into paint. She then begins painting the picture and adding more color to the portrait.","A man is showing washing his face with water into a sink and putting lotion into his hand. He rubs the soap together in his hands and massages into his face thoroughly. He then wipes his face off with a towel and speaking to the camera and pouring more lotion. He once again presses the lotion into his face and a recap is shown of his face.","A camera pans around an athletic field with various people warming up and holding sticks. A girl holding a stick is spoken to by an instructor and she runs through and throws the pole. She walks back while another grabs a rope to estimate her distance.","A man is shown sanding a wall and laying out a large piece of water paper across the wall. He continues pushing the paper into the wall and sanding it from behind.","A man holding an ice scraper is pushing ice off of his car while the camera zoom in. The camera shows his hands mutiple times close up gradually pushing piece by piece of ice off."],"descriptions":[["A title page pans into hands holding a paint brush with a portrait in the background."," She holds another picture beside her and pushes the brush into paint."," She then begins painting the picture and adding more color to the portrait."],["A man is showing washing his face with water into a sink and putting lotion into his hand."," He rubs the soap together in his hands and massages into his face thoroughly."," He then wipes his face off with a towel and speaking to the camera and pouring more lotion."," He once again presses the lotion into his face and a recap is shown of his face."],["A camera pans around an athletic field with various people warming up and holding sticks."," A girl holding a stick is spoken to by an instructor and she runs through and throws the pole."," She walks back while another grabs a rope to estimate her distance."],["A man is shown sanding a wall and laying out a large piece of water paper across the wall."," He continues pushing the paper into the wall and sanding it from behind."],["A man holding an ice scraper is pushing ice off of his car while the camera zoom in."," The camera shows his hands mutiple times close up gradually pushing piece by piece of ice off."]],"rates":[1,1,1,1,1],"timestaken":[120.528,162.049,179.807,737.714,56.64],"pausetime":[4,8,2,4,1]}