{"names":["v_7xLL5okHSIU.mp4","v_8381XS5ZDNs.mp4","v_88qqQjRPFUQ.mp4","v_8w9pf_Ecm_U.mp4","v_9GP266ETAuE.mp4"],"durations":[127.478005,68.824,30.953,100.079002,145.334],"timestamps":[[[0,14.66],[17.21,74.57],[45.25,61.83],[66.93,96.88],[96.25,127.48]],[[0,15.49],[27.87,41.29],[41.98,68.82]],[[0,8.2],[7.58,30.95]],[[0.5,100.08],[4.5,33.03],[30.02,95.08]],[[0,13.08],[13.81,34.15],[34.88,81.39],[82.11,145.33]]],"paragraph":["A intro begins and shows a man holding a shovel and talking to the camera. He gradually rakes leaves and talks to the camera and shows several people also helping picking up leaves. Different people are interviewed on camera while several others are shown raking up the leaves. A man is seen sitting in his car and another puts his gloves on. The camera pans over the raked up leaves while several others discuss their hard work.","A piece of exercise equipment spins around on a panel when a woman suddenly appears. She climbs on the machine and begins exercising while the camera pans around her movements. She continues to use the equipment and eventually shows a picture of the equipment.","A camera shows a young child walking up a playground set with a dog wandering in the back. The child climbs up a set of stairs and slides down a slide.","Two girls holding pom poms perform a dance routine in a gymnasium. Several people are shown watching in the background while the girls continue to do flexible moves. The grab canes and continue spinning the canes while doing splits and various other dance moves.","A ball is shown swinging around followed by shots of scenery and people getting ready. A man records an athlete holding the ball and sitting on a bench. Various people are shown getting ready to perform followed by several people swinging the balls. Eventually several different women are shown performing the task while also warming up their throws."],"descriptions":[["A intro begins and shows a man holding a shovel and talking to the camera."," He gradually rakes leaves and talks to the camera and shows several people also helping picking up leaves."," Different people are interviewed on camera while several others are shown raking up the leaves."," A man is seen sitting in his car and another puts his gloves on."," The camera pans over the raked up leaves while several others discuss their hard work."],["A piece of exercise equipment spins around on a panel when a woman suddenly appears."," She climbs on the machine and begins exercising while the camera pans around her movements."," She continues to use the equipment and eventually shows a picture of the equipment."],["A camera shows a young child walking up a playground set with a dog wandering in the back."," The child climbs up a set of stairs and slides down a slide."],["Two girls holding pom poms perform a dance routine in a gymnasium."," Several people are shown watching in the background while the girls continue to do flexible moves."," The grab canes and continue spinning the canes while doing splits and various other dance moves."],["A ball is shown swinging around followed by shots of scenery and people getting ready."," A man records an athlete holding the ball and sitting on a bench."," Various people are shown getting ready to perform followed by several people swinging the balls."," Eventually several different women are shown performing the task while also warming up their throws."]],"rates":[1,1,1,1,1],"timestaken":[119.131,100.996,67.37,131.669,126.533],"pausetime":[7,2,3,5,5]}