{"names":["v__B2kFN9MfwU.mp4","v__ENXbB6aaa4.mp4","v__I8sqYLhRKM.mp4","v__i_ERtwvcJE.mp4","v_A0R3KFXD_BU.mp4"],"durations":[141.155011,136.371,48.205011,31.719002,46.673],"timestamps":[[[0,23.29],[21.17,38.11],[41.64,94.57],[72.69,141.16]],[[0,20.46],[20.46,113.19],[114.55,136.37]],[[0.72,16.87],[9.88,35.91],[36.39,48.21]],[[0,12.37],[13.96,24.58],[23.95,31.72]],[[0.7,46.67],[12.84,31.97],[33.6,46.67]]],"paragraph":["A woman is shown hosting a news segment when the camera pans to sunscreen news. Several people are shown on a beach and interviewed by a reporter on sunscreen. Bottles are shown containing sunscreen and people putting it on. The reporter talks to people and pans back to shirts used for sunscreen and people traveling around the world.","An intro begins for DX sports and shows two men skating down a road. The continue riding down the road while the camera follows them close behind down the winding road. The men eventually get to a car and their ride down the long road.","Two girls are shown raking up leaves in a yard while continuously talking to the camera. The older girl shows the younger one how to rake while another girl stands by and watches on a nearby slide. The camera zooms in on the younger girl and watches her rake up the leaves.","A man is shown staring off into the distance while another holds a ball at a beer pong table. The camera shows the ball hitting the table and landing into the cup on the other side. The first man looks down at the cup and grimaces at what he sees.","A group of men sit around a bar flirting with a bartender behind the bar. The woman continues talking to the men while the camera pans around various groups of people nearby the bar. The woman sparks with her hands while also dealing cards for people at the bar."],"descriptions":[["A woman is shown hosting a news segment when the camera pans to sunscreen news."," Several people are shown on a beach and interviewed by a reporter on sunscreen."," Bottles are shown containing sunscreen and people putting it on."," The reporter talks to people and pans back to shirts used for sunscreen and people traveling around the world."],["An intro begins for DX sports and shows two men skating down a road."," The continue riding down the road while the camera follows them close behind down the winding road."," The men eventually get to a car and their ride down the long road."],["Two girls are shown raking up leaves in a yard while continuously talking to the camera."," The older girl shows the younger one how to rake while another girl stands by and watches on a nearby slide."," The camera zooms in on the younger girl and watches her rake up the leaves."],["A man is shown staring off into the distance while another holds a ball at a beer pong table."," The camera shows the ball hitting the table and landing into the cup on the other side."," The first man looks down at the cup and grimaces at what he sees."],["A group of men sit around a bar flirting with a bartender behind the bar."," The woman continues talking to the men while the camera pans around various groups of people nearby the bar."," The woman sparks with her hands while also dealing cards for people at the bar."]],"rates":[1,1,1,1,1],"timestaken":[131.057,124.599,75.092,82.919,99.018],"pausetime":[9,2,2,1,1]}