{"names":["v_YptHsVTHquc.mp4","v_yRup8RDsCzk.mp4","v_yVbzejdydrw.mp4","v_zDPsJ3ECaTI.mp4","v_ZdwkA72VMKE.mp4"],"durations":[170.481,179.491,110.086009,221.403,16.115011],"timestamps":[[[1.7,170.48],[14.49,155.99],[49.44,126.16],[118.48,170.48]],[[0,179.49],[20.64,166.93],[39.49,54.74]],[[0,11.01],[12.11,22.57],[23.12,60],[33.58,75.41],[88.62,103.48]],[[0,24.35],[24.35,205.9],[40.96,205.9]],[[0,10.31],[1.21,11.76],[14.1,16.12]]],"paragraph":["A group of people are dancing around each other. A girl moves around with a hula hoop doing various movements. The People continuing dancing around her in various motions. The girl spins her hula hoop around her head.","Two men are doing martial arts with others around them watching. Many other men are shown doing several flips and tricks around each other. Two men flip near each other while others around them watch.","A man holds two swords out and pretends to hit another people holding swords. He demonstrates again and hands the swords to another man. He commentates on his ability while continuing to show several sword movements. Other men begin to fight with the swords. One man falls down and acts hurt to portray a role in the play Hamlet.","An intro starts and begins showing a group of people. Various people perform a dance routine together with an instructor performing front and center. The routine continues with the people and instructor moving around with their arms and legs doing various movements to music.","Two men are shuffling brooms across a floor with another pulling it on a string. One man follows behind and the two shuffling eventually move the puck into a hole. The three men cheer with each other and give each other big hugs."],"descriptions":[["A group of people are dancing around each other."," A girl moves around with a hula hoop doing various movements."," The People continuing dancing around her in various motions."," The girl spins her hula hoop around her head."],["Two men are doing martial arts with others around them watching."," Many other men are shown doing several flips and tricks around each other."," Two men flip near each other while others around them watch."],["A man holds two swords out and pretends to hit another people holding swords."," He demonstrates again and hands the swords to another man."," He commentates on his ability while continuing to show several sword movements."," Other men begin to fight with the swords."," One man falls down and acts hurt to portray a role in the play Hamlet."],["An intro starts and begins showing a group of people."," Various people perform a dance routine together with an instructor performing front and center."," The routine continues with the people and instructor moving around with their arms and legs doing various movements to music."],["Two men are shuffling brooms across a floor with another pulling it on a string."," One man follows behind and the two shuffling eventually move the puck into a hole."," The three men cheer with each other and give each other big hugs."]],"rates":[1,1,1,1,1],"timestaken":[79.538,76.453,128.907,178.694,150.479],"pausetime":[3,2,3,3,2]}