{"names":["v_AHXcJCpvkAQ.mp4","v_arfBwR8qgPw.mp4","v_Ayix_aDOrzs.mp4","v_B2HIj_QWaG0.mp4","v_BD_ON66t6rM.mp4"],"durations":[81.34,5.457007,135.466009,108.786009,48.739002],"timestamps":[[[0,21.96],[20.74,65.48],[61.01,81.34]],[[0,5.46],[2.54,5.46]],[[0,12.87],[13.55,33.87],[26.42,60.96],[60.28,100.92],[116.5,135.47]],[[0,108.79],[7.07,108.79]],[[0,17.79],[18.52,48.74]]],"paragraph":["A title screen leads into two women stepping up and down on a block. They perform several different exercises on the beam and move together in a synchronized motion. The girls spin round and round then hope back up and then down on the beam.","a camera shows a group of people sitting around a gymnasium floor with a few standing and one crossing his arms. Suddenly a student comes into frame and jumps over a pole into a mat.","A girl is shown looking at several pictures of hairstyle and leads into another cutting one's hair. The kids sits patiently with a towel on her head and speaking to the camera. A goldfish is shown followed by a man cutting and styling her hair. The man cuts the girl's hair and styles it into an adorable look. The girl smiles and leaves the hair salon looking happy.","A woman is playing a violin on the street while various people walk around here and behind her. She smiles into the camera while playing and continues playing the song while several people bend down to tip her and walk around her.","A man is kayaking on water and moving his arms back and fourth quickly. The camera follows him moving through the water and eventually works his way towards a bridge."],"descriptions":[["A title screen leads into two women stepping up and down on a block."," They perform several different exercises on the beam and move together in a synchronized motion."," The girls spin round and round then hope back up and then down on the beam."],["a camera shows a group of people sitting around a gymnasium floor with a few standing and one crossing his arms."," Suddenly a student comes into frame and jumps over a pole into a mat."],["A girl is shown looking at several pictures of hairstyle and leads into another cutting one's hair."," The kids sits patiently with a towel on her head and speaking to the camera."," A goldfish is shown followed by a man cutting and styling her hair."," The man cuts the girl's hair and styles it into an adorable look."," The girl smiles and leaves the hair salon looking happy."],["A woman is playing a violin on the street while various people walk around here and behind her."," She smiles into the camera while playing and continues playing the song while several people bend down to tip her and walk around her."],["A man is kayaking on water and moving his arms back and fourth quickly."," The camera follows him moving through the water and eventually works his way towards a bridge."]],"rates":[1,1,1,1,1],"timestaken":[75.5,68.662,151.001,65.801,66.163],"pausetime":[4,2,6,4,4]}