{"names":["v_BgsxbT9RCeg.mp4","v_BoK5y7jdhzA.mp4","v_bXrdB5AASAM.mp4","v_bzZMUbtgZho.mp4","v_c6ie4KwFnAs.mp4"],"durations":[null,82.315,179.096,182.974,215.691],"timestamps":[[[15.65,195.58],[22.49,195.58],[47.92,195.58],[74.32,195.58],[89.97,195.58],[105.61,195.58],[129.08,195.58],[150.6,195.58],[185.8,195.58]],[[3.7,82.32],[15.23,82.32],[43.22,82.32],[75.32,82.32]],[[15.22,179.1],[38.51,179.1],[84.18,179.1],[124.47,179.1],[135.22,179.1],[169.25,179.1]],[[28.36,182.97],[79.59,182.97],[126.25,182.97],[169.25,182.97]],[[26.96,215.69],[71.18,215.69],[112.16,215.69],[136.96,215.69],[198.44,215.69]]],"paragraph":["A woman ballerina dressed in a pink skirt and white blouse is standing in pose with her back bent forward and hands on her sides on a stage. A man in blue jeans and a white shirt walks in and strokes her back with a yellow cloth. Then a little girl ballerina comes and bumps into the woman. The woman breaks into a dance every time the little girl ballerina taps her. The little girl picks up a pair of wings and tries to put it on her back. The woman starts doing some ballet moves. She continues to dance to ballet moves as the little girl walks away. The woman ballerina twists and twirls on her toes as she dances to music. The crowd applauds and the man in the white shirt and blue jeans lifts her up and walks off the stage.","A lacrosse player wearing a white jersey and holding a lacrosse stick is talking about the positions of lacrosse. He is standing in a field that is next to a busy road with many cars passing by. He is demonstrating the various positions and ways of using the lacrosse stick with another man. He explains how the goals are scored in lacrosse.","There are two men dressed in white shirts wearing hats doing freestyle wrestling in an indoor stadium. There are several spectators watching them, some sitting on chairs and some sitting on the ground. There are some people seated on chairs playing various hand instruments and singing to cheer the fighters. The two men continue wrestling in a non aggressive manner by taking turns to attack the opponent. They continue fighting as one man does a front flip. In the final round, they speed up the fight with faster kicks and motion.","A man is surf boarding in the ocean on a blue surf board. The water looks greenish blue as the surfer surfs through big waves. The man is surfing near a beach by some hotels. The surfer continues to surf through tall waves without falling off.","There is a team of boys dressed in blue uniforms playing soccer against another team of boys dressed in blue striped uniforms in an indoor gym. There are several spectators seated on the side watching the players play soccer. The goalie dressed in yellow tries to stop the opponent's ball. There is also another game of soccer between a team dressed in red and a team dressed inn blue. The first set of teams continue playing the game as the solid blue team scores a goal."],"descriptions":[["A woman ballerina dressed in a pink skirt and white blouse is standing in pose with her back bent forward and hands on her sides on a stage."," A man in blue jeans and a white shirt walks in and strokes her back with a yellow cloth."," Then a little girl ballerina comes and bumps into the woman."," The woman breaks into a dance every time the little girl ballerina taps her."," The little girl picks up a pair of wings and tries to put it on her back."," The woman starts doing some ballet moves."," She continues to dance to ballet moves as the little girl walks away."," The woman ballerina twists and twirls on her toes as she dances to music."," The crowd applauds and the man in the white shirt and blue jeans lifts her up and walks off the stage."],["A lacrosse player wearing a white jersey and holding a lacrosse stick is talking about the positions of lacrosse."," He is standing in a field that is next to a busy road with many cars passing by."," He is demonstrating the various positions and ways of using the lacrosse stick with another man."," He explains how the goals are scored in lacrosse."],["There are two men dressed in white shirts wearing hats doing freestyle wrestling in an indoor stadium."," There are several spectators watching them, some sitting on chairs and some sitting on the ground."," There are some people seated on chairs playing various hand instruments and singing to cheer the fighters."," The two men continue wrestling in a non aggressive manner by taking turns to attack the opponent."," They continue fighting as one man does a front flip."," In the final round, they speed up the fight with faster kicks and motion."],["A man is surf boarding in the ocean on a blue surf board."," The water looks greenish blue as the surfer surfs through big waves."," The man is surfing near a beach by some hotels."," The surfer continues to surf through tall waves without falling off."],["There is a team of boys dressed in blue uniforms playing soccer against another team of boys dressed in blue striped uniforms in an indoor gym."," There are several spectators seated on the side watching the players play soccer."," The goalie dressed in yellow tries to stop the opponent's ball."," There is also another game of soccer between a team dressed in red and a team dressed inn blue."," The first set of teams continue playing the game as the solid blue team scores a goal."]],"rates":[1,1,1,1,1],"timestaken":[486.148,368.044,500.021,260.904,241.769],"pausetime":[8,5,4,1,0]}