{"names":["v_0MtST08F2Xc.mp4","v_0UcBldDI0RA.mp4","v_1BfYAuxv6Wk.mp4","v_1FMjfLRpXwM.mp4","v_1G3rv9ssDY4.mp4"],"durations":[36.866001,156.572154,63.576235,142.036462,105.766893],"timestamps":[[[3.87,27.65],[7.37,27.65],[12.9,27.65],[17.88,27.65],[27.28,27.65]],[[12.53,117.43],[17.22,117.43],[27.4,117.43],[46.97,117.43],[57.93,117.43],[85.33,117.43],[100.21,117.43],[116.65,117.43]],[[4.77,47.68],[10.81,47.68],[16.85,47.68],[22.89,47.68],[31.79,47.68],[45.46,47.68]],[[10.65,106.53],[19.89,106.53],[27.7,106.53],[33.38,106.53],[46.87,106.53],[55.39,106.53],[68.18,106.53],[78.83,106.53],[105.11,106.53]],[[10.58,79.33],[16.39,79.33],[23.8,79.33],[34.37,79.33],[43.36,79.33],[54.47,79.33],[76.15,79.33]]],"paragraph":["A person in blue pants is raking some fallen leaves from the ground. There is a black dog and a white dog jumping around the person raking the leaves. The white dog is trying to bite off the rake. Both the dogs are playing around the man raking the leaves, trying to bite the rake. The person is moving the rake in circles as the dogs are jumping around him.","Joe Morin from Titan alloy is talking about welding aluminum. He is doing a tutorial on how to fix aluminum. He shows a new product called Nova, which is an electrode for cleaning dirty aluminum. He shows two aluminum plates that are joined together for demonstration purposes. He takes the Nova rod and shows how he can weld the two pieces together. He begins welding the two plates of aluminum. Then he hits the plates with a hammer and scrubs off the dust. He shows the back side of the plates and how it is welded together.","Maria is demonstrating how to make a Nyquil cocktail drink. She shows the ingredients required for the drink. She points to vodka, jagermeister and food coloring. She then takes a shaker and pours and vodka and the jagermeister. Then adds some ice in it and shakes it. She uses a strainer to strain the drink into a cocktail glass and places the glass on the table.","The lady in black is doing a hairstyle tutorial and demonstrating on another woman who is seated next to her. She shows the hairspray that she has used on the model. She uses the hairspray on the model's hair and sprays it. She then takes a pair of scissors and cuts the rubber band off and spray her hair again. She pulls her braid apart and rubs her fingers over it. She then twists the braid and pins it up on the model's head. She twists it again and tightens it up and secures it with a pin again. She also makes a bun out of the braid to complete the hairstyle. She shows the hairspray bottle again that she has used on the model.","Two professional bikers are biking at the Peckham BMX Club. The bikers are going over a curbed surface at full speed. There are several other bikers doing the same activity on another curved surface. There are five bikers wearing helmets standing ready to start a race. They begin racing at high speed over a curved road. Two more batches of racers start the same race. A single biker is going through the curved road at very high speed."],"descriptions":[["A person in blue pants is raking some fallen leaves from the ground."," There is a black dog and a white dog jumping around the person raking the leaves."," The white dog is trying to bite off the rake."," Both the dogs are playing around the man raking the leaves, trying to bite the rake."," The person is moving the rake in circles as the dogs are jumping around him."],["Joe Morin from Titan alloy is talking about welding aluminum."," He is doing a tutorial on how to fix aluminum."," He shows a new product called Nova, which is an electrode for cleaning dirty aluminum."," He shows two aluminum plates that are joined together for demonstration purposes."," He takes the Nova rod and shows how he can weld the two pieces together."," He begins welding the two plates of aluminum."," Then he hits the plates with a hammer and scrubs off the dust."," He shows the back side of the plates and how it is welded together."],["Maria is demonstrating how to make a Nyquil cocktail drink."," She shows the ingredients required for the drink."," She points to vodka, jagermeister and food coloring."," She then takes a shaker and pours and vodka and the jagermeister."," Then adds some ice in it and shakes it."," She uses a strainer to strain the drink into a cocktail glass and places the glass on the table."],["The lady in black is doing a hairstyle tutorial and demonstrating on another woman who is seated next to her."," She shows the hairspray that she has used on the model."," She uses the hairspray on the model's hair and sprays it."," She then takes a pair of scissors and cuts the rubber band off and spray her hair again."," She pulls her braid apart and rubs her fingers over it."," She then twists the braid and pins it up on the model's head."," She twists it again and tightens it up and secures it with a pin again."," She also makes a bun out of the braid to complete the hairstyle."," She shows the hairspray bottle again that she has used on the model."],["Two professional bikers are biking at the Peckham BMX Club."," The bikers are going over a curbed surface at full speed."," There are several other bikers doing the same activity on another curved surface."," There are five bikers wearing helmets standing ready to start a race."," They begin racing at high speed over a curved road."," Two more batches of racers start the same race."," A single biker is going through the curved road at very high speed."]],"rates":[1,1,1,1,1],"timestaken":[255.966,506.066,500.507,346.363,327.762],"pausetime":[7,10,11,3,6]}