{"names":["v_Cdmd9VB8tJI.mp4","v_cRpzDPS6zeY.mp4","v_Cx6oTdEq40w.mp4","v_D_xht_r3n54.mp4","v_DIF8qouivIU.mp4"],"durations":[59.095011,165.466009,87.052,21.758005,222.703],"timestamps":[[[0,57.03],[2.66,26.3],[24.52,57.91]],[[1.65,162.16],[9.93,157.19]],[[0,41.78],[40.91,77.48],[79.22,87.05]],[[0,13.93],[13.93,21.76]],[[0,40.09],[18.93,43.43],[80.17,135.85],[135.85,169.25],[165.91,222.7]]],"paragraph":["A man is shown washing a dog with a water hose in a backyard with several flowers. The camera pans around the wet dog as the man continues to wash him and he shakes off. He pours more shampoo on the dog and rubs the shampoo into it's fur.","A man and a woman are performing a couple's dance routine while other couples dance around them. A group of onlookers watch the couples spin around and continue the dance routine.","A man is shown wearing a helmet and climbing up on a rock wall. He continues to work his way up the rock wall while the camera captures his movements and panning around the mountains and water around them. The climber checks his rope and shakes the clip off of his rope.","An older man is shown cleaning off a car in front of a home with a snow scraper. The camera pans around the car while the older man continues to push snow off of it.","A man wearing a white fencing outfit walks over to a woman in leather with her hands tied together. He holds her waist and speaks to her while watching the men fence behind them. They speak to another couple defiantly and the men prepare to fight. The men fence back and fourth when the older gentleman pinches his eyes and fight again. The men become agitated and one leaves with shirt off."],"descriptions":[["A man is shown washing a dog with a water hose in a backyard with several flowers."," The camera pans around the wet dog as the man continues to wash him and he shakes off."," He pours more shampoo on the dog and rubs the shampoo into it's fur."],["A man and a woman are performing a couple's dance routine while other couples dance around them."," A group of onlookers watch the couples spin around and continue the dance routine."],["A man is shown wearing a helmet and climbing up on a rock wall."," He continues to work his way up the rock wall while the camera captures his movements and panning around the mountains and water around them."," The climber checks his rope and shakes the clip off of his rope."],["An older man is shown cleaning off a car in front of a home with a snow scraper."," The camera pans around the car while the older man continues to push snow off of it."],["A man wearing a white fencing outfit walks over to a woman in leather with her hands tied together."," He holds her waist and speaks to her while watching the men fence behind them."," They speak to another couple defiantly and the men prepare to fight."," The men fence back and fourth when the older gentleman pinches his eyes and fight again."," The men become agitated and one leaves with shirt off."]],"rates":[1,1,1,1,4],"timestaken":[75.376,92.832,91.196,53.472,218.495],"pausetime":[5,3,5,1,15]}