{"names":["v_dSOVaLk3ZmU.mp4","v_E50d5qFvzOI.mp4","v_eAFFf5cSX5c.mp4","v_EML3BvJxknA.mp4","v_en6lOb4wRUU.mp4"],"durations":[8.36,164.282,85.705011,116.449002,181.163],"timestamps":[[[0,7.82],[3.85,7.82]],[[0,38.61],[35.32,84.61],[84.61,156.07]],[[1.29,68.56],[40.71,85.71]],[[0,18.63],[19.8,53.57],[37.85,116.45]],[[0,66.12],[67.03,136.78],[138.59,181.16]]],"paragraph":["A man sitting in a kayak pushing himself around swirling water using his paddles for support. The man flips several times in the water attempting to break free and he eventually does.","A video begins showing a man and woman holding each other and moving back and fourth. The couple moves their feet back and fourth while the man speaks to the camera. The woman eventually speaks the camera while performing several different dance moves for the camera to see.","A man and a woman perform various dance moves back and fourth in an empty room. The couple continue to spin and perform the tango routine while the man spins her around behind him.","An older man is sitting in a tube while an older woman climbs on the back. The man in the tube is wearing skiis and eventually rides behind the boat with the woman on top. The couple continue riding on top of each other on the skis while the camera zooms in and out to capture the movement.","A man is shown smoking a cigarette continuously blowing smoke out of his mouth and looking into the camera. He puts sunglasses on and continues taking puffs off the cigarette. He pans the camera to a crack in the floor and back to his face smoking outside."],"descriptions":[["A man sitting in a kayak pushing himself around swirling water using his paddles for support."," The man flips several times in the water attempting to break free and he eventually does."],["A video begins showing a man and woman holding each other and moving back and fourth."," The couple moves their feet back and fourth while the man speaks to the camera."," The woman eventually speaks the camera while performing several different dance moves for the camera to see."],["A man and a woman perform various dance moves back and fourth in an empty room."," The couple continue to spin and perform the tango routine while the man spins her around behind him."],["An older man is sitting in a tube while an older woman climbs on the back."," The man in the tube is wearing skiis and eventually rides behind the boat with the woman on top."," The couple continue riding on top of each other on the skis while the camera zooms in and out to capture the movement."],["A man is shown smoking a cigarette continuously blowing smoke out of his mouth and looking into the camera."," He puts sunglasses on and continues taking puffs off the cigarette."," He pans the camera to a crack in the floor and back to his face smoking outside."]],"rates":[1,4,1,1,1],"timestaken":[39.965,87.24,86.219,74.299,109.097],"pausetime":[1,4,5,4,17]}