{"names":["v_F_DHgp5hERs.mp4","v_FaDD5MyZj88.mp4","v_faF9-lWmK3Y.mp4","v_FCzT4Knfhqs.mp4","v_FRag7CCTP4k.mp4"],"durations":[133.306009,141.665011,71.588005,142.664,62.346009],"timestamps":[[[0,119.98],[30.66,54.66],[54.66,129.97]],[[2.12,136.71],[30.46,59.5],[60.21,141.67]],[[0,8.95],[15.39,46.89],[55.12,71.59]],[[0,44.23],[45.65,64.2],[64.2,104.14],[102,142.66]],[[0,30.24],[30.86,49.88],[54.86,62.35]]],"paragraph":["A man speaks to the camera while another man sits on a piece of exercise equipment behind him. The instructor continues moving around near the man and has him show how to machine works. He points to his body showing the muscles worked and walks around the man exercising.","A man is shown doing a jump in slow motion on a track several times back to back. The camera shows several different angles of the athlete jumping in a line as well as into the pit on sand. He performs several long jumps back to back and shows off his distance acquired.","The camera man opens a door and watches a woman leaving forward in a tub. The woman talks to the camera man while washing several clothes in a tub filled with water. The woman learns down exhausted and turns back to the camera man quickly then back to the tub.","A camera pans around a group of people standing around each other with one spinning in circles. A man pushing the spinning girl around and around and zooms in on a pinata. The girl swings at the pinata blindfolded and a man jumps down to grab a piece of fallen candy. The girl breaks open the pinata and several people run down to grab the candy.","An athlete is shown warming up in front of a pole while several others in the background run around a track. The man eventually prepares for his jump and jumps over the pole. He swings his arms up to celebrate and others around him clap for him."],"descriptions":[["A man speaks to the camera while another man sits on a piece of exercise equipment behind him."," The instructor continues moving around near the man and has him show how to machine works."," He points to his body showing the muscles worked and walks around the man exercising."],["A man is shown doing a jump in slow motion on a track several times back to back."," The camera shows several different angles of the athlete jumping in a line as well as into the pit on sand."," He performs several long jumps back to back and shows off his distance acquired."],["The camera man opens a door and watches a woman leaving forward in a tub."," The woman talks to the camera man while washing several clothes in a tub filled with water."," The woman learns down exhausted and turns back to the camera man quickly then back to the tub."],["A camera pans around a group of people standing around each other with one spinning in circles."," A man pushing the spinning girl around and around and zooms in on a pinata."," The girl swings at the pinata blindfolded and a man jumps down to grab a piece of fallen candy."," The girl breaks open the pinata and several people run down to grab the candy."],["An athlete is shown warming up in front of a pole while several others in the background run around a track."," The man eventually prepares for his jump and jumps over the pole."," He swings his arms up to celebrate and others around him clap for him."]],"rates":[4,4,1,1,1],"timestaken":[108.056,86.097,88.926,134.355,70.291],"pausetime":[4,0,4,3,6]}