{"names":["v_FRjVP5r9rqc.mp4","v_G72bQBMZmzs.mp4","v_gBTnWp9VLz4.mp4","v_Gl8HTsP7Jfk.mp4","v_goLVOzKw4U8.mp4"],"durations":[80.736009,197.626009,208.144,150.094,131.379002],"timestamps":[[[0,14.13],[14.53,56.92],[27.85,70.24],[57.32,80.74]],[[0,23.72],[22.73,197.63]],[[0,31.22],[29.14,112.4],[113.44,208.14]],[[0,34.52],[32.27,150.09]],[[0,28.25],[28.9,82.77],[83.43,131.38]]],"paragraph":["An elderly woman pans to the camera and does various hand movements on the floor. The woman grabs several items of clothing and shows how she washes them in the sink. She holds a bar of soap and rubs it all over the clothes and dips it into the water. She continues cleaning the clothes off in the water and showing how she cleans her clothes.","Two sumo wrestlers are shown on a set with hundreds of people watching in the back taking pictures. The video continues to show several different athletes fighting in a ring and pulling the other down within a matter of seconds.","A car drives behind another while filming several snowy houses and trees shown. Eventually two snowboarding are shown doing jumps and tricks down a mountain. Another does several flips and tricks while another performs the same down the mountain.","A boy speaks to a camera while holding a lacrosse stick and hitting balls into a net. The boy throws several balls into the net over and over again hitting directly into the net.","A man wearing gloves holds a pair of pliers and putting an object in between. He sparks the object to create a flame and puts his mask on to protect himself. He continues flaming the object and shows off what he has burned."],"descriptions":[["An elderly woman pans to the camera and does various hand movements on the floor."," The woman grabs several items of clothing and shows how she washes them in the sink."," She holds a bar of soap and rubs it all over the clothes and dips it into the water."," She continues cleaning the clothes off in the water and showing how she cleans her clothes."],["Two sumo wrestlers are shown on a set with hundreds of people watching in the back taking pictures."," The video continues to show several different athletes fighting in a ring and pulling the other down within a matter of seconds."],["A car drives behind another while filming several snowy houses and trees shown."," Eventually two snowboarding are shown doing jumps and tricks down a mountain."," Another does several flips and tricks while another performs the same down the mountain."],["A boy speaks to a camera while holding a lacrosse stick and hitting balls into a net."," The boy throws several balls into the net over and over again hitting directly into the net."],["A man wearing gloves holds a pair of pliers and putting an object in between."," He sparks the object to create a flame and puts his mask on to protect himself."," He continues flaming the object and shows off what he has burned."]],"rates":[1,1,1,1,1],"timestaken":[78.194,98.967,92.82,92.484,158.561],"pausetime":[4,3,2,9,6]}