{"names":["v_JI5_cMwgnxI.mp4","v_JKFxKhCQPUs.mp4","v_JLipYEVwKTg.mp4","v_JyjONoyBr4Q.mp4","v_kdQfR6oqJ_M.mp4"],"durations":[144.451315,45.90585,28.537324,172.338503,80.062403],"timestamps":[[[29.61,144.45],[53.45,144.45],[85.95,144.45],[110.51,144.45],[136.51,144.45]],[[8.03,45.91],[20.89,45.91],[30.99,45.91],[40.86,45.91]],[[4.42,28.54],[7.99,28.54],[16.84,28.54],[25.54,28.54]],[[20.68,172.34],[49.12,172.34],[71.52,172.34],[88.75,172.34],[105.99,172.34],[119.78,172.34],[130.98,172.34],[160.27,172.34]],[[12.41,80.06],[27.22,80.06],[47.64,80.06],[54.04,80.06],[73.66,80.06]]],"paragraph":["A guy wearing a red plaid shirt is showing a tutorial on how to trim and prune trees in a garden. He is using a pair of garden shears to chop off the excessive leaves grown on the trees. He then demonstrates how to fertile the trees and shrubs by using some fertilizer balls. He then used a liquid fertilizer on the trees and plants to fortify them. He finally waters the trees and plants with a hose to complete the process.","A male gymnast wearing a blue leotard is doing gymnastics on a horse bar. He is performing in an indoor stadium full of spectators. He continues to excel in doing his moves steadily on the horse bar. After he's done, he gets off the bar and one of the coaches hugs him as the crowd cheers for him.","A woman wearing a leopard print jacket is sitting with a man in a hookah bar. The man kisses her as he leans forward. She is holding the hookah in her hand ready to take her first puff. After she inhales the hookah, she puffs out some smoke and coughs in discomfort.","There is a lady dog trainer dressed in a blue hoodie playing with a black and white dog in a park. She is throwing a Frisbee to the dog and makes the dog fetch it for her. The dog runs every time she throws the Frisbee at a distance and fetches it for her. The doh jumps high up to grab the Frisbee off her hand. He dog even jumps over the lady when she is laying on the ground. He continues to run and fetch the Frisbee for the lady as she throws multiple Frisbee. The same lady is now wearing an orange shirt and is throwing the Frisbee to the dog. The dog continues to jump and catch the Frisbee in his mouth.","There are several jockey riding brown horses in a stadium during a derby event. There crowd is cheering loudly as they stand with straw hats and umbrellas. The jockeys are getting ready to play polo as they move around with their sticks. A woman cheers loudly in the camera. The jockeys ride slowly around the field."],"descriptions":[["A guy wearing a red plaid shirt is showing a tutorial on how to trim and prune trees in a garden."," He is using a pair of garden shears to chop off the excessive leaves grown on the trees."," He then demonstrates how to fertile the trees and shrubs by using some fertilizer balls."," He then used a liquid fertilizer on the trees and plants to fortify them."," He finally waters the trees and plants with a hose to complete the process."],["A male gymnast wearing a blue leotard is doing gymnastics on a horse bar."," He is performing in an indoor stadium full of spectators."," He continues to excel in doing his moves steadily on the horse bar."," After he's done, he gets off the bar and one of the coaches hugs him as the crowd cheers for him."],["A woman wearing a leopard print jacket is sitting with a man in a hookah bar."," The man kisses her as he leans forward."," She is holding the hookah in her hand ready to take her first puff."," After she inhales the hookah, she puffs out some smoke and coughs in discomfort."],["There is a lady dog trainer dressed in a blue hoodie playing with a black and white dog in a park."," She is throwing a Frisbee to the dog and makes the dog fetch it for her."," The dog runs every time she throws the Frisbee at a distance and fetches it for her."," The doh jumps high up to grab the Frisbee off her hand."," He dog even jumps over the lady when she is laying on the ground."," He continues to run and fetch the Frisbee for the lady as she throws multiple Frisbee."," The same lady is now wearing an orange shirt and is throwing the Frisbee to the dog."," The dog continues to jump and catch the Frisbee in his mouth."],["There are several jockey riding brown horses in a stadium during a derby event."," There crowd is cheering loudly as they stand with straw hats and umbrellas."," The jockeys are getting ready to play polo as they move around with their sticks."," A woman cheers loudly in the camera."," The jockeys ride slowly around the field."]],"rates":[1,1,1,1,1],"timestaken":[228.108,371.602,184.501,435.22,178.915],"pausetime":[1,2,2,3,1]}