{"names":["v_KWeZbXoX8Ys.mp4","v_LChqFAESyCg.mp4","v_LHe5cTzHB3o.mp4","v_lk2niPrG3y8.mp4","v_lS_bztQjpGM.mp4"],"durations":[10.148,140.737,62.3,28.724,161.031],"timestamps":[[[1.47,7.61],[2.59,7.61],[5.23,7.61],[7.05,7.61]],[[14.07,105.55],[28.15,105.55],[48.55,105.55],[61.92,105.55],[77.41,105.55],[97.11,105.55]],[[5.92,46.72],[10.28,46.72],[25.54,46.72],[50.15,57.63],[53.27,57.63]],[[8.9,26.57],[16.95,26.57],[24.99,26.57]],[[11.27,148.95],[79.71,148.95],[96.62,148.95],[128.02,148.95],[132.85,148.95],[140.9,148.95]]],"paragraph":["There is a very tall and steep slide running through some trees in a large open ground. There is a rubber surface running lengthwise at the bottom end of the slide to protect people from getting hurt as they land down. A young boy wearing black shorts and a shirt comes sliding down in full force. He lands far from the slide as he tumbles down and off of the slide.","There's a young girl standing in her bathroom doing a tutorial on how to apply lipstick. she opens her mirror cabinet and takes her lipstick out. She begins applying the lipstick on her lips. Then she uses the same lipstick and dabs it on her cheeks. She uses her fingers to smear the lipstick evenly on her cheek bones. Then she pouts and smiles for the camera, striking a pose.","There are two men boxing in an indoor boxing room that has mirrors on one entire wall. There is another person standing in the same room who is video taping them fight. The boxer in the red shorts punches the boxer in the black shorts. The boxer in black falls down and lands on his back and groans. Then he stands right back up while the boxer in red walks around him.","There's a woman in a yellow tank top and black tights doing jump rope in a gym. She jumps in a rhythmic manner without stopping on the hardwood floor surface. After she's done, a person standing in front of her gives her a thumbs up and cheers for her.","A girl with long blond hair, wearing a blue robe is doing a tutorial on how to use hot rollers in her hair. There is another woman wearing white who is demonstrating how to section out her hair and start putting the rollers in the her one by one. After she's done putting the rollers all over the head, she uses a blow dryer to add some heat to the hair. Then she removes the rollers from the model's hair and starts to run her fingers through the hair. She then parts her hair gently with a brush. She shows how to finish off the look by running her fingers through her hair without using a brush."],"descriptions":[["There is a very tall and steep slide running through some trees in a large open ground."," There is a rubber surface running lengthwise at the bottom end of the slide to protect people from getting hurt as they land down."," A young boy wearing black shorts and a shirt comes sliding down in full force."," He lands far from the slide as he tumbles down and off of the slide."],["There's a young girl standing in her bathroom doing a tutorial on how to apply lipstick."," she opens her mirror cabinet and takes her lipstick out."," She begins applying the lipstick on her lips."," Then she uses the same lipstick and dabs it on her cheeks."," She uses her fingers to smear the lipstick evenly on her cheek bones."," Then she pouts and smiles for the camera, striking a pose."],["There are two men boxing in an indoor boxing room that has mirrors on one entire wall."," There is another person standing in the same room who is video taping them fight."," The boxer in the red shorts punches the boxer in the black shorts."," The boxer in black falls down and lands on his back and groans."," Then he stands right back up while the boxer in red walks around him."],["There's a woman in a yellow tank top and black tights doing jump rope in a gym."," She jumps in a rhythmic manner without stopping on the hardwood floor surface."," After she's done, a person standing in front of her gives her a thumbs up and cheers for her."],["A girl with long blond hair, wearing a blue robe is doing a tutorial on how to use hot rollers in her hair."," There is another woman wearing white who is demonstrating how to section out her hair and start putting the rollers in the her one by one."," After she's done putting the rollers all over the head, she uses a blow dryer to add some heat to the hair."," Then she removes the rollers from the model's hair and starts to run her fingers through the hair."," She then parts her hair gently with a brush."," She shows how to finish off the look by running her fingers through her hair without using a brush."]],"rates":[1,1,1,1,1],"timestaken":[56.223,233.927,338.352,152.336,386.196],"pausetime":[2,2,3,1,1]}