{"names":["v_LSCQ1yqocHg.mp4","v_LXHc1X1pKEM.mp4","v_MOOeHWuuxlo.mp4","v_Mvw0hvMeM-w.mp4","v_my4UPLGI6w4.mp4"],"durations":[24.589931,201.363446,49.737142,216.131337,76.53297],"timestamps":[[[2.83,22.38],[4.55,22.38],[12.42,22.38],[20.04,22.38]],[[13.09,183.24],[24.16,183.24],[83.57,183.24],[118.8,183.24],[132.9,183.24],[169.15,183.24]],[[7.96,45.26],[18.9,45.26],[36.56,45.26]],[[35.66,196.68],[67,196.68],[99.42,196.68],[138.32,196.68],[178.31,196.68]],[[13.01,69.65],[39.03,69.65],[63.91,69.65]]],"paragraph":["There's a man standing in a kitchen and washing his hands in steel kitchen sink. He takes a pump from the liquid hand soap from the sink counter. He then turns on the water and and washes his hands. After he's done washing, he uses a white hand towel that is lying next to the sink on the counter.","A woman with short hair and a white tank top is sitting in her bathroom talking about a cyclist who is going to shave his legs. She stands up and shows the cycling team printed on her tank top. She shows the viewers the type of razor she will be using. There's a young man sitting on the bath tub along with the woman. He washes his legs with baby soap and water and begins shaving his legs. Then the woman takes the razor and helps her husband shave his legs.","There's a man in a gym using an elliptical machine. He is wearing a pair of black track pants, black shirt and a cap. He demonstrates how to use the elliptical correctly to maintain a consistent speed.","The video begins with the annual BMX biking event where several participants are gathered to begin their competitive event. Several bikers begin biking on their bikes on curved slopes in the open air arena. The bikers go over bumpy and hilly slopes in their gears and helmets. There are several bikers beginning a race from the top of the biking slope. They show off their stunts and skills as they speed through the obstacle course of the biking arena.","There's a man coming out of his garage with an electrical leaf blower. He begins blowing the leaves off of his yard for fall cleanup. He walks around his yard with the blower as he cleans the leaves."],"descriptions":[["There's a man standing in a kitchen and washing his hands in steel kitchen sink."," He takes a pump from the liquid hand soap from the sink counter."," He then turns on the water and and washes his hands."," After he's done washing, he uses a white hand towel that is lying next to the sink on the counter."],["A woman with short hair and a white tank top is sitting in her bathroom talking about a cyclist who is going to shave his legs."," She stands up and shows the cycling team printed on her tank top."," She shows the viewers the type of razor she will be using."," There's a young man sitting on the bath tub along with the woman."," He washes his legs with baby soap and water and begins shaving his legs."," Then the woman takes the razor and helps her husband shave his legs."],["There's a man in a gym using an elliptical machine."," He is wearing a pair of black track pants, black shirt and a cap."," He demonstrates how to use the elliptical correctly to maintain a consistent speed."],["The video begins with the annual BMX biking event where several participants are gathered to begin their competitive event."," Several bikers begin biking on their bikes on curved slopes in the open air arena."," The bikers go over bumpy and hilly slopes in their gears and helmets."," There are several bikers beginning a race from the top of the biking slope."," They show off their stunts and skills as they speed through the obstacle course of the biking arena."],["There's a man coming out of his garage with an electrical leaf blower."," He begins blowing the leaves off of his yard for fall cleanup."," He walks around his yard with the blower as he cleans the leaves."]],"rates":[1,1,1,1,1],"timestaken":[152.091,281.892,153.788,261.23,105.658],"pausetime":[4,1,2,0,1]}