{"names":["v_mz2-lgoNz1M.mp4","v_mZxvYV53uf0.mp4","v_N-92_rikI8U.mp4","v_N1-TZnH0jy4.mp4","v_N7ppHQNikv8.mp4"],"durations":[143.638639,225.488979,123.390839,15.16263,66.22331],"timestamps":[[[7.18,143.64],[19.39,143.64],[30.88,143.64],[50.27,143.64],[71.82,143.64],[96.24,143.64],[126.4,143.64]],[[18.04,225.49],[39.46,225.49],[68.77,225.49],[120.64,225.49],[166.86,225.49],[210.83,225.49]],[[12.96,123.39],[29.61,123.39],[62.93,123.39],[88.84,123.39],[115.99,123.39]],[[7.66,15.16],[12.66,15.16]],[[10.93,66.22],[25.83,66.22],[34.77,66.22],[34.77,54.3]]],"paragraph":["A man wearing a white shirt and a camouflage print hat and ear and lip piercings is demonstrating how to do permanent tattoos. He shows how he shaves the client's arm with a razor and rubs some alcohol on it to prep the skin. Then he places a stencil on the client's arm to lay down the outline of the tattoo. Then he applies some cream over the skin to minimize bleeding. He begins to use the tattoo machine to draw on the tattoo over the outline. He also shows how he uses different colors to fill in the outline of the design. He then completes the tattoo as per the client's specifications.","Two girls are practicing dance moves in front of their television set in their living room. One of the girls is wearing a red shirt and the other is wearing a dark blue shirt. They are practicing ball room dancing. they take turns to swing and twirl around each other's hands as they go around in circles. They also follow a pattern of their leg movements as they follow the steps rhythmically. After they finish, they both giggle and walk away.","There's a man skiing down a very steep mountain slope. The man is going down very fast and steadily while fully dressed in ski gear and goggles. He then falls down to the ground as he reaches the bottom of the slope. He gets right back up and dusts off the snow from his clothes. He talks to another person through a hands free device attached on his coat to let him know he's okay.","There's a little baby wearing a purple bib seated on a high chair holding and sucking on a Popsicle. The baby licks the Popsicle several times and then throws it down.","There is a boy sitting on a beach building sand castles with a water bottle and a sand bucket. Another little boy wearing a pink float comes running and joins him. The boy pours some water on the sand castle. Then a girls wearing a pink floral bathing suit joins the boys and helps them build the sand castle."],"descriptions":[["A man wearing a white shirt and a camouflage print hat and ear and lip piercings is demonstrating how to do permanent tattoos."," He shows how he shaves the client's arm with a razor and rubs some alcohol on it to prep the skin."," Then he places a stencil on the client's arm to lay down the outline of the tattoo."," Then he applies some cream over the skin to minimize bleeding."," He begins to use the tattoo machine to draw on the tattoo over the outline."," He also shows how he uses different colors to fill in the outline of the design."," He then completes the tattoo as per the client's specifications."],["Two girls are practicing dance moves in front of their television set in their living room."," One of the girls is wearing a red shirt and the other is wearing a dark blue shirt."," They are practicing ball room dancing."," they take turns to swing and twirl around each other's hands as they go around in circles."," They also follow a pattern of their leg movements as they follow the steps rhythmically."," After they finish, they both giggle and walk away."],["There's a man skiing down a very steep mountain slope."," The man is going down very fast and steadily while fully dressed in ski gear and goggles."," He then falls down to the ground as he reaches the bottom of the slope."," He gets right back up and dusts off the snow from his clothes."," He talks to another person through a hands free device attached on his coat to let him know he's okay."],["There's a little baby wearing a purple bib seated on a high chair holding and sucking on a Popsicle."," The baby licks the Popsicle several times and then throws it down."],["There is a boy sitting on a beach building sand castles with a water bottle and a sand bucket."," Another little boy wearing a pink float comes running and joins him."," The boy pours some water on the sand castle."," Then a girls wearing a pink floral bathing suit joins the boys and helps them build the sand castle."]],"rates":[1,1,1,1,1],"timestaken":[315.715,331.905,328.347,176.746,205.029],"pausetime":[2,1,2,2,3]}