{"names":["v_nSR-JSqGoWQ.mp4","v_nt9tMdFVQ1c.mp4","v_nuEK3POl9jA.mp4","v_NwfS7eZiMLg.mp4","v_O0nOzufJ_OM.mp4"],"durations":[143.08136,14.930429,40.007981,134.722176,181.208526],"timestamps":[[[0,17.89],[23.61,40.06],[42.21,62.96],[65.1,77.98],[79.41,105.88],[107.31,131.63],[133.78,143.08]],[[0,0.9],[0.97,2.84],[7.09,14.93]],[[0,7.6],[8.4,28.21],[28.81,29.41],[29.81,40.01]],[[0,99.02],[99.69,132.7],[133.37,134.72]],[[0,19.93],[20.84,39.87],[41.68,51.64],[52.55,91.51],[92.42,115.97],[116.88,135.91],[136.81,167.62],[169.43,178.49]]],"paragraph":["A video recap of a beach soccer game begins with an Argentinian goal off a deep pass. The Brazilians follow up with a goal on a penalty kick, taken by an exuberant keeper. The Argentinians steal a pass halfway across the sand field and take it down for a goal in the tight corner. This is immediately followed by another goal from Argentina on a penalty kick. Brazil finds itself down even more on another Argentinian goal on a beautiful pass and shot across the field. To make matters worse, Argentina scores on a deep uncontested shot after that. This game is far too easy for them, and they win by a large score.","A group of men are playing volleyball on the beach, 3 on one side, and 2 on the other side. One team attempts to serve and it crashes into the net. The other (shorthanded) team sends its own serve, a simple lob, but the opposing team knock their return out of bounds.","At the 2008 Olympics, a man prepares to lift a loaded barbell. He bends down and works his way up with great effort, finally lifting the barbell over his head. He drops the weights and they crash to the ground. He celebrates and we see that the Olympian has set a record.","A man is playing the bagpipes at the bottom of the stairs in the living room of a house, wearing a button up and dress pants, along with socks. He begins to tap his foot along with the beat of his tune, He starts to tap his left foot in a back and forth rhythm with his right foot. He finishes, and smiles at the camera.","A compilation/tribute video for a Hungarian discus throwing Olympian begins with some pictures of him in action. An attempt with him twirling rapidly begins and the discus launches. More photos play, showing the competitor in different positions. Two straight attempts featuring a powerful spin result in the the discus flying far both times. This is followed by more photos. Another attempt plays, followed by another slate of photos. The next attempt occurs in front of a large green net, the discus is launched like a rocket and the thrower celebrates. Another set of photos close the montage."],"descriptions":[["A video recap of a beach soccer game begins with an Argentinian goal off a deep pass."," The Brazilians follow up with a goal on a penalty kick, taken by an exuberant keeper."," The Argentinians steal a pass halfway across the sand field and take it down for a goal in the tight corner."," This is immediately followed by another goal from Argentina on a penalty kick."," Brazil finds itself down even more on another Argentinian goal on a beautiful pass and shot across the field."," To make matters worse, Argentina scores on a deep uncontested shot after that."," This game is far too easy for them, and they win by a large score."],["A group of men are playing volleyball on the beach, 3 on one side, and 2 on the other side."," One team attempts to serve and it crashes into the net."," The other (shorthanded) team sends its own serve, a simple lob, but the opposing team knock their return out of bounds."],["At the 2008 Olympics, a man prepares to lift a loaded barbell."," He bends down and works his way up with great effort, finally lifting the barbell over his head."," He drops the weights and they crash to the ground."," He celebrates and we see that the Olympian has set a record."],["A man is playing the bagpipes at the bottom of the stairs in the living room of a house, wearing a button up and dress pants, along with socks."," He begins to tap his foot along with the beat of his tune, He starts to tap his left foot in a back and forth rhythm with his right foot."," He finishes, and smiles at the camera."],["A compilation/tribute video for a Hungarian discus throwing Olympian begins with some pictures of him in action."," An attempt with him twirling rapidly begins and the discus launches."," More photos play, showing the competitor in different positions."," Two straight attempts featuring a powerful spin result in the the discus flying far both times."," This is followed by more photos."," Another attempt plays, followed by another slate of photos."," The next attempt occurs in front of a large green net, the discus is launched like a rocket and the thrower celebrates."," Another set of photos close the montage."]],"rates":[1,1,1,1,1],"timestaken":[514.629,264.906,260.693,322.283,521.518],"pausetime":[5,4,2,3,5]}