{"names":["v_oNN6NE8fq0U.mp4","v_owLQzBg4olo.mp4","v_oYmE833AO2w.mp4","v_OYPyiUC4h68.mp4","v_P0N68OQDhNs.mp4"],"durations":[196.093,30.326,178.33,135.953,228.369],"timestamps":[[[3.92,15.69],[16.67,176.48],[98.05,112.75],[177.46,180.41]],[[0,4.85],[6.82,15.62],[20.02,27.29]],[[0,41.02],[41.91,50.82],[52.61,83.82],[83.82,115.91],[116.81,126.61],[126.61,150.69],[150.69,178.33]],[[0,6.8],[7.48,33.99],[33.99,119.64],[127.8,135.95]],[[0,31.97],[31.97,85.64],[87.92,106.19],[103.91,110.76],[110.76,137.02],[137.02,181.55],[180.41,214.67],[215.81,228.37]]],"paragraph":["A man talks to the audience while seated on stage before a performance. A man plays the keys of an accordion while opening and closing the air box. The man sings a few verses loudly with excitement. The man finishes the song and gathers up his notes from the podium.","A long colorful scarf is seen running over chairs. A woman is seen knitting the scarf in a purple dress. Three other woman sit together and knit a section of the scarf.","A man in grey shirt applies plaster with a handheld spatula to the interior wall of a building. The main points to the corners of the room to show the line he is working. The man in applies more plaster the the wall and covers more area. The man in grey stops to discuss with his partner. The man in grey along with his partner begin to apply a coating on the wall together. The man in grey watches and gives tips to his friend. The man in grey and the friend both apply plaster together higher up on the wall and ceiling.","A man in bathing suit and his wife float down a river on intertubes. The man falls from his intertube and walks over to the waters edge. The man, now wearing life jacket, with his wife float down a river in the middle of a large group. A group from behind floats next to the man and woman as they slow down near the side of the river.","An athlete in black shirt gives instructions for a practice drill while standing on a large sporting field. The man sets up for an exercise and squats up and down for practice. The man jumps multiple times and goes further each jump. The man bends down and touches the ground while twisting. The man gives more instructions on a practice run while giving hand gestures. The man sets up on the edge of a line and jumps with one foot, then repeats. The man gives a final set of instructions while breathing heavy. A set of text is seen with information."],"descriptions":[["A man talks to the audience while seated on stage before a performance."," A man plays the keys of an accordion while opening and closing the air box."," The man sings a few verses loudly with excitement."," The man finishes the song and gathers up his notes from the podium."],["A long colorful scarf is seen running over chairs."," A woman is seen knitting the scarf in a purple dress."," Three other woman sit together and knit a section of the scarf."],["A man in grey shirt applies plaster with a handheld spatula to the interior wall of a building."," The main points to the corners of the room to show the line he is working."," The man in applies more plaster the the wall and covers more area."," The man in grey stops to discuss with his partner."," The man in grey along with his partner begin to apply a coating on the wall together."," The man in grey watches and gives tips to his friend."," The man in grey and the friend both apply plaster together higher up on the wall and ceiling."],["A man in bathing suit and his wife float down a river on intertubes."," The man falls from his intertube and walks over to the waters edge."," The man, now wearing life jacket, with his wife float down a river in the middle of a large group."," A group from behind floats next to the man and woman as they slow down near the side of the river."],["An athlete in black shirt gives instructions for a practice drill while standing on a large sporting field."," The man sets up for an exercise and squats up and down for practice."," The man jumps multiple times and goes further each jump."," The man bends down and touches the ground while twisting."," The man gives more instructions on a practice run while giving hand gestures."," The man sets up on the edge of a line and jumps with one foot, then repeats."," The man gives a final set of instructions while breathing heavy."," A set of text is seen with information."]],"rates":[1,1,1,2,4],"timestaken":[474.892,152.639,541.903,317.598,692.232],"pausetime":[3,2,3,4,3]}