{"names":["v_--0edUL8zmA.mp4","v_-JqLjPz-07E.mp4","v_-Xl95IW5H_s.mp4","v_-YjGbsbDoxs.mp4","v_0bosp4-pyTM.mp4"],"durations":[92.184,222.587,178.214,162.354,115.636],"timestamps":[[[6.91,69.14],[11.06,69.14],[16.13,69.14],[21.2,69.14],[27.19,69.14],[33.19,72.36],[41.48,72.36],[58.08,72.36],[71.9,72.36]],[[10.02,174.73],[17.81,174.73],[20.03,174.73],[24.48,174.73],[27.82,174.73],[34.5,174.73],[47.86,174.73],[60.1,174.73],[74.57,174.73],[120.2,174.73],[166.94,174.73]],[[10.69,139.9],[16.04,139.9],[22.28,139.9],[27.62,139.9],[32.97,139.9],[70.39,139.9],[81.98,139.9],[93.56,139.9],[116.73,139.9],[139.01,139.9]],[[11.36,127.45],[18.67,127.45],[37.34,127.45],[43.84,127.45],[60.88,127.45],[108.78,127.45],[123.39,155.86],[153.42,155.86]],[[0,115.64],[28.91,115.64],[41.63,115.64],[61.29,115.64],[60.71,115.64],[70.54,115.64],[76.9,115.64],[85.57,115.64],[94.24,115.64],[114.48,115.64]]],"paragraph":["Four men are playing dodge ball in an indoor court. They start running towards the red balls after the coach blows the whistle. One of the players hits the ball on his opponent. The opponent strikes back at the other player, but he manages to dodge the ball. Next, the player hits another ball directly at his opponent standing opposite him. The player hits the ball hard on his opponent's leg. They continue playing several rounds of dodge ball. The player aims directly at one of his opponents and hits him on his leg. The game ends after the coach blows the whistle.","Three men are presenting an instructional video for Slikhaar Studios. The man in the center is demonstrating a hairstyle on the person wearing the blue shirt. The man in the blue shirt sits on the chair next to the sink. The other man begins washing his hair. He scrubs in the shampoo and then washes it off. He then combs it and blow dries his hair after styling it with gel. He uses an electric clipper to groom the sideburns and the temples. He also trims the back and sides of his head with the clippers. He uses scissors to trim the hair and give it a finished look. The model uses some hair gel to style his hair after the haircut. The host of the show then explains how the hair was cut and styled and gives information about his website.","This is a tutorial on how to start a campfire. It shows the campfire burning on the ground. It starts with the things you will need to begin with. A designated place and some rocks arranged in a circle to create a pit. Some crumpled newspaper and a lighter along with a bucket of water. A man begins demonstrating how to place the newspaper and twigs on top of that. He then creates a pyramid shaped structure. He takes his lighter and lights the newspaper in several places to start the fire. The bonfire starts burning and continues to burn. He adds a few more twigs to keep the flames burning.","A lady named Linda, creator of Paint Along is demonstrating how to do an acrylic painting. She starts with a one inch flat brush and yellow and white acrylic paint. She makes X patterns across the canvas with the yellow color. She continues the same pattern on the top part of the canvas. Then she draws straight lines across the canvas with an orange color. She then takes a liner brush to do some finer detailing on the painting such as branches of a tree. She takes a flatter brush to demonstrate a dabbing technique with excess paint to show flower petals. She ends the video with the abstract painting technique.","A man is holding a pocket knife while sitting on some rocks in the wilderness. Then he takes a small stone from the flowing river and smashes it on another stone. He starts to crush the small stone to smaller pieces. He grind it hard to make the pieces smaller. Then he takes a piece of bark and rubs the powered stone pieces onto it. The stone particles stick to the wet piece of wood. He then takes the knife and sharpens it against the wood piece. He then notices a little black and green poisonous frog sitting next to him. The frog then escapes and jumps away. He explains how the frog secretes a poisonous fluid that can be extremely harmful."],"descriptions":[["Four men are playing dodge ball in an indoor court."," They start running towards the red balls after the coach blows the whistle."," One of the players hits the ball on his opponent."," The opponent strikes back at the other player, but he manages to dodge the ball."," Next, the player hits another ball directly at his opponent standing opposite him."," The player hits the ball hard on his opponent's leg."," They continue playing several rounds of dodge ball."," The player aims directly at one of his opponents and hits him on his leg."," The game ends after the coach blows the whistle."],["Three men are presenting an instructional video for Slikhaar Studios."," The man in the center is demonstrating a hairstyle on the person wearing the blue shirt."," The man in the blue shirt sits on the chair next to the sink."," The other man begins washing his hair."," He scrubs in the shampoo and then washes it off."," He then combs it and blow dries his hair after styling it with gel."," He uses an electric clipper to groom the sideburns and the temples."," He also trims the back and sides of his head with the clippers."," He uses scissors to trim the hair and give it a finished look."," The model uses some hair gel to style his hair after the haircut."," The host of the show then explains how the hair was cut and styled and gives information about his website."],["This is a tutorial on how to start a campfire."," It shows the campfire burning on the ground."," It starts with the things you will need to begin with."," A designated place and some rocks arranged in a circle to create a pit."," Some crumpled newspaper and a lighter along with a bucket of water."," A man begins demonstrating how to place the newspaper and twigs on top of that."," He then creates a pyramid shaped structure."," He takes his lighter and lights the newspaper in several places to start the fire."," The bonfire starts burning and continues to burn."," He adds a few more twigs to keep the flames burning."],["A lady named Linda, creator of Paint Along is demonstrating how to do an acrylic painting."," She starts with a one inch flat brush and yellow and white acrylic paint."," She makes X patterns across the canvas with the yellow color."," She continues the same pattern on the top part of the canvas."," Then she draws straight lines across the canvas with an orange color."," She then takes a liner brush to do some finer detailing on the painting such as branches of a tree."," She takes a flatter brush to demonstrate a dabbing technique with excess paint to show flower petals."," She ends the video with the abstract painting technique."],["A man is holding a pocket knife while sitting on some rocks in the wilderness."," Then he takes a small stone from the flowing river and smashes it on another stone."," He starts to crush the small stone to smaller pieces."," He grind it hard to make the pieces smaller."," Then he takes a piece of bark and rubs the powered stone pieces onto it."," The stone particles stick to the wet piece of wood."," He then takes the knife and sharpens it against the wood piece."," He then notices a little black and green poisonous frog sitting next to him."," The frog then escapes and jumps away."," He explains how the frog secretes a poisonous fluid that can be extremely harmful."]],"rates":[1,1,1,1,1],"timestaken":[568.433,924.243,1110.377,556.165,940.981],"pausetime":[8,13,10,10,21]}