{"names":["v_pULb9WvZwU4.mp4","v_PVAHm5MjHdw.mp4","v_QdmUojrWdmE.mp4","v_QJm_B5Hx4DI.mp4","v_QLACTCzs0R0.mp4"],"durations":[118.213,172.873,228.647,200.83,47.183],"timestamps":[[[0,10.05],[8.27,39.01],[35.46,54.38],[54.38,79.2],[78.02,118.21],[109.94,118.21]],[[0,172.87],[5.19,155.59],[25.93,50.13],[44.95,122.74],[123.6,165.09],[168.55,172.87]],[[0,212.64],[13.72,22.86],[21.72,24.01],[52.59,56.02],[117.75,126.9],[129.19,185.2],[129.19,201.21],[129.19,197.78],[204.64,214.93],[214.93,228.65]],[[0,200.83],[0,34.14],[33.14,46.19],[46.19,84.35],[84.35,108.45],[108.45,148.61],[148.61,157.65],[157.65,167.69],[166.69,200.83]],[[0,47.18],[0,4.48],[4.01,6.61],[6.13,19.58],[19.35,38.69],[38.22,47.18]]],"paragraph":["Multiple men are loaded onto a crane boom bucket. When three men are safely aboard, the crane begins to lift them up in the air slowly. Once they reach the top of the crane, the view switches and they can be seen looking over the landscape. The man that is preparing to bungee jump is at the edge of the boom looking around nervously. One at a time the men jump out of the boom and hang above a small body of water. There certificate of accomplishment ends the video.","A group of baton twirlers are practices their routine for an upcoming competition. The news announcer is commenting on the events. The coach is then interviewed stating what the girls are working on. Multiple twirlers are interviewed for their point of view on why they are working so hard. The coach states what she loves about the process and what is most important. The commentator announces where the competition will be help and states her name.","Music plays as surfers ride the waves. A few men are shown preparing to surf, prepping their board and getting dressed. A helicopter rides over the shoreline where the surfers are riding. A couple laughs together on the beach in a tent awaiting more surfing. A man is then shown prepping his board with surf wax. The crowd watches others riding waves. The crowd cheers multiples surfing runs on. Kelly Slater is featured on a successful run, followed by more clips riding the waves. Kelly Slater is paused mid wave to wrap up the story line. Music and producer credits are then shown.","An employee of the beach patrol is talking about how to have a safe day at the beach. Sunscreen is addressed and he overviews how and why to apply sunscreen properly. Sunscreen SPF value is addressed with a slide on how to pay attention to the proper SPF. He addresses the negative impacts of sunburns, especially with children. He then talks about different types of specialty sunscreen to ensure you are safely covered. Children sunscreen safety is then talked about and how to properly protect your kids. He then discusses what to do when a sunburn does occur, how to handle it to take care of your skin. A slide is shown to make us aware of when a sunburn is bad and needs medical attention. He then takes another overview of how to use sunscreen to make your day enjoyable.","A large group of Navy soldiers are shown on a dock playing a game of tug of war. On one side of the rope is a team pulling as hard as they can while being cheered on. Another Navy soldier is shown taking pictures of the game. The other side of the rope is shown. One team is pulled over a red line on the ground, ending the game. The men stand up to relax."],"descriptions":[["Multiple men are loaded onto a crane boom bucket."," When three men are safely aboard, the crane begins to lift them up in the air slowly."," Once they reach the top of the crane, the view switches and they can be seen looking over the landscape."," The man that is preparing to bungee jump is at the edge of the boom looking around nervously."," One at a time the men jump out of the boom and hang above a small body of water."," There certificate of accomplishment ends the video."],["A group of baton twirlers are practices their routine for an upcoming competition."," The news announcer is commenting on the events."," The coach is then interviewed stating what the girls are working on."," Multiple twirlers are interviewed for their point of view on why they are working so hard."," The coach states what she loves about the process and what is most important."," The commentator announces where the competition will be help and states her name."],["Music plays as surfers ride the waves."," A few men are shown preparing to surf, prepping their board and getting dressed."," A helicopter rides over the shoreline where the surfers are riding."," A couple laughs together on the beach in a tent awaiting more surfing."," A man is then shown prepping his board with surf wax."," The crowd watches others riding waves."," The crowd cheers multiples surfing runs on."," Kelly Slater is featured on a successful run, followed by more clips riding the waves."," Kelly Slater is paused mid wave to wrap up the story line."," Music and producer credits are then shown."],["An employee of the beach patrol is talking about how to have a safe day at the beach."," Sunscreen is addressed and he overviews how and why to apply sunscreen properly."," Sunscreen SPF value is addressed with a slide on how to pay attention to the proper SPF."," He addresses the negative impacts of sunburns, especially with children."," He then talks about different types of specialty sunscreen to ensure you are safely covered."," Children sunscreen safety is then talked about and how to properly protect your kids."," He then discusses what to do when a sunburn does occur, how to handle it to take care of your skin."," A slide is shown to make us aware of when a sunburn is bad and needs medical attention."," He then takes another overview of how to use sunscreen to make your day enjoyable."],["A large group of Navy soldiers are shown on a dock playing a game of tug of war."," On one side of the rope is a team pulling as hard as they can while being cheered on."," Another Navy soldier is shown taking pictures of the game."," The other side of the rope is shown."," One team is pulled over a red line on the ground, ending the game."," The men stand up to relax."]],"rates":[1,1,2,1,1],"timestaken":[797.63,814.074,911.298,895.693,896.9159999999999],"pausetime":[5,8,15,8,8]}