{"names":["v_RLdlDewtKbE.mp4","v_RNqJj9tt3F0.mp4","v_rScqKu8Mwhk.mp4","v_SBJWn8AjK-4.mp4","v_sgwg1C3i-Vw.mp4"],"durations":[100.938,214.762,55.264,60.303,118.329],"timestamps":[[[0,1.51],[1.51,76.71],[26.24,27.76],[77.22,98.92],[97.41,100.94]],[[0,2.15],[2.15,16.11],[16.11,35.44],[35.44,214.76]],[[0,4.42],[4.42,49.18],[49.18,55.26]],[[0,9.65],[9.65,52.16],[52.16,60.3]],[[0,11.24],[11.24,33.13],[33.13,37.27],[33.13,77.51],[37.87,115.96],[115.37,118.33]]],"paragraph":["An intro is shown for a cricket game. Several players begin to play a cricket game on a field. A man stumbles over one of the cricket posts. The players shake hands as the game ends. The results of the game a then shown on the screen.","Several NHL players are playing a hockey game in a hockey stadium. One of the player is shown expressing his anger at the game. A news caster comes onto the screen to announce a a segment about hockey meltdowns. The top ten hockey melt downs are then shown.","An introduction for a vacuum demo is shown on the screen. The video shows the vacuum being tested against several different challenges by a boy and his father. The video ends with a screen showing the logo for the vacuum company.","Five boys are shown walking in a playground. The boys get onto the swings and begin to show how to do tricks. For the finale, all five guys get onto the swings and perform a back flip.","An introduction for a canoe sporting brand appears on the screen. Several people are shown preparing to get their canoes into the water on a snowy day. Several other people get off of a bus and head toward the water. People are then shown doing several canoe an skiing training exercises. Then, in the water, people are shown canoeing and having fun. The video ends with the canoesport website displayed."],"descriptions":[["An intro is shown for a cricket game."," Several players begin to play a cricket game on a field."," A man stumbles over one of the cricket posts."," The players shake hands as the game ends."," The results of the game a then shown on the screen."],["Several NHL players are playing a hockey game in a hockey stadium."," One of the player is shown expressing his anger at the game."," A news caster comes onto the screen to announce a a segment about hockey meltdowns."," The top ten hockey melt downs are then shown."],["An introduction for a vacuum demo is shown on the screen."," The video shows the vacuum being tested against several different challenges by a boy and his father."," The video ends with a screen showing the logo for the vacuum company."],["Five boys are shown walking in a playground."," The boys get onto the swings and begin to show how to do tricks."," For the finale, all five guys get onto the swings and perform a back flip."],["An introduction for a canoe sporting brand appears on the screen."," Several people are shown preparing to get their canoes into the water on a snowy day."," Several other people get off of a bus and head toward the water."," People are then shown doing several canoe an skiing training exercises."," Then, in the water, people are shown canoeing and having fun."," The video ends with the canoesport website displayed."]],"rates":[2,1,2,1,4],"timestaken":[399.394,431.614,220.375,200.424,458.685],"pausetime":[9,19,4,5,9]}