{"names":["v_TlDkQ8SNG64.mp4","v_ucR3VztMyeE.mp4","v_UIrn2ziRgEM.mp4","v_uqzy1FAUpPM.mp4","v_USaP2UCPBEc.mp4"],"durations":[25.843809,30.58068,170.805986,56.610249,146.169614],"timestamps":[[[0,4.01],[4.01,25.84],[20.03,25.84]],[[0,1.38],[1.38,26.61],[9.33,18.65],[22.02,30.58],[26.61,30.58]],[[0,2.56],[2.56,6.83],[7.69,10.25],[10.25,19.64],[19.64,21.35],[21.35,170.81]],[[0,6.23],[6.51,10.47],[10.47,14.72],[14.72,20.1],[20.1,34.25],[34.25,39.34],[39.34,56.61]],[[0,5.85],[5.85,10.96],[10.96,16.08],[16.08,49.7],[48.97,62.12],[62.12,68.7],[68.7,86.24],[86.24,108.9],[109.63,111.82],[111.82,146.17]]],"paragraph":["A boy sits a top a camel. The camel begins to move with the help of a handler. People appear in the background.","A girl starts to climb the monkey bars. She starts climbing forward to the end. She has difficulties in the middle of the bars. A woman appears looking to help. She finishes the climb very happy.","a woman lights a cigarette in front of the camera. She takes a big pull off the cigarette. She blows smoke at the camera and smiles. She takes another pull of the cigarette and blows smoke out. She plays with her hair. Then she continues to smoke the cigarette while looking around.","A man gets ready to to preform an event. He begins to start running fast. He is running down the lane and the he jumps 3 times into the sand. He runs out of the pit happily. He continues to walk around cheering as it cuts to the crowd and announcers. He blows a kiss to the crowd. He goes and starts hugging fans.","Text appears on the screen with a link. People in uniform march down the street. It cuts to the crowd looking on. A marchign band begins to walk down the street. Another set of uniformed people walk down the street. They stop and wave to the crowd. It goes back to the marching band. A horse and carriage walk down the street followed by the people in uniform. Two woman wave flags around. The rest of the people continue to march down the street."],"descriptions":[["A boy sits a top a camel."," The camel begins to move with the help of a handler."," People appear in the background."],["A girl starts to climb the monkey bars."," She starts climbing forward to the end."," She has difficulties in the middle of the bars."," A woman appears looking to help."," She finishes the climb very happy."],["a woman lights a cigarette in front of the camera."," She takes a big pull off the cigarette."," She blows smoke at the camera and smiles."," She takes another pull of the cigarette and blows smoke out."," She plays with her hair."," Then she continues to smoke the cigarette while looking around."],["A man gets ready to to preform an event."," He begins to start running fast."," He is running down the lane and the he jumps 3 times into the sand."," He runs out of the pit happily."," He continues to walk around cheering as it cuts to the crowd and announcers."," He blows a kiss to the crowd."," He goes and starts hugging fans."],["Text appears on the screen with a link."," People in uniform march down the street."," It cuts to the crowd looking on."," A marchign band begins to walk down the street."," Another set of uniformed people walk down the street."," They stop and wave to the crowd."," It goes back to the marching band."," A horse and carriage walk down the street followed by the people in uniform."," Two woman wave flags around."," The rest of the people continue to march down the street."]],"rates":[1,1,4,1,2],"timestaken":[73.432,196.131,332.923,274.885,384.708],"pausetime":[1,1,3,2,1]}