{"names":["v_UusDcf16TVQ.mp4","v_v05j8FVewPc.mp4","v_V4tqzi5uw9Y.mp4","v_v7o9uSu9AVI.mp4","v_VbhCWRXsEHQ.mp4"],"durations":[116.658,147.61,17.253,202.78,184.251],"timestamps":[[[0,111.99],[37.91,39.08]],[[0,13.28],[18.45,40.59],[47.24,144.66]],[[0,2.5],[3.19,17.25]],[[0,14.19],[15.21,20.28],[20.28,27.38],[27.38,34.47],[34.47,41.57],[42.58,50.7],[51.71,60.83],[59.82,65.9],[65.9,76.04],[76.04,86.18],[87.2,96.32],[97.33,106.46],[107.47,117.61],[118.63,127.75],[128.77,137.89],[138.9,143.97],[144.99,154.11],[155.13,166.28],[167.29,174.39],[175.4,183.52]],[[43.3,48.83],[53.43,58.04],[58.96,88.44],[79.23,88.44],[95.81,126.21],[127.13,139.11],[140.03,149.24],[150.16,163.98],[163.98,166.75]]],"paragraph":["A person wearing a mask plays the accordion. A woman waves to the person with the camera.","A woman is talking and is excited. She pulls out a pink sweater to iron. She irons the pink sweater.","A man touches his faces and waves. The man walks a mower across very tall growing grass.","A strong man is lifting his legs up and down across parallel bars. He begins to do shrugs on the bars. He starts to walk his body across with his hands. He circles around on the edge of the bars with his arms. He swings his legs and leaps with his arms across the parallel bars. A man does dips on the parallel bars. Another man does dips down to his elbows on the parallel bars. He then starts to do dips down to his armpits on the parallel bars called Russian Dips, while keeping his legs in the air. A man does dips with his body in front of the bar and legs swoops underneath the bar. He then does pushups on the parallel bars, by going down, pushing forward, then up. He begins to do pushups, with his knees tucked, with the parallel bars. A different man does leg dips, swings his legs up and around each parallel bar and pushes forward across the parallel bars. When he reaches the end, he tucks in his knees and lifts his body up and perpendicular to the bars.He then does knee and leg raises. A different man keeps his legs straight out and moves them across each bar. A different man brings his legs straight up into a V-shape on the bars. He then rests his elbows on the bars and swings his body perpendicular to the bars then parallel to the bars. He begins to do shoulder stands on the bars. He switches to doing a head stand and holds. A different man starts to swing his body from under the bars and presses himself up and over the bars.","Parchment paper is placed on the baking sheet. Softened butter is placed in a mixing bowl. The mixer then begins to cream the butter. Sugar is added to the mixing bowl to be beaten in. Flour is measured, and combined with cornstarch which is measured then mixed into the bowl. Dough is measured out by spoonful, rolled up and placed on baking sheet. The dough is flattened and baked into cookies. The cookies are then placed on a baking sheet, then rack to cool with a spatula. The cookies are cooled to be enjoyed."],"descriptions":[["A person wearing a mask plays the accordion."," A woman waves to the person with the camera."],["A woman is talking and is excited."," She pulls out a pink sweater to iron."," She irons the pink sweater."],["A man touches his faces and waves."," The man walks a mower across very tall growing grass."],["A strong man is lifting his legs up and down across parallel bars."," He begins to do shrugs on the bars."," He starts to walk his body across with his hands."," He circles around on the edge of the bars with his arms."," He swings his legs and leaps with his arms across the parallel bars."," A man does dips on the parallel bars."," Another man does dips down to his elbows on the parallel bars."," He then starts to do dips down to his armpits on the parallel bars called Russian Dips, while keeping his legs in the air."," A man does dips with his body in front of the bar and legs swoops underneath the bar."," He then does pushups on the parallel bars, by going down, pushing forward, then up."," He begins to do pushups, with his knees tucked, with the parallel bars."," A different man does leg dips, swings his legs up and around each parallel bar and pushes forward across the parallel bars."," When he reaches the end, he tucks in his knees and lifts his body up and perpendicular to the bars.","He then does knee and leg raises."," A different man keeps his legs straight out and moves them across each bar."," A different man brings his legs straight up into a V-shape on the bars."," He then rests his elbows on the bars and swings his body perpendicular to the bars then parallel to the bars."," He begins to do shoulder stands on the bars."," He switches to doing a head stand and holds."," A different man starts to swing his body from under the bars and presses himself up and over the bars."],["Parchment paper is placed on the baking sheet."," Softened butter is placed in a mixing bowl."," The mixer then begins to cream the butter."," Sugar is added to the mixing bowl to be beaten in."," Flour is measured, and combined with cornstarch which is measured then mixed into the bowl."," Dough is measured out by spoonful, rolled up and placed on baking sheet."," The dough is flattened and baked into cookies."," The cookies are then placed on a baking sheet, then rack to cool with a spatula."," The cookies are cooled to be enjoyed."]],"rates":[2,1,1,2,1],"timestaken":[290.024,230.036,115.523,1621.047,834.986],"pausetime":[9,30,6,27,8]}