{"names":["v_vbLxVuLLPek.mp4","v_VeU_EBE-YPE.mp4","v_VNROQWtYhlw.mp4","v_vNzTWjEFr-Y.mp4","v_Vq0-j_C-kZc.mp4"],"durations":[60.186122,144.404897,212.346485,69.520544,166.556734],"timestamps":[[[18.06,55.97],[35.51,55.97],[52.96,55.97]],[[32.49,134.3],[72.92,134.3],[119.13,134.3]],[[28.67,197.48],[86,197.48],[116.79,197.48],[142.27,197.48],[184.74,197.48]],[[7.3,64.65],[17.73,64.65],[42.76,64.65],[60.48,64.65]],[[18.32,154.9],[44.14,154.9],[100.77,154.9],[142.41,154.9]]],"paragraph":["There two men dressed Scottish kilts and attire standing in the courtyard. One of the men is playing the bagpipes and the other is playing the drums. A woman tourist walks past them as they continue to play.","There are several Seagull brand acoustic guitars are shown displayed in a store. A man dressed in black, seated on a stool is playing the acoustic guitar in the store where the guitars are displayed. The man continues playing the guitar.","There's a woman dressed in a sparkly golden dress is eating a Magnum chocolate truffle ice cream bar. She talks about her favorite flavor being chocolate. She takes a bite off the ice cream bar as she savors the rich flavor. She answers questions about needing to have down time as an actor and enjoying her favorite ice cream bar. The video ends with a decadent chocolate ice cream bar being drizzled with rich chocolate.","The video shows a person's hand holding up an acoustic guitar. The Yamaha case of the guitar is also shown. A young man is seen playing his acoustic guitar. He is strumming his guitar to a tune.","A person is video taping a bull fighting event from his television set. The bull fighting scene is in a large open arena which is filled with thousands of spectators who are cheering. The two raging bulls are butting heads constantly while the matadors are trying to contain the bulls within a specified zone. The crowd continues to cheer as the event goes on."],"descriptions":[["There two men dressed Scottish kilts and attire standing in the courtyard."," One of the men is playing the bagpipes and the other is playing the drums."," A woman tourist walks past them as they continue to play."],["There are several Seagull brand acoustic guitars are shown displayed in a store."," A man dressed in black, seated on a stool is playing the acoustic guitar in the store where the guitars are displayed."," The man continues playing the guitar."],["There's a woman dressed in a sparkly golden dress is eating a Magnum chocolate truffle ice cream bar."," She talks about her favorite flavor being chocolate."," She takes a bite off the ice cream bar as she savors the rich flavor."," She answers questions about needing to have down time as an actor and enjoying her favorite ice cream bar."," The video ends with a decadent chocolate ice cream bar being drizzled with rich chocolate."],["The video shows a person's hand holding up an acoustic guitar."," The Yamaha case of the guitar is also shown."," A young man is seen playing his acoustic guitar."," He is strumming his guitar to a tune."],["A person is video taping a bull fighting event from his television set."," The bull fighting scene is in a large open arena which is filled with thousands of spectators who are cheering."," The two raging bulls are butting heads constantly while the matadors are trying to contain the bulls within a specified zone."," The crowd continues to cheer as the event goes on."]],"rates":[1,1,1,1,1],"timestaken":[1485537844.076,279.466,335.355,422.053,381.574],"pausetime":[1,1,2,5,1]}