{"names":["v_VuEy38XdUgA.mp4","v_w8rTULZCkzk.mp4","v_w_X7cLnFCYw.mp4","v_We0DJIKCBOw.mp4","v_WmPkqkqAxyc.mp4"],"durations":[99.126,185.203,104.955,24.962,39.358],"timestamps":[[[0,99.13],[0,11.4],[11.4,25.28],[25.28,99.13]],[[0,3.7],[3.7,22.22],[22.22,61.12],[61.12,156.5],[156.5,185.2]],[[0,5.77],[5.77,16.27],[16.27,88.69],[88.69,104.96]],[[0,6.24],[6.24,15.73],[15.6,17.6],[17.72,22.09],[22.09,24.96]],[[0,39.36]]],"paragraph":["The video starts with several people playing shuffleboard on a shuffleboard court. One person makes a shot with a black puck. The next person makes a shot with a yellow puck. The people continue to alternate shots between a yellow and a black puck.","An introduction is shown for a video about how to clean running spikes. A guy explains that he will clean the spikes while showing the dirt on the spikes. He begins by brushing mud off the spikes into a sink. He puts a small amount of water into the sink and continues scrubbing. He takes them out of the sink and puts some newspaper inside the shows to help them dry.","An introduction comes onto the screen about a video showing how to triple jump. A guy is shown running down a track making a jump. The jump is shown again in slow motion for better understanding. The guy is then shown exiting the track.","A woman is shown preparing to lift a barbell into the air. She lifts it into the air and above her head. She drops the barbell to the ground. She bows for the crowd and blows them a kiss. She then walks off stage.","A man is shown clearing out a patch of grass with a machete."],"descriptions":[["The video starts with several people playing shuffleboard on a shuffleboard court."," One person makes a shot with a black puck."," The next person makes a shot with a yellow puck."," The people continue to alternate shots between a yellow and a black puck."],["An introduction is shown for a video about how to clean running spikes."," A guy explains that he will clean the spikes while showing the dirt on the spikes."," He begins by brushing mud off the spikes into a sink."," He puts a small amount of water into the sink and continues scrubbing."," He takes them out of the sink and puts some newspaper inside the shows to help them dry."],["An introduction comes onto the screen about a video showing how to triple jump."," A guy is shown running down a track making a jump."," The jump is shown again in slow motion for better understanding."," The guy is then shown exiting the track."],["A woman is shown preparing to lift a barbell into the air."," She lifts it into the air and above her head."," She drops the barbell to the ground."," She bows for the crowd and blows them a kiss."," She then walks off stage."],["A man is shown clearing out a patch of grass with a machete."]],"rates":[4,4,4,1,1],"timestaken":[217.23,319.442,225.756,237.19,65.037],"pausetime":[2,7,4,1,1]}