{"names":["v_wohWWAB47KM.mp4","v_wsmMniNThlI.mp4","v_xE5KichXWrA.mp4","v_xfNYfCAlkM4.mp4","v_xfVx1-emCV8.mp4"],"durations":[222.215,140.899,110.806,38.615,90.558],"timestamps":[[[0,222.22],[32.22,37.78],[203.33,222.22]],[[0,140.9],[33.11,52.84],[54.25,140.9]],[[0,9.97],[9.97,34.9],[34.9,51.52],[51.52,67.04],[67.04,86.43],[86.43,104.16],[104.16,110.81]],[[0,14.29],[14.09,18.73],[18.92,27.61],[27.8,38.62]],[[0,5.89],[5.89,11.77],[11.77,20.83],[20.83,46.64],[46.64,51.62],[51.62,71.99],[71.99,90.56]]],"paragraph":["A man is water skiing behind a boat on a lake. Some people show up on the screen who are watching and recording. The water skier tries to do a flip and ends up crashing into the water.","Two people are horseback riding on a snowy trail. As they are riding they pass a set of glass igloos planted on the estate. They reach a clearing where there is open land and several trees.","An intro shows on the screen introducing a winter throwing video. A man does spins around in a circle and completes the throw celebrating his distance. He prepares for another throw by getting himself into position. He completes the throw and prepares for another. He completes the next throw and prepares for the next. He completes the last throw and again celebrates a good distance. The video ends with text displayed on the screen.","A boy shows up on the screen and gets a cup of water and gargles it. He smiles and walks off the screen for a moment. He returns and continues gragling and laughing. A man comes onto the screen and invites people to subscribe to his videos.","The video starts with a curling game being shown from overhead. The camera then shows a lady skating across the ice. Then the camera focuses back onto the curling game showing a lady about to shoot. They return to the overhead angle of the game while the lady prepares to shoot. Other players are shown watching in anticipation. The player makes the shot and the camera follows along. The crowd cheers and a replay of the shot is shown."],"descriptions":[["A man is water skiing behind a boat on a lake."," Some people show up on the screen who are watching and recording."," The water skier tries to do a flip and ends up crashing into the water."],["Two people are horseback riding on a snowy trail."," As they are riding they pass a set of glass igloos planted on the estate."," They reach a clearing where there is open land and several trees."],["An intro shows on the screen introducing a winter throwing video."," A man does spins around in a circle and completes the throw celebrating his distance."," He prepares for another throw by getting himself into position."," He completes the throw and prepares for another."," He completes the next throw and prepares for the next."," He completes the last throw and again celebrates a good distance."," The video ends with text displayed on the screen."],["A boy shows up on the screen and gets a cup of water and gargles it."," He smiles and walks off the screen for a moment."," He returns and continues gragling and laughing."," A man comes onto the screen and invites people to subscribe to his videos."],["The video starts with a curling game being shown from overhead."," The camera then shows a lady skating across the ice."," Then the camera focuses back onto the curling game showing a lady about to shoot."," They return to the overhead angle of the game while the lady prepares to shoot."," Other players are shown watching in anticipation."," The player makes the shot and the camera follows along."," The crowd cheers and a replay of the shot is shown."]],"rates":[4,4,1,1,4],"timestaken":[255.41,347.061,435.414,219.693,347.208],"pausetime":[1,6,4,5,8]}