{"names":["v_xH7qxBIz-tU.mp4","v_XHQLkc06XIc.mp4","v_xootaiXcXZw.mp4","v_xr0tV2KNqgI.mp4","v_XxyTLG8B-Ns.mp4"],"durations":[190.66,189.429,171.898,98.291,144.173],"timestamps":[[[0,1.91],[1.91,180.17],[87.7,92.47],[110.58,119.16],[180.17,190.66]],[[0,14.21],[14.21,141.12],[85.24,142.07],[139.23,189.43]],[[0,85.95],[43.83,57.59],[79.93,85.95],[85.95,88.53],[88.53,171.9]],[[0,98.29],[16.22,28.01],[20.64,22.61],[33.42,98.29],[88.95,98.29]],[[0,8.65],[8.65,144.17],[76.41,144.17],[131.2,144.17]]],"paragraph":["A man in a suit shows up on the screen. The man begins to fight with another man. The man in the suit resets his stance. After fighting more the man in the suit resets his stance again. After the fighting continues another man shows up in the room and escorts the man in the suit out.","A little girl does an introduction for a video of herself playing the violin. She begins to play the violin in a joyful and professional manner. She begins to pick up the speed of the song. When she is done playing she explains that the piece she just played.","Two men are doing Capoeira surrounded by a circle of people. The men take a break and being to perform for the people again. They shake hands and leave the circle allowing two other men to enter the circle. A man in blue and a man in grey greet each other in the middle of the circle. The other two men begin to perform Capoeira for the crowd.","A crowd of people watch as two bulls fight each other in a competition. The camera pans over to show many people in the crowd watching the show. A man walks by the camera. Several people are getting close to the bull trying to catch the action. The bulls begin to chase each other around the field.","A man is talking to the camera as he gets ready to ride the bumper cars. The man rides around in the bumper car bumping in to the other people while the camera watches. The camera zooms in on the people for a closer look. The ride ends and the people get out of the bumper cars."],"descriptions":[["A man in a suit shows up on the screen."," The man begins to fight with another man."," The man in the suit resets his stance."," After fighting more the man in the suit resets his stance again."," After the fighting continues another man shows up in the room and escorts the man in the suit out."],["A little girl does an introduction for a video of herself playing the violin."," She begins to play the violin in a joyful and professional manner."," She begins to pick up the speed of the song."," When she is done playing she explains that the piece she just played."],["Two men are doing Capoeira surrounded by a circle of people."," The men take a break and being to perform for the people again."," They shake hands and leave the circle allowing two other men to enter the circle."," A man in blue and a man in grey greet each other in the middle of the circle."," The other two men begin to perform Capoeira for the crowd."],["A crowd of people watch as two bulls fight each other in a competition."," The camera pans over to show many people in the crowd watching the show."," A man walks by the camera."," Several people are getting close to the bull trying to catch the action."," The bulls begin to chase each other around the field."],["A man is talking to the camera as he gets ready to ride the bumper cars."," The man rides around in the bumper car bumping in to the other people while the camera watches."," The camera zooms in on the people for a closer look."," The ride ends and the people get out of the bumper cars."]],"rates":[1,2,1,2,4],"timestaken":[530.696,290.399,650.009,404.409,456.269],"pausetime":[12,6,16,8,7]}