{"names":["v_Y53B2WdEbAg.mp4","v_yeQDfh6K6Sc.mp4","v_YJTz7mpI-mY.mp4","v_YmhbwAv0Xbc.mp4","v_z6GHmDSskgY.mp4"],"durations":[12.702,41.402,47.509,125.551,189.731],"timestamps":[[[0,12.64],[1.78,5.08],[6.61,12.7]],[[0,2.28],[2.9,41.4],[13.25,17.6],[24.43,27.12],[38.71,40.37],[39.75,41.4]],[[3.09,8.08],[5.7,5.94],[11.88,13.3],[14.49,46.32],[37.06,42.05]],[[3.77,15.69],[15.69,33.27],[28.88,42.06],[65.29,72.82],[38.92,82.86],[69.68,81.61],[107.97,111.11]],[[0,189.73],[172.66,178.35],[178.35,181.19],[181.19,184.04]]],"paragraph":["Several women are kneeling on the ground and working on preparing a soup. One of the women picks out some of the food from the grater. A woman slices some of the white vegetable into a yellow bowl.","A man turns on a camera. A man in a black shirt is squatting on a couch and smoking hookah. The man attempts to blow smoke rings. The man blows smoke directly at the camera. The man again proceeds to blow smoke directly at the camera. The man reaches to turn the camera off.","A man places shaving cream on his face. A man spits some liquid out of his mouth. A man sharpens his razor blade. The man shaves his face with the razor. The man puts more shaving cream on his face.","The boy in the red hat and the blue coat is being pulled in a red tube by a rope over some icy roads. A man in a black hat has his turn with the tube. A man in a grey hat hits a snow embankment with the tube. A man goes up a snow hill in the tube. More people begin sliding but this time it is with a small sled, not a tube. A man lets go of the rope and hits an embankment of snow. A group of friends sit on a couch together.","Multiple people are in an exercise class in a room with lot of mirrors at a gym, and they are dancing as well as spinning around and stepping up onto a platform. A woman walks by the exercise room holding weights. A woman places the weights down on the rack. A woman walks by without holding any weights."],"descriptions":[["Several women are kneeling on the ground and working on preparing a soup."," One of the women picks out some of the food from the grater."," A woman slices some of the white vegetable into a yellow bowl."],["A man turns on a camera."," A man in a black shirt is squatting on a couch and smoking hookah."," The man attempts to blow smoke rings."," The man blows smoke directly at the camera."," The man again proceeds to blow smoke directly at the camera."," The man reaches to turn the camera off."],["A man places shaving cream on his face."," A man spits some liquid out of his mouth."," A man sharpens his razor blade."," The man shaves his face with the razor."," The man puts more shaving cream on his face."],["The boy in the red hat and the blue coat is being pulled in a red tube by a rope over some icy roads."," A man in a black hat has his turn with the tube."," A man in a grey hat hits a snow embankment with the tube."," A man goes up a snow hill in the tube."," More people begin sliding but this time it is with a small sled, not a tube."," A man lets go of the rope and hits an embankment of snow."," A group of friends sit on a couch together."],["Multiple people are in an exercise class in a room with lot of mirrors at a gym, and they are dancing as well as spinning around and stepping up onto a platform."," A woman walks by the exercise room holding weights."," A woman places the weights down on the rack."," A woman walks by without holding any weights."]],"rates":[1,1,1,1,1],"timestaken":[189.246,260.637,265.298,419.714,301.872],"pausetime":[5,6,3,8,1]}